mesh_term;aop_level
Calcimycin;Unassigned
Temefos;Unassigned
Abdomen;Unassigned
Abdomen, Acute;Unassigned
Abdominal Injuries;Unassigned
Abdominal Neoplasms;Unassigned
Abdominal Muscles;Unassigned
Abducens Nerve;Unassigned
Abetalipoproteinemia;Unassigned
Congenital Abnormalities;Unassigned
Abnormalities, Drug-Induced;Unassigned
Abnormalities, Multiple;Unassigned
Abnormalities, Radiation-Induced;Unassigned
ABO Blood-Group System;Unassigned
Abomasum;Unassigned
Abortifacient Agents;Unassigned
Abortifacient Agents, Nonsteroidal;Unassigned
Abortifacient Agents, Steroidal;Unassigned
Abortion, Spontaneous;Unassigned
Abortion, Habitual;Unassigned
Abortion, Incomplete;Unassigned
Abortion, Missed;Unassigned
Abortion, Septic;Unassigned
Abortion, Threatened;Unassigned
Abortion, Veterinary;Unassigned
Abrin;Unassigned
Abruptio Placentae;Unassigned
Abscess;Unassigned
Peritonsillar Abscess;Unassigned
Abscisic Acid;Unassigned
Absorption;Unassigned
Acanthocytes;Unassigned
Acantholysis;Unassigned
Acanthosis Nigricans;Unassigned
Acceleration;Unassigned
Accessory Nerve;Unassigned
Acclimatization;Unassigned
Accommodation, Ocular;Unassigned
Acebutolol;Unassigned
Acedapsone;Unassigned
Acenaphthenes;Unassigned
Acenocoumarol;Unassigned
Acepromazine;Unassigned
Acetabulum;Unassigned
Acetaldehyde;Unassigned
Acetals;Unassigned
Acetamides;Unassigned
Acetaminophen;Unassigned
Acetanilides;Unassigned
Acetate Kinase;Unassigned
Acetates;Unassigned
Acetazolamide;Unassigned
Acetic Anhydrides;Unassigned
Acetoacetates;Unassigned
Acetohexamide;Unassigned
Acetoin;Unassigned
Acetoin Dehydrogenase;Unassigned
Acetolactate Synthase;Unassigned
Acetone;Unassigned
Acetonitriles;Unassigned
Acetophenones;Unassigned
Acetoxyacetylaminofluorene;Unassigned
Acetrizoic Acid;Unassigned
Acetyl-CoA C-Acetyltransferase;Unassigned
Acetyl-CoA C-Acyltransferase;Unassigned
Acetyl-CoA Carboxylase;Unassigned
Acetyl-CoA Hydrolase;Unassigned
Acetyl Coenzyme A;Unassigned
Acetate-CoA Ligase;Unassigned
Acetylation;Unassigned
Acetylcarnitine;Unassigned
Acetylcholine;Unassigned
Acetylcholinesterase;Unassigned
Acetylcysteine;Unassigned
Acetyldigitoxins;Unassigned
Acetyldigoxins;Unassigned
Acetylene;Unassigned
Acetylesterase;Unassigned
Acetylgalactosamine;Unassigned
Acetylglucosamine;Unassigned
Acetylglucosaminidase;Unassigned
Acetylmuramyl-Alanyl-Isoglutamine;Unassigned
Acecainide;Unassigned
Acetylserotonin O-Methyltransferase;Unassigned
Acetylthiocholine;Unassigned
Acetyltransferases;Unassigned
Achilles Tendon;Unassigned
Achlorhydria;Unassigned
Achondroplasia;Unassigned
Acid Phosphatase;Unassigned
Acid-Base Equilibrium;Unassigned
Acid-Base Imbalance;Unassigned
Acidosis;Unassigned
Acidosis, Lactic;Unassigned
Acidosis, Renal Tubular;Unassigned
Acidosis, Respiratory;Unassigned
Acids;Unassigned
Acids, Acyclic;Unassigned
Acids, Aldehydic;Unassigned
Acids, Carbocyclic;Unassigned
Acids, Heterocyclic;Unassigned
Acids, Noncarboxylic;Unassigned
Acidulated Phosphate Fluoride;Unassigned
Acinetobacter Infections;Unassigned
Acne Vulgaris;Unassigned
Acne Keloid;Unassigned
Aconitate Hydratase;Unassigned
Aconitic Acid;Unassigned
Aconitine;Unassigned
Vestibulocochlear Nerve;Unassigned
Vestibulocochlear Nerve Diseases;Unassigned
Acquired Immunodeficiency Syndrome;Unassigned
Acridine Orange;Unassigned
Acridines;Unassigned
Acriflavine;Unassigned
Acrocephalosyndactylia;Unassigned
Acrodermatitis;Unassigned
Acrodynia;Unassigned
Acrolein;Unassigned
Acromegaly;Unassigned
Acromioclavicular Joint;Unassigned
Acromion;Unassigned
Acronine;Unassigned
Acrosin;Unassigned
Acrosome;Unassigned
Acrylamides;Unassigned
Acrylates;Stressor
Acrylic Resins;Unassigned
Acrylonitrile;Unassigned
ACTH Syndrome, Ectopic;Unassigned
Actihaemyl;Unassigned
Actinin;Unassigned
Actinium;Unassigned
Actinobacillosis;Unassigned
Actinobacillus Infections;Unassigned
Actinomycetales Infections;Unassigned
Actinomycosis;Unassigned
Actinomycosis, Cervicofacial;Unassigned
Spectinomycin;Unassigned
Actins;Unassigned
Action Potentials;Unassigned
Activity Cycles;Unassigned
Actomyosin;Unassigned
Acute Disease;Unassigned
Acute-Phase Proteins;Unassigned
Acute-Phase Reaction;Unassigned
Acyclovir;Unassigned
Acyl Carrier Protein;Unassigned
Acyl Coenzyme A;Unassigned
Acylation;Unassigned
N-Acylneuraminate Cytidylyltransferase;Unassigned
Acyltransferases;Unassigned
Adamantane;Unassigned
Adams-Stokes Syndrome;Unassigned
Adaptation, Biological;Unassigned
Adaptation, Ocular;Unassigned
Adaptation, Physiological;Unassigned
Addison Disease;Unassigned
Adenine;Unassigned
Mitochondrial ADP, ATP Translocases;Unassigned
Adenine Nucleotides;Unassigned
Adenine Phosphoribosyltransferase;Unassigned
Adenocarcinoma;Unassigned
Adenocarcinoma, Papillary;Unassigned
Adenofibroma;Unassigned
Adenoids;Unassigned
Adenolymphoma;Unassigned
Adenoma;Unassigned
Adenoma, Basophil;Unassigned
Adenoma, Chromophobe;Unassigned
Adenoma, Acidophil;Unassigned
Adenosine;Unassigned
Cyclic AMP;Unassigned
Adenosine Deaminase;Unassigned
Adenosine Diphosphate;Unassigned
Adenosine Diphosphate Glucose;Unassigned
Adenosine Diphosphate Ribose;Unassigned
Adenosine Diphosphate Sugars;Unassigned
Adenosine Kinase;Unassigned
Adenosine Monophosphate;Unassigned
Adenosine Phosphosulfate;Unassigned
Adenosine Triphosphatases;Unassigned
Calcium-Transporting ATPases;Unassigned
Sodium-Potassium-Exchanging ATPase;Unassigned
Adenosine Triphosphate;Unassigned
Adenoviridae Infections;Unassigned
Adenovirus Infections, Human;Unassigned
Adenylyl Cyclases;Unassigned
Adenylate Kinase;Unassigned
Adenylosuccinate Lyase;Unassigned
Adenylosuccinate Synthase;Unassigned
Adenylyl Imidodiphosphate;Unassigned
Tissue Adhesions;Unassigned
Adhesiveness;Unassigned
Adhesives;Stressor
Adie Syndrome;Unassigned
Adipates;Unassigned
Adipose Tissue;Unassigned
Adiposis Dolorosa;Unassigned
Adjuvants, Immunologic;Unassigned
Adjuvants, Pharmaceutic;Unassigned
Adnexa Uteri;Unassigned
Adnexal Diseases;Unassigned
Pelvic Inflammatory Disease;Unassigned
Adosterol;Unassigned
Adrenal Cortex;Unassigned
Adrenal Cortex Diseases;Unassigned
Adrenal Cortex Hormones;Molecular
Adrenal Cortex Neoplasms;Unassigned
Adrenal Gland Diseases;Unassigned
Adrenocortical Hyperfunction;Unassigned
Adrenal Insufficiency;Unassigned
Adrenal Gland Neoplasms;Unassigned
Adrenal Glands;Unassigned
Adrenal Hyperplasia, Congenital;Unassigned
Adrenal Medulla;Unassigned
Adrenal Rest Tumor;Unassigned
Adrenergic alpha-Agonists;Unassigned
Adrenergic alpha-Antagonists;Unassigned
Adrenergic beta-Agonists;Unassigned
Adrenergic beta-Antagonists;Molecular
Adrenergic Fibers;Unassigned
Adrenergic Agonists;Unassigned
Adrenochrome;Unassigned
Adrenocorticotropic Hormone;Unassigned
Adrenodoxin;Unassigned
Adrenoleukodystrophy;Unassigned
Adsorption;Unassigned
Aequorin;Unassigned
Aerobiosis;Unassigned
Aerophagy;Unassigned
Aerosol Propellants;Unassigned
Aerosols;Unassigned
beta-Aminoethyl Isothiourea;Unassigned
Afferent Loop Syndrome;Unassigned
Afferent Pathways;Unassigned
Affinity Labels;Unassigned
Afibrinogenemia;Unassigned
Aflatoxins;Unassigned
African Horse Sickness;Unassigned
African Swine Fever;Unassigned
Afterimage;Unassigned
Agammaglobulinemia;Unassigned
Agar;Unassigned
Ageusia;Unassigned
Agglutination;Unassigned
Agglutinins;Unassigned
Aging;Unassigned
Agmatine;Unassigned
Agnosia;Unassigned
Agranulocytosis;Unassigned
Agraphia;Unassigned
Agricultural Workers' Diseases;Adverse Outcome
AIDS-Related Complex;Unassigned
Ainhum;Unassigned
Air;Unassigned
Air Ionization;Unassigned
Air Movements;Unassigned
Air Pollutants;Stressor
Air Pollutants, Occupational;Stressor
Air Pollutants, Radioactive;Unassigned
Air Pressure;Unassigned
Air Sacs;Unassigned
Airway Obstruction;Unassigned
Airway Resistance;Unassigned
Ajmaline;Unassigned
Akinetic Mutism;Unassigned
Alamethicin;Unassigned
Alanine;Unassigned
Alanine Transaminase;Unassigned
Alanine Racemase;Unassigned
Alanine-tRNA Ligase;Unassigned
Albinism;Unassigned
Albumins;Unassigned
Albuminuria;Unassigned
Albuterol;Unassigned
Alcian Blue;Unassigned
Alcohol Amnestic Disorder;Unassigned
Alcohol Dehydrogenase;Unassigned
Alcohol Deterrents;Unassigned
Alcohol Oxidoreductases;Unassigned
Alcohol Withdrawal Delirium;Unassigned
Ethanol;Unassigned
Methanol;Unassigned
1-Propanol;Unassigned
Alcoholic Beverages;Unassigned
Alcoholic Intoxication;Unassigned
Alcoholism;Unassigned
Alcohols;Unassigned
Pentanols;Unassigned
Butanols;Unassigned
Hexanols;Unassigned
Octanols;Unassigned
Alcuronium;Unassigned
Aldehyde Dehydrogenase;Unassigned
Aldehyde Oxidoreductases;Unassigned
Aldehyde-Lyases;Unassigned
Aldehydes;Stressor
Aldicarb;Unassigned
Aldehyde Reductase;Unassigned
Aldosterone;Unassigned
Mineralocorticoid Receptor Antagonists;Unassigned
Aldrin;Unassigned
Aleutian Mink Disease;Unassigned
Algestone Acetophenide;Unassigned
Alginates;Unassigned
Algorithms;Unassigned
Alkadienes;Unassigned
Alkalies;Unassigned
Alkaline Phosphatase;Unassigned
Alkaloids;Unassigned
Alkalosis;Unassigned
Alkalosis, Respiratory;Unassigned
Alkanes;Unassigned
Alkaptonuria;Unassigned
Alkenes;Unassigned
Alkanesulfonates;Unassigned
Alkylating Agents;Unassigned
Alkylation;Unassigned
Alkylmercury Compounds;Unassigned
Alkynes;Unassigned
Allantoin;Unassigned
Allantois;Unassigned
Alleles;Unassigned
Allergens;Stressor
Allethrins;Unassigned
Allophanate Hydrolase;Unassigned
Allopurinol;Unassigned
Allosteric Regulation;Unassigned
Allosteric Site;Unassigned
Alloxan;Unassigned
Alloys;Unassigned
Allyl Compounds;Unassigned
Allylamine;Unassigned
Allylestrenol;Unassigned
Allylglycine;Unassigned
Allylisopropylacetamide;Unassigned
Alopecia;Unassigned
Alopecia Areata;Unassigned
Mucinosis, Follicular;Unassigned
alpha-Fetoproteins;Unassigned
Alpha-Globulins;Unassigned
alpha-Macroglobulins;Unassigned
Alpha Particles;Unassigned
Alpha Rhythm;Unassigned
alpha 1-Antichymotrypsin;Unassigned
alpha 1-Antitrypsin;Unassigned
alpha-Amylases;Unassigned
alpha-Chlorohydrin;Unassigned
Eflornithine;Unassigned
alpha-Galactosidase;Unassigned
alpha-Glucosidases;Unassigned
alpha-MSH;Unassigned
Alphaprodine;Unassigned
Algestone;Unassigned
Alprazolam;Unassigned
Alprenolol;Unassigned
Alprostadil;Unassigned
Alfaxalone Alfadolone Mixture;Unassigned
Altitude;Unassigned
Altitude Sickness;Unassigned
Alum Compounds;Unassigned
Aluminum;Unassigned
Aluminum Hydroxide;Unassigned
Aluminum Oxide;Unassigned
Aluminum Silicates;Unassigned
Alveolar Process;Unassigned
Alveolitis, Extrinsic Allergic;Unassigned
Alzheimer Disease;Unassigned
Amanitins;Unassigned
Amantadine;Unassigned
Amaranth Dye;Unassigned
Ambenonium Chloride;Unassigned
Amblyopia;Unassigned
Ambroxol;Unassigned
Amdinocillin;Unassigned
Amdinocillin Pivoxil;Unassigned
Amebiasis;Unassigned
Amebicides;Unassigned
Ameloblastoma;Unassigned
Ameloblasts;Unassigned
Amelogenesis;Unassigned
Amelogenesis Imperfecta;Unassigned
Amenorrhea;Unassigned
Americium;Unassigned
Amides;Unassigned
Amidines;Unassigned
Amidinotransferases;Unassigned
Amido Black;Unassigned
Amidohydrolases;Unassigned
Amidophosphoribosyltransferase;Unassigned
Amikacin;Unassigned
Amiloride;Unassigned
Aminacrine;Unassigned
Amination;Unassigned
Oxidoreductases Acting on CH-NH Group Donors;Unassigned
Amines;Unassigned
Amino Acid Chloromethyl Ketones;Unassigned
Amino Acid Isomerases;Unassigned
Amino Acid Metabolism, Inborn Errors;Unassigned
Amino Acid Oxidoreductases;Unassigned
Amino Acid Sequence;Unassigned
Amino Acids;Unassigned
Amino Acids, Branched-Chain;Unassigned
Amino Acids, Cyclic;Unassigned
Amino Acids, Diamino;Unassigned
Amino Acids, Dicarboxylic;Unassigned
Amino Acids, Essential;Unassigned
Amino Acids, Peptides, and Proteins;Unassigned
Amino Acids, Sulfur;Unassigned
Amino Acyl-tRNA Synthetases;Unassigned
Amino Alcohols;Unassigned
Amino Sugars;Unassigned
Aminoacetonitrile;Unassigned
Renal Aminoacidurias;Unassigned
Aminoacridines;Unassigned
Aminobiphenyl Compounds;Unassigned
4-Aminobutyrate Transaminase;Unassigned
Aminobutyrates;Unassigned
Aminocaproates;Unassigned
Aminoethylphosphonic Acid;Unassigned
Aminoglutethimide;Unassigned
Aminoglycosides;Unassigned
Aminohippuric Acids;Unassigned
Aminohydrolases;Unassigned
Aminoimidazole Carboxamide;Unassigned
Aminoisobutyric Acids;Unassigned
Aminolevulinic Acid;Unassigned
Porphobilinogen Synthase;Unassigned
5-Aminolevulinate Synthetase;Unassigned
Aminooxyacetic Acid;Unassigned
Aminopeptidases;Unassigned
Aminophenols;Unassigned
Aminophylline;Unassigned
Aminopropionitrile;Unassigned
Aminopterin;Unassigned
Aminopyridines;Unassigned
Aminopyrine;Unassigned
Aminopyrine N-Demethylase;Unassigned
Aminoquinolines;Unassigned
Aminorex;Unassigned
Aminosalicylic Acids;Unassigned
Transaminases;Unassigned
Amiodarone;Unassigned
Amitriptyline;Unassigned
Amitrole;Unassigned
Ammonia;Unassigned
Ammonia-Lyases;Unassigned
Ammonium Chloride;Unassigned
Quaternary Ammonium Compounds;Unassigned
Ammonium Sulfate;Unassigned
Amnesia;Unassigned
Amnesia, Retrograde;Unassigned
Amnion;Unassigned
Amniotic Band Syndrome;Unassigned
Amniotic Fluid;Unassigned
Amobarbital;Unassigned
Amodiaquine;Unassigned
Amoxapine;Unassigned
Amoxicillin;Unassigned
AMP Deaminase;Unassigned
Amphetamine;Unassigned
Amphetamines;Unassigned
Amphibian Venoms;Unassigned
Ampholyte Mixtures;Unassigned
Amphotericin B;Unassigned
Ampicillin;Unassigned
Ampicillin Resistance;Unassigned
Amprolium;Unassigned
Amputation Stumps;Unassigned
Amputation, Traumatic;Unassigned
Ampyrone;Unassigned
Amrinone;Unassigned
Amsacrine;Unassigned
Amygdalin;Unassigned
Amygdala;Unassigned
Amyl Nitrite;Unassigned
Amylases;Unassigned
Amyloid;Unassigned
Serum Amyloid P-Component;Unassigned
Serum Amyloid A Protein;Unassigned
Amyloidosis;Unassigned
Amylopectin;Unassigned
Amylose;Unassigned
Amyotrophic Lateral Sclerosis;Unassigned
Anabasine;Unassigned
Anaerobiosis;Unassigned
Anal Gland Neoplasms;Unassigned
Anal Sacs;Unassigned
Central Nervous System Stimulants;Unassigned
Pain Insensitivity, Congenital;Unassigned
Analgesics;Unassigned
Analgesics, Opioid;Unassigned
Anaphase;Unassigned
Anaphylatoxins;Unassigned
Anaphylaxis;Adverse Outcome
Anaplasia;Unassigned
Anaplasmataceae Infections;Unassigned
Anaplasmosis;Unassigned
Ancrod;Unassigned
Ancylostomiasis;Unassigned
Androgen Antagonists;Unassigned
Androgen-Binding Protein;Unassigned
Androgens;Unassigned
Androstadienes;Unassigned
Androstanes;Unassigned
Androstanols;Unassigned
Androstatrienes;Unassigned
Androstenediols;Unassigned
Androstenedione;Unassigned
Androstenes;Unassigned
Androstenols;Unassigned
Androsterone;Unassigned
Anemia;Unassigned
Anemia, Aplastic;Unassigned
Anemia, Dyserythropoietic, Congenital;Unassigned
Anemia, Hemolytic;Unassigned
Anemia, Hemolytic, Autoimmune;Unassigned
Anemia, Hemolytic, Congenital;Unassigned
Anemia, Hemolytic, Congenital Nonspherocytic;Unassigned
Anemia, Hypochromic;Unassigned
Anemia, Macrocytic;Unassigned
Anemia, Megaloblastic;Unassigned
Anemia, Myelophthisic;Unassigned
Anemia, Neonatal;Unassigned
Anemia, Pernicious;Unassigned
Anemia, Refractory;Unassigned
Anemia, Refractory, with Excess of Blasts;Unassigned
Anemia, Sickle Cell;Unassigned
Anemia, Sideroblastic;Unassigned
Anencephaly;Unassigned
Adjuvants, Anesthesia;Unassigned
Anesthetics;Unassigned
Anesthetics, Dissociative;Unassigned
Anesthetics, Local;Stressor
Anestrus;Unassigned
Anethole Trithione;Unassigned
Aneuploidy;Unassigned
Aneurysm;Unassigned
Aortic Dissection;Unassigned
Aneurysm, Infected;Unassigned
Angina Pectoris;Unassigned
Angina Pectoris, Variant;Unassigned
Angina, Unstable;Unassigned
Angioid Streaks;Unassigned
Angiokeratoma;Unassigned
Fabry Disease;Unassigned
Angiolymphoid Hyperplasia with Eosinophilia;Unassigned
Angiomatosis;Unassigned
Angioedema;Unassigned
Angiotensin Amide;Unassigned
Angiotensin I;Unassigned
Angiotensin II;Unassigned
Angiotensin III;Unassigned
Angiotensin-Converting Enzyme Inhibitors;Unassigned
Angiotensinogen;Unassigned
Angiotensins;Unassigned
Anhydrides;Unassigned
Anilides;Unassigned
Aniline Compounds;Stressor
Aniline Hydroxylase;Unassigned
Aniline Mustard;Unassigned
Anilino Naphthalenesulfonates;Unassigned
Animal Diseases;Unassigned
Animal Feed;Unassigned
Animal Nutritional Physiological Phenomena;Unassigned
Animal Structures;Unassigned
Anion Exchange Resins;Unassigned
Anions;Unassigned
Aniseikonia;Unassigned
Anisoles;Unassigned
Anisomycin;Unassigned
Ankle;Unassigned
Ankle Joint;Unassigned
Ankylosis;Unassigned
Anodontia;Unassigned
Anomia;Unassigned
Anophthalmos;Unassigned
Anorexia;Unassigned
Olfaction Disorders;Unassigned
Anovulation;Unassigned
Hypoxia;Unassigned
Anserine;Unassigned
Ant Venoms;Unassigned
Antacids;Unassigned
Antazoline;Unassigned
Anterior Chamber;Unassigned
Anterior Compartment Syndrome;Unassigned
Anterior Eye Segment;Unassigned
Anterior Horn Cells;Unassigned
Anthelmintics;Unassigned
Anthocyanins;Unassigned
Anthracenes;Unassigned
Anthracosilicosis;Unassigned
Anthralin;Unassigned
Anthramycin;Unassigned
Anthranilate Phosphoribosyltransferase;Unassigned
Anthranilate Synthase;Unassigned
Anthraquinones;Unassigned
Anthrax;Unassigned
Antibodies, Anti-Idiotypic;Unassigned
Anti-Arrhythmia Agents;Unassigned
Anti-Infective Agents;Stressor
Anti-Infective Agents, Local;Stressor
Anti-Infective Agents, Urinary;Unassigned
Anti-Inflammatory Agents;Stressor
Anti-Inflammatory Agents, Non-Steroidal;Stressor
Anti-Ulcer Agents;Unassigned
Antibiosis;Unassigned
Aurodox;Unassigned
Anti-Bacterial Agents;Stressor
Antibiotics, Antineoplastic;Unassigned
Antibiotics, Antitubercular;Unassigned
Antibodies;Unassigned
Antibodies, Bacterial;Unassigned
Antibodies, Fungal;Unassigned
Antibodies, Helminth;Unassigned
Antibodies, Heterophile;Unassigned
Antibodies, Monoclonal;Unassigned
Antibodies, Neoplasm;Unassigned
Antibodies, Protozoan;Unassigned
Antibodies, Viral;Unassigned
Antibody Affinity;Unassigned
Antibody Diversity;Unassigned
Antibody Formation;Unassigned
Antibody Specificity;Unassigned
Antibody-Dependent Cell Cytotoxicity;Unassigned
Antibody-Producing Cells;Unassigned
Immunotoxins;Unassigned
Anticestodal Agents;Unassigned
Anticholesteremic Agents;Unassigned
Anticoagulants;Unassigned
Anticodon;Unassigned
Anticonvulsants;Unassigned
Antidepressive Agents;Unassigned
Antidepressive Agents, Tricyclic;Unassigned
Antidiarrheals;Unassigned
Antidotes;Unassigned
Antiemetics;Unassigned
Antifibrinolytic Agents;Unassigned
Antifoaming Agents;Unassigned
Antifungal Agents;Stressor
Antigen-Antibody Complex;Unassigned
Antigen-Antibody Reactions;Unassigned
Antigen-Presenting Cells;Unassigned
Epitopes;Unassigned
Antigenic Variation;Unassigned
Antigens;Unassigned
Antigens, Bacterial;Unassigned
Antigens, Differentiation;Unassigned
Antigens, Differentiation, B-Lymphocyte;Unassigned
Antigens, Differentiation, T-Lymphocyte;Unassigned
Antigens, Fungal;Unassigned
Antigens, Helminth;Unassigned
Histocompatibility Antigens Class II;Unassigned
Antigens, Ly;Unassigned
Antigens, Neoplasm;Unassigned
Antigens, Polyomavirus Transforming;Unassigned
Antigens, Protozoan;Unassigned
Antigens, Surface;Unassigned
Antigens, T-Independent;Unassigned
Antigens, Viral;Unassigned
Antigens, Viral, Tumor;Unassigned
Antihypertensive Agents;Unassigned
Hypolipidemic Agents;Unassigned
Antilymphocyte Serum;Unassigned
Antimalarials;Unassigned
Antimetabolites;Unassigned
Antimetabolites, Antineoplastic;Unassigned
Antimony;Unassigned
Antimony Potassium Tartrate;Unassigned
Antimony Sodium Gluconate;Unassigned
Antimycin A;Unassigned
Antinematodal Agents;Unassigned
Antineoplastic Agents;Unassigned
Antineoplastic Agents, Phytogenic;Unassigned
Antibodies, Antinuclear;Unassigned
Antioxidants;Unassigned
Antipain;Unassigned
Antiparasitic Agents;Unassigned
Antiparkinson Agents;Unassigned
alpha-2-Antiplasmin;Unassigned
Antiplatyhelmintic Agents;Unassigned
Antiprotozoal Agents;Unassigned
Antipruritics;Unassigned
Antipyrine;Unassigned
Antisickling Agents;Unassigned
Antispermatogenic Agents;Unassigned
Antistreptolysin;Unassigned
Antithrombin III;Unassigned
Antithrombins;Unassigned
Antitoxins;Unassigned
Antitreponemal Agents;Unassigned
Antitrichomonal Agents;Unassigned
Antitubercular Agents;Unassigned
Antitussive Agents;Unassigned
Antivenins;Unassigned
Antiviral Agents;Unassigned
Antlers;Unassigned
Anuria;Unassigned
Anal Canal;Unassigned
Anus Diseases;Unassigned
Anus Neoplasms;Unassigned
Anus, Imperforate;Unassigned
Aorta;Unassigned
Aorta, Abdominal;Unassigned
Aorta, Thoracic;Unassigned
Aortic Aneurysm;Unassigned
Aortic Arch Syndromes;Unassigned
Aortic Bodies;Unassigned
Aortic Coarctation;Unassigned
Aortic Diseases;Unassigned
Aortic Rupture;Unassigned
Aortic Stenosis, Subvalvular;Unassigned
Aortic Valve;Unassigned
Aortic Valve Insufficiency;Unassigned
Aortic Valve Prolapse;Unassigned
Aortic Valve Stenosis;Unassigned
Aortitis;Unassigned
Aortopulmonary Septal Defect;Unassigned
Apamin;Unassigned
Apatites;Unassigned
Apazone;Unassigned
Aphakia;Unassigned
Aphakia, Postcataract;Unassigned
Aphasia;Unassigned
Aphasia, Broca;Unassigned
Aphasia, Wernicke;Unassigned
Aphonia;Unassigned
Aphrodisiacs;Unassigned
Apnea;Unassigned
Apocrine Glands;Unassigned
Apoenzymes;Unassigned
Apoferritins;Unassigned
Apolipoproteins;Unassigned
Apolipoproteins A;Unassigned
Apolipoproteins B;Unassigned
Apolipoproteins C;Unassigned
Apolipoproteins E;Unassigned
Apomorphine;Unassigned
Apoproteins;Unassigned
Aporphines;Unassigned
Appendiceal Neoplasms;Unassigned
Appendicitis;Unassigned
Appendix;Unassigned
Appetite;Unassigned
Appetite Depressants;Unassigned
Feeding and Eating Disorders;Unassigned
Appetite Regulation;Unassigned
Apraxias;Unassigned
Aprindine;Unassigned
Propoxur;Unassigned
APUD Cells;Unassigned
Apudoma;Unassigned
Apurinic Acid;Unassigned
Apyrase;Unassigned
Aqueous Humor;Unassigned
Vidarabine Phosphate;Unassigned
Arabinofuranosylcytosine Triphosphate;Unassigned
Arabinofuranosyluracil;Unassigned
Arabinonucleosides;Unassigned
Arabinonucleotides;Unassigned
Arabinose;Unassigned
Arachidonate Lipoxygenases;Unassigned
Arachidonate 12-Lipoxygenase;Unassigned
Arachidonate 15-Lipoxygenase;Unassigned
Arachidonate 5-Lipoxygenase;Unassigned
Arachidonic Acids;Unassigned
Spider Bites;Unassigned
Arachnoid;Unassigned
Arachnoiditis;Unassigned
Arbaprostil;Unassigned
Arbovirus Infections;Unassigned
Arbutin;Unassigned
Arcuate Nucleus of Hypothalamus;Unassigned
Arcus Senilis;Unassigned
Arecoline;Unassigned
Arenaviridae Infections;Unassigned
Arginase;Unassigned
Arginine;Unassigned
Lysine Carboxypeptidase;Unassigned
Arginine Kinase;Unassigned
Argininosuccinate Lyase;Unassigned
Argininosuccinate Synthase;Unassigned
Argininosuccinic Acid;Unassigned
Arginine-tRNA Ligase;Unassigned
Arginine Vasopressin;Unassigned
Argon;Unassigned
Argyria;Unassigned
Arm;Unassigned
Bones of Upper Extremity;Unassigned
Arm Injuries;Unassigned
Armin;Unassigned
Arnold-Chiari Malformation;Unassigned
Aroclors;Unassigned
Aromatase;Unassigned
Aromatic-L-Amino-Acid Decarboxylases;Unassigned
Arousal;Unassigned
Arrhythmias, Cardiac;Unassigned
Arrhythmia, Sinus;Unassigned
Arsanilic Acid;Unassigned
Arsenamide;Unassigned
Arsenates;Unassigned
Arsenazo III;Unassigned
Arsenic;Unassigned
Arsenicals;Unassigned
Arsphenamine;Unassigned
Arterial Occlusive Diseases;Unassigned
Arteries;Unassigned
Arterio-Arterial Fistula;Unassigned
Arterioles;Unassigned
Arteriosclerosis;Unassigned
Arteriosclerosis Obliterans;Unassigned
Arteriovenous Anastomosis;Unassigned
Arteriovenous Fistula;Unassigned
Arteriovenous Malformations;Unassigned
Arteritis;Unassigned
Arthritis;Unassigned
Arthritis, Experimental;Unassigned
Arthritis, Infectious;Unassigned
Arthritis, Juvenile;Unassigned
Arthritis, Rheumatoid;Unassigned
Arthrogryposis;Unassigned
Arthropathy, Neurogenic;Unassigned
Arthropod Venoms;Unassigned
Arthus Reaction;Unassigned
Articulation Disorders;Unassigned
Artificial Intelligence;Unassigned
Aryl Hydrocarbon Hydroxylases;Unassigned
Arylsulfonates;Unassigned
Arylamine N-Acetyltransferase;Unassigned
Arylsulfatases;Unassigned
Arytenoid Cartilage;Unassigned
Asbestos;Unassigned
Asbestosis;Unassigned
Ascariasis;Unassigned
Ascaridiasis;Unassigned
Ascites;Unassigned
Ascitic Fluid;Unassigned
Ascorbate Oxidase;Unassigned
Ascorbic Acid;Unassigned
Ascorbic Acid Deficiency;Unassigned
Asialoglycoproteins;Unassigned
Asparaginase;Unassigned
Asparagine;Unassigned
Aspartate-Ammonia Ligase;Unassigned
Aspartame;Unassigned
Aspartate Aminotransferases;Unassigned
Aspartate Ammonia-Lyase;Unassigned
Aspartate Carbamoyltransferase;Unassigned
Aspartate Kinase;Unassigned
Aspartate-Semialdehyde Dehydrogenase;Unassigned
Aspartic Acid;Unassigned
Aspartokinase Homoserine Dehydrogenase;Unassigned
Aspartate-tRNA Ligase;Unassigned
Aspartylglucosylaminase;Unassigned
Aspergillosis;Unassigned
Aspergillosis, Allergic Bronchopulmonary;Unassigned
Asphyxia;Unassigned
Asphyxia Neonatorum;Unassigned
Inhalation;Unassigned
Aspirin;Unassigned
Astatine;Unassigned
Asthenia;Unassigned
Asthenopia;Unassigned
Asthma;Adverse Outcome
Asthma, Exercise-Induced;Unassigned
Astigmatism;Unassigned
Astringents;Unassigned
Astrocytes;Unassigned
Astrocytoma;Unassigned
Ataxia;Unassigned
Ataxia Telangiectasia;Unassigned
Pulmonary Atelectasis;Unassigned
Atenolol;Unassigned
Athetosis;Unassigned
Athletic Injuries;Unassigned
Atlanto-Axial Joint;Unassigned
Atlanto-Occipital Joint;Unassigned
Cervical Atlas;Unassigned
Atmosphere;Unassigned
Atmospheric Pressure;Unassigned
ATP Citrate (pro-S)-Lyase;Unassigned
ATP Phosphoribosyltransferase;Unassigned
GTP Pyrophosphokinase;Unassigned
Atractyloside;Unassigned
Atracurium;Unassigned
Atrazine;Unassigned
Atrial Fibrillation;Unassigned
Atrial Flutter;Unassigned
Atrioventricular Node;Unassigned
Atrophy;Unassigned
Atropine;Unassigned
Atropine Derivatives;Unassigned
Attachment Sites, Microbiological;Unassigned
Auditory Cortex;Unassigned
Auditory Diseases, Central;Unassigned
Auditory Fatigue;Unassigned
Auditory Pathways;Unassigned
Auditory Perception;Unassigned
Auditory Perceptual Disorders;Unassigned
Auditory Threshold;Unassigned
Auranofin;Unassigned
Aurintricarboxylic Acid;Unassigned
Aurovertins;Unassigned
Autoantibodies;Unassigned
Autoantigens;Unassigned
Autoimmune Diseases;Unassigned
Autolysis;Unassigned
Vehicle Emissions;Unassigned
Autonomic Agents;Unassigned
Autonomic Fibers, Postganglionic;Unassigned
Autonomic Fibers, Preganglionic;Unassigned
Autonomic Nervous System;Unassigned
Autonomic Nervous System Diseases;Unassigned
Autophagy;Unassigned
Avian Leukosis;Unassigned
Sarcoma, Avian;Unassigned
Avidin;Unassigned
Avitaminosis;Unassigned
Axilla;Unassigned
Axillary Artery;Unassigned
Axillary Vein;Unassigned
Axis, Cervical Vertebra;Unassigned
Axons;Unassigned
Axonal Transport;Unassigned
trans-1,4-Bis(2-chlorobenzaminomethyl)cyclohexane Dihydrochloride;Unassigned
Aza Compounds;Unassigned
Azacosterol;Unassigned
Azacitidine;Unassigned
Azaguanine;Unassigned
Azaperone;Unassigned
Azaserine;Unassigned
Azasteroids;Unassigned
Azathioprine;Unassigned
Azauridine;Unassigned
Azepines;Unassigned
Azetidinecarboxylic Acid;Unassigned
Azetidines;Unassigned
Azetines;Unassigned
Azides;Unassigned
Azinphosmethyl;Unassigned
Aziridines;Unassigned
Azirines;Unassigned
Azlocillin;Unassigned
Azo Compounds;Stressor
Azocines;Unassigned
Azoles;Unassigned
Azoxymethane;Unassigned
Aztreonam;Unassigned
Azure Stains;Unassigned
Azurin;Unassigned
Azygos Vein;Unassigned
B-Lymphocytes;Unassigned
Babesiosis;Unassigned
Reflex, Babinski;Unassigned
Bacitracin;Unassigned
Back;Unassigned
Back Pain;Unassigned
Background Radiation;Unassigned
Baclofen;Unassigned
Bacterial Adhesion;Unassigned
Bacterial Infections and Mycoses;Unassigned
Bacterial Infections;Unassigned
Bacterial Outer Membrane Proteins;Unassigned
Bacterial Proteins;Unassigned
Bacterial Toxins;Unassigned
Bacterial Vaccines;Unassigned
Bacteriochlorophylls;Unassigned
Bacteriocins;Unassigned
Bacteriolysis;Unassigned
Bacteriorhodopsins;Unassigned
Bacteriuria;Unassigned
Bacteroides Infections;Unassigned
Balanitis;Unassigned
Balantidiasis;Unassigned
Balkan Nephropathy;Unassigned
Balsams;Stressor
Bambermycins;Unassigned
Anion Exchange Protein 1, Erythrocyte;Unassigned
Barbital;Unassigned
Barbiturates;Unassigned
Barium;Unassigned
Barium Radioisotopes;Unassigned
Barium Sulfate;Unassigned
Barotrauma;Unassigned
Barrett Esophagus;Unassigned
Bartholin's Glands;Unassigned
Bartonella Infections;Unassigned
Bartonellaceae Infections;Unassigned
Bartter Syndrome;Unassigned
Basal Cell Nevus Syndrome;Unassigned
Basal Ganglia;Unassigned
Basal Ganglia Diseases;Unassigned
Basal Metabolism;Unassigned
Base Composition;Unassigned
Base Sequence;Unassigned
Basement Membrane;Unassigned
Basilar Artery;Unassigned
Basilar Membrane;Unassigned
Basophils;Unassigned
Batrachotoxins;Unassigned
3-Pyridinecarboxylic acid, 1,4-dihydro-2,6-dimethyl-5-nitro-4-(2-(trifluoromethyl)phenyl)-, Methyl ester;Unassigned
BCG Vaccine;Unassigned
Beak;Unassigned
Beckwith-Wiedemann Syndrome;Unassigned
Beclomethasone;Unassigned
Bee Venoms;Unassigned
Beer;Unassigned
Behcet Syndrome;Unassigned
Belladonna Alkaloids;Unassigned
Bemegride;Unassigned
Benactyzine;Unassigned
Bence Jones Protein;Unassigned
Bencyclane;Unassigned
Bendroflumethiazide;Unassigned
Benomyl;Unassigned
Benperidol;Unassigned
Benserazide;Unassigned
Bentonite;Unassigned
Benzaldehydes;Unassigned
Benzalkonium Compounds;Unassigned
Benzamides;Unassigned
Benzamidines;Unassigned
Benz(a)Anthracenes;Unassigned
Benzazepines;Unassigned
Benzbromarone;Unassigned
Benzene;Unassigned
Benzene Derivatives;Unassigned
Hexachlorocyclohexane;Unassigned
Benzenesulfonates;Unassigned
Benzethonium;Unassigned
Benzhydryl Compounds;Stressor
Benzidines;Unassigned
Benzilates;Unassigned
Benzimidazoles;Unassigned
Benzo(a)pyrene;Unassigned
Benzoates;Unassigned
Benzocaine;Stressor
Benzocycloheptenes;Unassigned
Benzodiazepines;Unassigned
Benzodiazepinones;Unassigned
Benzoflavones;Unassigned
Benzofurans;Unassigned
Benzoin;Unassigned
Benzolamide;Unassigned
Benzomorphans;Unassigned
Benzophenoneidum;Unassigned
Benzophenones;Stressor
Benzopyrans;Unassigned
Benzopyrene Hydroxylase;Unassigned
Benzopyrenes;Unassigned
Benzothiadiazines;Unassigned
Benzothiepins;Unassigned
Benzoxazoles;Unassigned
Benzoxepins;Unassigned
Benzoyl Peroxide;Unassigned
Benzoylarginine Nitroanilide;Unassigned
Benzoylarginine-2-Naphthylamide;Unassigned
Benzoylcholine;Unassigned
Benzphetamine;Unassigned
Benztropine;Unassigned
Benzydamine;Unassigned
Benzyl Alcohols;Unassigned
Benzyl Compounds;Unassigned
Benzyl Viologen;Unassigned
Benzylamine Oxidase;Unassigned
Benzylamines;Unassigned
Benzylidene Compounds;Unassigned
Bephenium Compounds;Unassigned
Berberine;Unassigned
Berberine Alkaloids;Unassigned
Beriberi;Unassigned
Berkelium;Unassigned
Bernard-Soulier Syndrome;Unassigned
Berylliosis;Unassigned
Beryllium;Unassigned
Beta-Globulins;Unassigned
Beta Particles;Unassigned
Beta Rhythm;Unassigned
beta 2-Microglobulin;Unassigned
beta-Amylase;Unassigned
beta-Endorphin;Unassigned
beta-Galactosidase;Unassigned
beta-Glucosidase;Unassigned
beta-Lactamases;Unassigned
beta-N-Acetylhexosaminidases;Unassigned
beta-Thromboglobulin;Unassigned
Betahistine;Unassigned
Betaine;Molecular
Betamethasone;Unassigned
Betamethasone Valerate;Unassigned
Betazole;Unassigned
Bethanechol Compounds;Unassigned
Bethanidine;Unassigned
Beverages;Unassigned
Bezafibrate;Unassigned
Bezoars;Unassigned
Bibenzyls;Unassigned
Bicarbonates;Unassigned
Bicuculline;Unassigned
Bicuspid;Unassigned
Bridged Bicyclo Compounds;Unassigned
Biguanides;Unassigned
Bile;Unassigned
Bile Acids and Salts;Unassigned
Bile Canaliculi;Unassigned
Bile Duct Diseases;Unassigned
Bile Duct Neoplasms;Unassigned
Cholestasis, Extrahepatic;Unassigned
Bile Ducts;Unassigned
Bile Ducts, Intrahepatic;Unassigned
Bile Pigments;Unassigned
Bile Reflux;Unassigned
Biliary Atresia;Unassigned
Biliary Dyskinesia;Unassigned
Biliary Fistula;Unassigned
Biliary Tract;Unassigned
Biliary Tract Diseases;Unassigned
Biliary Tract Neoplasms;Unassigned
Bilirubin;Unassigned
Biliverdine;Unassigned
Binding Sites;Unassigned
Binding Sites, Antibody;Unassigned
Binding, Competitive;Unassigned
Biochemical Phenomena;Unassigned
Biocompatible Materials;Unassigned
Organelle Biogenesis;Unassigned
Biogenic Amines;Unassigned
Biological Availability;Unassigned
Biological Clocks;Unassigned
Biological Factors;Unassigned
Biological Phenomena;Unassigned
Biological Products;Unassigned
Biological Transport;Unassigned
Biological Transport, Active;Unassigned
Biomechanical Phenomena;Unassigned
Biomedical and Dental Materials;Unassigned
Biopolymers;Unassigned
Biopterins;Unassigned
Biotin;Unassigned
Biotransformation;Unassigned
Biperiden;Unassigned
Biphenyl Compounds;Unassigned
Bird Diseases;Unassigned
Bird Fancier's Lung;Unassigned
Birefringence;Unassigned
Birth Injuries;Unassigned
Birth Weight;Unassigned
Bis(Chloromethyl) Ether;Unassigned
Bisacodyl;Unassigned
Bisexuality;Unassigned
Dicumarol;Unassigned
Bismuth;Unassigned
Bisphosphoglycerate Mutase;Unassigned
Bites and Stings;Unassigned
Bites, Human;Unassigned
Bithionol;Unassigned
Biureas;Unassigned
Biuret;Unassigned
Blackwater Fever;Unassigned
Urinary Bladder;Unassigned
Urinary Bladder Calculi;Unassigned
Urinary Bladder Diseases;Unassigned
Bladder Exstrophy;Unassigned
Urinary Bladder Fistula;Unassigned
Urinary Bladder Neck Obstruction;Unassigned
Urinary Bladder Neoplasms;Unassigned
Urinary Bladder, Neurogenic;Unassigned
Blast Crisis;Unassigned
Blast Injuries;Unassigned
Blastocyst;Unassigned
Blastoderm;Unassigned
Blastomeres;Unassigned
Blastomycosis;Unassigned
Bleeding Time;Unassigned
Bleomycin;Unassigned
Blepharitis;Unassigned
Blepharoptosis;Unassigned
Blepharospasm;Unassigned
Blind Loop Syndrome;Unassigned
Blindness;Unassigned
Blinking;Unassigned
Blister;Unassigned
Blood;Unassigned
Blood Bactericidal Activity;Unassigned
Blood Cell Count;Unassigned
Blood Cells;Unassigned
Blood Circulation;Unassigned
Blood Coagulation;Unassigned
Blood Coagulation Disorders;Unassigned
Blood Coagulation Factors;Unassigned
Blood Flow Velocity;Unassigned
Blood Glucose;Molecular
Blood Group Incompatibility;Unassigned
Blood Group Antigens;Unassigned
Blood Physiological Phenomena;Unassigned
Blood Platelet Disorders;Unassigned
Blood Platelets;Unassigned
Blood Pressure;Unassigned
Blood Protein Disorders;Unassigned
Blood Proteins;Unassigned
Blood Substitutes;Unassigned
Blood Vessels;Unassigned
Blood Viscosity;Unassigned
Blood Volume;Unassigned
Blood-Brain Barrier;Unassigned
Blood-Retinal Barrier;Unassigned
Blood-Testis Barrier;Unassigned
Bloom Syndrome;Unassigned
Bluetongue;Unassigned
Body Composition;Unassigned
Body Constitution;Unassigned
Body Fluid Compartments;Unassigned
Body Fluids;Unassigned
Body Height;Unassigned
Body Regions;Unassigned
Body Surface Area;Unassigned
Body Temperature;Unassigned
Body Temperature Changes;Unassigned
Body Temperature Regulation;Unassigned
Body Water;Unassigned
Body Weight;Unassigned
Body Weight Changes;Unassigned
Body Weights and Measures;Unassigned
Bombesin;Unassigned
Bone and Bones;Unassigned
Bone Cements;Unassigned
Bone Conduction;Unassigned
Bone Cysts;Unassigned
Bone Development;Unassigned
Bone Diseases;Unassigned
Bone Diseases, Developmental;Unassigned
Bone Diseases, Endocrine;Unassigned
Bone Diseases, Infectious;Unassigned
Bone Diseases, Metabolic;Unassigned
Bone Marrow;Unassigned
Bone Marrow Cells;Unassigned
Bone Marrow Diseases;Unassigned
Bone Matrix;Unassigned
Bone Neoplasms;Unassigned
Bone Regeneration;Unassigned
Bone Resorption;Unassigned
Bongkrekic Acid;Unassigned
Boranes;Unassigned
Borates;Unassigned
Border Disease;Unassigned
Bordetella Infections;Unassigned
Boric Acids;Unassigned
Borinic Acids;Unassigned
Borna Disease;Unassigned
Camphanes;Stressor
Borohydrides;Unassigned
Boron;Unassigned
Boron Compounds;Unassigned
Boronic Acids;Unassigned
Borrelia Infections;Unassigned
Bottle Feeding;Unassigned
Botulinum Antitoxin;Unassigned
Botulinum Toxins;Unassigned
Botulism;Unassigned
Boutonneuse Fever;Unassigned
Bovine Virus Diarrhea-Mucosal Disease;Unassigned
Bowen's Disease;Unassigned
Brachial Artery;Unassigned
Brachial Plexus;Unassigned
Bradycardia;Unassigned
Bradykinin;Unassigned
Brain;Unassigned
Brain Abscess;Unassigned
Brain Chemistry;Unassigned
Brain Concussion;Unassigned
Brain Damage, Chronic;Unassigned
Brain Death;Unassigned
Brain Diseases;Unassigned
Brain Diseases, Metabolic;Unassigned
Brain Edema;Unassigned
Brain Injuries;Unassigned
Brain Neoplasms;Unassigned
Brain Stem;Unassigned
Branchial Region;Unassigned
Branchioma;Unassigned
Bread;Unassigned
Breast;Unassigned
Breast Diseases;Unassigned
Breast Feeding;Unassigned
Breast Neoplasms;Unassigned
Breech Presentation;Unassigned
Breeding;Unassigned
Brenner Tumor;Unassigned
Bretylium Compounds;Unassigned
Bretylium Tosylate;Unassigned
Bridged-Ring Compounds;Unassigned
Brinolase;Unassigned
Broad Ligament;Unassigned
Brocresine;Unassigned
Bromates;Unassigned
Bromazepam;Unassigned
Bromcresol Green;Unassigned
Bromcresol Purple;Unassigned
Bromelains;Unassigned
Bromhexine;Unassigned
Bromides;Unassigned
Bromine;Unassigned
Bromine Radioisotopes;Unassigned
Bromisovalum;Unassigned
Bromobenzenes;Unassigned
Bromobenzoates;Unassigned
Bromocriptine;Unassigned
Bromodeoxycytidine;Unassigned
Bromodeoxyuridine;Unassigned
Bromosuccinimide;Unassigned
Bromotrichloromethane;Unassigned
Bromouracil;Unassigned
Brompheniramine;Unassigned
Bromphenol Blue;Unassigned
Bromthymol Blue;Unassigned
Bronchi;Unassigned
Bronchial Arteries;Unassigned
Bronchial Diseases;Unassigned
Bronchial Fistula;Unassigned
Bronchial Neoplasms;Unassigned
Bronchial Spasm;Unassigned
Bronchiectasis;Unassigned
Bronchiolitis;Unassigned
Bronchiolitis Obliterans;Unassigned
Bronchiolitis, Viral;Unassigned
Bronchitis;Unassigned
Bronchodilator Agents;Unassigned
Bronchogenic Cyst;Unassigned
Bronchopneumonia;Unassigned
Bronchopulmonary Dysplasia;Unassigned
Bronchopulmonary Sequestration;Unassigned
Adipose Tissue, Brown;Unassigned
Brucella Vaccine;Unassigned
Brucellosis;Unassigned
Brucellosis, Bovine;Unassigned
Brunner Glands;Unassigned
Bruxism;Unassigned
Bucrylate;Unassigned
Bufanolides;Unassigned
Bufexamac;Unassigned
Buffers;Unassigned
Buformin;Unassigned
Bufotenin;Unassigned
Bulbourethral Glands;Unassigned
Bulimia;Unassigned
Bumetanide;Unassigned
Bunaftine;Unassigned
Bundle of His;Unassigned
Bundle-Branch Block;Unassigned
Bungarotoxins;Unassigned
Levobunolol;Stressor
Bunyaviridae Infections;Unassigned
Bupivacaine;Unassigned
Bupranolol;Unassigned
Buprenorphine;Unassigned
Burimamide;Unassigned
Burkitt Lymphoma;Unassigned
Burning Mouth Syndrome;Unassigned
Burnout, Professional;Unassigned
Burns;Unassigned
Burns, Chemical;Unassigned
Burns, Electric;Unassigned
Burns, Inhalation;Unassigned
Bursa of Fabricius;Unassigned
Bursa, Synovial;Unassigned
Bursitis;Unassigned
Buserelin;Unassigned
Buspirone;Unassigned
Busulfan;Unassigned
Butaclamol;Unassigned
Butadienes;Unassigned
Butylene Glycols;Unassigned
Butanes;Unassigned
Butanones;Unassigned
Butirosin Sulfate;Unassigned
Butorphanol;Unassigned
Butoxamine;Unassigned
Butter;Unassigned
Buttocks;Unassigned
Butylamines;Unassigned
Butylated Hydroxyanisole;Unassigned
Butylated Hydroxytoluene;Unassigned
Butylhydroxybutylnitrosamine;Unassigned
Butylscopolammonium Bromide;Unassigned
Butyrates;Unassigned
Butyrophenones;Unassigned
Butyrylcholinesterase;Unassigned
Butyrylthiocholine;Unassigned
Benzenaminium, 4,4'-(3-oxo-1,5-pentanediyl)bis(N,N-dimethyl-N-2-propenyl-), Dibromide;Unassigned
Byssinosis;Unassigned
C-Peptide;Unassigned
C-Reactive Protein;Unassigned
Cachexia;Unassigned
Cacodylic Acid;Unassigned
Cadaver;Unassigned
Cadaverine;Unassigned
Cadmium;Unassigned
Cadmium Poisoning;Unassigned
Cadmium Radioisotopes;Unassigned
Ceruletide;Unassigned
Caffeic Acids;Unassigned
Caffeine;Unassigned
Calcaneus;Unassigned
Calcifediol;Unassigned
Calcification, Physiologic;Unassigned
Calcinosis;Unassigned
Calciphylaxis;Unassigned
Calcitonin;Unassigned
Calcitriol;Molecular
Calcium;Unassigned
Calcium Carbonate;Unassigned
Calcium Channel Agonists;Unassigned
Calcium Channel Blockers;Unassigned
Calcium Chloride;Unassigned
Calcium Dobesilate;Unassigned
Calcium Fluoride;Unassigned
Calcium Gluconate;Unassigned
Calcium Hydroxide;Unassigned
Calcium Isotopes;Unassigned
Calcium Metabolism Disorders;Unassigned
Calcium Oxalate;Unassigned
Calcium Phosphates;Unassigned
Calcium Pyrophosphate;Unassigned
Calcium Radioisotopes;Unassigned
Calcium Sulfate;Unassigned
Calcium-Binding Proteins;Unassigned
Calcium, Dietary;Unassigned
Calculi;Unassigned
Californium;Unassigned
Callosities;Unassigned
Bony Callus;Unassigned
Calmodulin;Unassigned
Calmodulin-Binding Proteins;Unassigned
Energy Intake;Unassigned
Calpain;Unassigned
Calsequestrin;Unassigned
Cambendazole;Unassigned
Camphor;Unassigned
Camptothecin;Unassigned
Campylobacter Infections;Unassigned
Canavanine;Unassigned
Candicidin;Unassigned
Candidiasis;Unassigned
Candidiasis, Chronic Mucocutaneous;Unassigned
Candidiasis, Cutaneous;Unassigned
Candidiasis, Oral;Unassigned
Candidiasis, Vulvovaginal;Unassigned
Candy;Unassigned
Cannabidiol;Unassigned
Cannabinoids;Unassigned
Cannabinol;Unassigned
Marijuana Abuse;Unassigned
Canrenoic Acid;Unassigned
Canrenone;Unassigned
Cantharidin;Unassigned
Capillaries;Unassigned
Capillary Action;Unassigned
Capillary Fragility;Unassigned
Capillary Permeability;Unassigned
Capillary Resistance;Unassigned
Caplan Syndrome;Unassigned
Capreomycin;Unassigned
Caproates;Unassigned
Caprolactam;Unassigned
Caprylates;Unassigned
Capsaicin;Unassigned
Capsid;Unassigned
Capsules;Unassigned
Captan;Unassigned
Captopril;Unassigned
Carbachol;Unassigned
Carbadox;Unassigned
Carbamates;Unassigned
Carbamazepine;Unassigned
Carbamyl Phosphate;Unassigned
Carbamoyl-Phosphate Synthase (Ammonia);Unassigned
Carbamoyl-Phosphate Synthase (Glutamine-Hydrolyzing);Unassigned
Carbanilides;Unassigned
Carbazilquinone;Unassigned
Carbazoles;Unassigned
Carbenicillin;Unassigned
Carbenoxolone;Unassigned
Carbidopa;Unassigned
Carbimazole;Unassigned
Carbocyanines;Unassigned
Carbocysteine;Unassigned
Carbodiimides;Unassigned
Carbofuran;Unassigned
Carbohydrate Conformation;Unassigned
Carbohydrate Dehydrogenases;Unassigned
Carbohydrate Epimerases;Unassigned
Carbohydrate Metabolism, Inborn Errors;Unassigned
Carbohydrate Sequence;Unassigned
Carbohydrates;Unassigned
Carbolines;Unassigned
Carbon;Unassigned
Carbon Dioxide;Unassigned
Carbon Disulfide;Unassigned
Carbon Isotopes;Unassigned
Carbon Monoxide;Unassigned
Carbon Monoxide Poisoning;Unassigned
Carbon Radioisotopes;Unassigned
Carbon Tetrachloride;Unassigned
Carbon Tetrachloride Poisoning;Unassigned
Carbonated Beverages;Unassigned
Carbonates;Unassigned
Carbonic Acid;Unassigned
Carbonic Anhydrases;Unassigned
Carbonic Anhydrase Inhibitors;Unassigned
Carbonyl Cyanide m-Chlorophenyl Hydrazone;Unassigned
Carbonyl Cyanide p-Trifluoromethoxyphenylhydrazone;Unassigned
Carboprost;Unassigned
Carboxin;Unassigned
Carboxy-Lyases;Unassigned
Carboxyhemoglobin;Unassigned
Carboxylic Acids;Unassigned
Carboxylic Ester Hydrolases;Unassigned
Carboxymethylcellulose Sodium;Unassigned
Muramoylpentapeptide Carboxypeptidase;Unassigned
Carboxypeptidases;Unassigned
Carbuncle;Unassigned
Carbutamide;Unassigned
Carcinoembryonic Antigen;Unassigned
Carcinogens;Unassigned
Carcinogens, Environmental;Unassigned
Carcinoid Heart Disease;Unassigned
Carcinoid Tumor;Unassigned
Carcinoma;Unassigned
Carcinoma in Situ;Unassigned
Carcinoma 256, Walker;Unassigned
Carcinoma, Basal Cell;Unassigned
Carcinoma, Basosquamous;Unassigned
Adenocarcinoma, Bronchiolo-Alveolar;Unassigned
Carcinoma, Bronchogenic;Unassigned
Carcinoma, Brown-Pearce;Unassigned
Carcinoma, Intraductal, Noninfiltrating;Unassigned
Carcinoma, Ehrlich Tumor;Unassigned
Carcinoma, Krebs 2;Unassigned
Adenocarcinoma, Mucinous;Unassigned
Carcinoma, Non-Small-Cell Lung;Unassigned
Carcinoma, Papillary;Unassigned
Carcinoma, Renal Cell;Unassigned
Adenocarcinoma, Scirrhous;Unassigned
Carcinoma, Squamous Cell;Unassigned
Carcinoma, Transitional Cell;Unassigned
Carcinosarcoma;Unassigned
Cardanolides;Unassigned
Cardenolides;Unassigned
Cardia;Unassigned
Cardiac Glycosides;Unassigned
Cardiac Output;Unassigned
Cardiac Output, Low;Unassigned
Cardiac Tamponade;Unassigned
Cardiac Volume;Unassigned
Cardiolipins;Unassigned
Cardiomyopathy, Alcoholic;Unassigned
Cardiomyopathy, Dilated;Unassigned
Cardiomyopathy, Hypertrophic;Unassigned
Cardiomyopathy, Restrictive;Unassigned
Cardioplegic Solutions;Unassigned
Cardiotonic Agents;Unassigned
Cardiovascular Agents;Unassigned
Cardiovascular Diseases;Unassigned
Cardiovascular System;Unassigned
Cardiovascular Physiological Phenomena;Unassigned
Carfecillin;Unassigned
Cariogenic Agents;Unassigned
Cariostatic Agents;Unassigned
Carisoprodol;Unassigned
Carmine;Unassigned
Carmustine;Unassigned
Carnitine;Unassigned
Carnitine O-Acetyltransferase;Unassigned
Carnitine Acyltransferases;Unassigned
Carnitine O-Palmitoyltransferase;Unassigned
Carnosine;Unassigned
Carotenoids;Unassigned
Carotid Arteries;Unassigned
Carotid Artery Diseases;Unassigned
Carotid Artery Thrombosis;Unassigned
Carotid Artery, External;Unassigned
Carotid Artery, Internal;Unassigned
Carotid Body;Unassigned
Carotid Body Tumor;Unassigned
Carotid Sinus;Unassigned
Carpal Bones;Unassigned
Carpal Tunnel Syndrome;Unassigned
Carpus, Animal;Unassigned
Carrageenan;Unassigned
Carrier Proteins;Unassigned
Carteolol;Unassigned
Carticaine;Unassigned
Cartilage;Unassigned
Cartilage Diseases;Unassigned
Cartilage, Articular;Unassigned
Carubicin;Unassigned
Caseins;Unassigned
Castor Oil;Unassigned
Cat Diseases;Unassigned
Cat-Scratch Disease;Unassigned
Cyclic AMP Receptor Protein;Unassigned
Catalase;Unassigned
Catalepsy;Unassigned
Catalysis;Unassigned
Cataplexy;Unassigned
Cataract;Unassigned
Catastrophic Illness;Unassigned
Catatonia;Unassigned
Catechin;Unassigned
Estrogens, Catechol;Unassigned
Catechol O-Methyltransferase;Unassigned
Catecholamines;Unassigned
Catechols;Molecular
Cathartics;Unassigned
Cathepsin B;Unassigned
Cathepsin D;Unassigned
Cathepsins;Unassigned
Cation Exchange Resins;Unassigned
Cations;Unassigned
Cations, Divalent;Unassigned
Cations, Monovalent;Unassigned
Cattle Diseases;Unassigned
Cauda Equina;Unassigned
Caudate Nucleus;Unassigned
Causalgia;Unassigned
Caustics;Unassigned
Cavernous Sinus;Unassigned
Cecal Diseases;Unassigned
Cecal Neoplasms;Unassigned
Cecum;Unassigned
Cefaclor;Unassigned
Cefadroxil;Unassigned
Cefamandole;Unassigned
Cefatrizine;Unassigned
Cefazolin;Unassigned
Cefoperazone;Unassigned
Cefotaxime;Unassigned
Cefoxitin;Unassigned
Cefsulodin;Unassigned
Ceftazidime;Unassigned
Ceftriaxone;Unassigned
Cefuroxime;Unassigned
Celiac Artery;Unassigned
Celiac Disease;Unassigned
Celiac Plexus;Unassigned
Cell Adhesion;Unassigned
Cell Aggregation;Unassigned
Cell Communication;Unassigned
Cell Compartmentation;Unassigned
Cell Count;Unassigned
Cell Cycle;Unassigned
Cell Differentiation;Unassigned
Cell Division;Unassigned
Cell Extracts;Unassigned
Cell Fusion;Unassigned
Cell Line;Uncategorized
Cell Line, Transformed;Unassigned
Cell Membrane;Unassigned
Cell Membrane Permeability;Unassigned
Cell Migration Inhibition;Unassigned
Cell Movement;Cellular
Cell Nucleolus;Unassigned
Cell Nucleus;Unassigned
Cell Physiological Phenomena;Unassigned
Cell Survival;Cellular
Cell Transformation, Neoplastic;Unassigned
Cell Transformation, Viral;Unassigned
Cell Wall;Unassigned
Cell-Free System;Unassigned
Cellobiose;Unassigned
Cellophane;Unassigned
Cells;Unassigned
Cells, Cultured;Uncategorized
Inclusion Bodies;Unassigned
Cellulase;Unassigned
Cellulitis;Unassigned
Cellulose;Unassigned
Cellulose, Oxidized;Unassigned
Cementoma;Unassigned
Centchroman;Unassigned
Central Nervous System;Unassigned
Central Nervous System Agents;Unassigned
Central Nervous System Depressants;Unassigned
Central Nervous System Diseases;Unassigned
Central Nervous System Infections;Unassigned
Central Venous Pressure;Unassigned
Centrioles;Unassigned
Centromere;Unassigned
Meclofenoxate;Unassigned
Cephacetrile;Unassigned
Cephalexin;Unassigned
Cephaloglycin;Unassigned
Cephaloridine;Unassigned
Cephalosporinase;Unassigned
Cephalosporins;Unassigned
Cephalothin;Unassigned
Cephamycins;Unassigned
Cephapirin;Unassigned
Cephradine;Unassigned
Galactosylgalactosylglucosylceramidase;Unassigned
Ceramides;Unassigned
Edible Grain;Unassigned
Cerebellar Ataxia;Unassigned
Cerebellar Cortex;Unassigned
Cerebellar Diseases;Unassigned
Myoclonic Cerebellar Dyssynergia;Unassigned
Cerebellar Neoplasms;Unassigned
Cerebellar Nuclei;Unassigned
Cerebellopontine Angle;Unassigned
Cerebellum;Unassigned
Intracranial Aneurysm;Unassigned
Hypoxia, Brain;Unassigned
Cerebral Aqueduct;Unassigned
Cerebral Arteries;Unassigned
Intracranial Arteriosclerosis;Unassigned
Intracranial Arteriovenous Malformations;Unassigned
Cerebral Arterial Diseases;Unassigned
Cerebral Cortex;Unassigned
Intracranial Embolism and Thrombosis;Unassigned
Cerebral Hemorrhage;Unassigned
Cerebral Infarction;Unassigned
Brain Ischemia;Unassigned
Ischemic Attack, Transient;Unassigned
Cerebral Palsy;Unassigned
Diffuse Cerebral Sclerosis of Schilder;Unassigned
Cerebral Veins;Unassigned
Cerebral Ventricle Neoplasms;Unassigned
Cerebral Ventricles;Unassigned
Cerebroside-Sulfatase;Unassigned
Cerebrosides;Unassigned
Cerebrospinal Fluid;Unassigned
Cerebrospinal Fluid Proteins;Unassigned
Cerebrospinal Fluid Otorrhea;Unassigned
Cerebrospinal Fluid Rhinorrhea;Unassigned
Cerebrovascular Circulation;Unassigned
Cerebrovascular Disorders;Unassigned
Cerium;Unassigned
Cerium Isotopes;Unassigned
Cerium Radioisotopes;Unassigned
Ceroid;Unassigned
Cerulenin;Unassigned
Ceruloplasmin;Unassigned
Cerumen;Unassigned
Cervical Plexus;Unassigned
Cervical Rib Syndrome;Unassigned
Cervical Vertebrae;Unassigned
Uterine Cervicitis;Unassigned
Uterine Cervical Diseases;Unassigned
Uterine Cervical Dysplasia;Unassigned
Uterine Cervical Erosion;Unassigned
Uterine Cervical Incompetence;Unassigned
Cervix Mucus;Unassigned
Uterine Cervical Neoplasms;Unassigned
Cervix Uteri;Unassigned
Cesium;Unassigned
Cesium Isotopes;Unassigned
Cesium Radioisotopes;Unassigned
Cestode Infections;Unassigned
Cetomacrogol;Unassigned
Cetrimonium Compounds;Unassigned
Cetylpyridinium;Unassigned
Cevanes;Unassigned
Chagas Cardiomyopathy;Unassigned
Chalcone;Unassigned
Chancre;Unassigned
Chancroid;Unassigned
Charcoal;Unassigned
Charcot-Marie-Tooth Disease;Unassigned
Chediak-Higashi Syndrome;Unassigned
Cheek;Unassigned
Cheese;Unassigned
Cheilitis;Tissue
Chelating Agents;Unassigned
Chemical Warfare Agents;Unassigned
Pharmacological and Toxicological Phenomena;Unassigned
Chemoreceptor Cells;Unassigned
Chemosterilants;Unassigned
Chemotactic Factors;Unassigned
Chemotactic Factors, Eosinophil;Unassigned
Chemotaxis;Unassigned
Chemotaxis, Leukocyte;Unassigned
Chenodeoxycholic Acid;Unassigned
Cherubism;Unassigned
Chest Pain;Unassigned
Chewing Gum;Unassigned
Cheyne-Stokes Respiration;Unassigned
Chiari-Frommel Syndrome;Unassigned
Chick Embryo;Unassigned
Chickenpox;Unassigned
Chilblains;Unassigned
Child Development;Unassigned
Child Nutritional Physiological Phenomena;Unassigned
Chin;Unassigned
Chitin;Unassigned
Chitin Synthase;Unassigned
Chitinases;Unassigned
Chlamydia Infections;Unassigned
Chlamydiaceae Infections;Unassigned
Chloral Hydrate;Unassigned
Chloralose;Unassigned
Chlorambucil;Unassigned
Chloramines;Unassigned
Chloramphenicol;Unassigned
Chloramphenicol Resistance;Unassigned
Chloranil;Unassigned
Chlorates;Unassigned
Chlordan;Unassigned
Chlordiazepoxide;Unassigned
Chlorfenvinphos;Unassigned
Chlorhexidine;Stressor
Chloride Peroxidase;Unassigned
Chlorides;Unassigned
Chlorine;Unassigned
Chlorisondamine;Unassigned
Chlormadinone Acetate;Unassigned
Chlormequat;Unassigned
Chlormerodrin;Unassigned
Chlormethiazole;Unassigned
Chlormezanone;Unassigned
omega-Chloroacetophenone;Unassigned
Chlorobenzenes;Unassigned
Chlorobenzoates;Unassigned
Chlorobutanol;Unassigned
Chloroform;Unassigned
Chlorogenic Acid;Unassigned
Proguanil;Unassigned
Chlorohydrins;Unassigned
Chloromercuribenzoates;Unassigned
Chloromercurinitrophenols;Unassigned
4-Chloromercuribenzenesulfonate;Unassigned
Chlorophenols;Unassigned
Chlorophyll;Unassigned
Chlorophyllides;Unassigned
Chloroplasts;Unassigned
Chloroprene;Unassigned
Chloroquine;Unassigned
Chloroquinolinols;Unassigned
Chlorothiazide;Unassigned
Chlorotrianisene;Unassigned
Chlorphenamidine;Unassigned
Chlorphenesin;Unassigned
Chlorpheniramine;Unassigned
Chlorphentermine;Unassigned
Chlorpromazine;Unassigned
Chlorpropamide;Unassigned
Chlorpropham;Unassigned
Chlorprothixene;Unassigned
Chlorquinaldol;Unassigned
Chlortetracycline;Unassigned
Chlorthalidone;Unassigned
Chlorzoxazone;Unassigned
Choanal Atresia;Unassigned
Cholagogues and Choleretics;Unassigned
Cholanes;Unassigned
Adenoma, Bile Duct;Unassigned
Cholangitis;Unassigned
Cholecalciferol;Unassigned
Cholecystitis;Unassigned
Cholecystokinin;Unassigned
Cholelithiasis;Unassigned
Cholenes;Unassigned
Cholera;Unassigned
Cholera Toxin;Unassigned
Cholestadienes;Unassigned
Cholestadienols;Unassigned
Cholestanes;Unassigned
Cholestanols;Unassigned
Cholestanones;Unassigned
Cholestasis;Unassigned
Cholestasis, Intrahepatic;Unassigned
Cholesteatoma;Unassigned
Cholestenes;Unassigned
Cholestenones;Unassigned
Cholesterol;Unassigned
Sterol O-Acyltransferase;Unassigned
Cholesterol Side-Chain Cleavage Enzyme;Unassigned
Sterol Esterase;Unassigned
Cholesterol Esters;Unassigned
Cholesterol Oxidase;Unassigned
Cholesterol 7-alpha-Hydroxylase;Unassigned
Cholesterol, Dietary;Unassigned
Cholestyramine Resin;Unassigned
Cholic Acids;Unassigned
Choline;Unassigned
Choline O-Acetyltransferase;Unassigned
Choline Deficiency;Unassigned
Choline Kinase;Unassigned
Diacylglycerol Cholinephosphotransferase;Unassigned
Cholinergic Fibers;Unassigned
Cholinesterase Inhibitors;Unassigned
Cholinesterase Reactivators;Unassigned
Cholinesterases;Unassigned
Chondro-4-Sulfatase;Unassigned
Chondroblastoma;Unassigned
Chondrocalcinosis;Unassigned
Chondrodysplasia Punctata;Unassigned
Chondroitin;Unassigned
Chondroitin Lyases;Unassigned
Chondroitin Sulfates;Unassigned
Chondroitinases and Chondroitin Lyases;Unassigned
Chondroitinsulfatases;Unassigned
Chondroma;Unassigned
Chondrosarcoma;Unassigned
Chorda Tympani Nerve;Unassigned
Chordae Tendineae;Unassigned
Chordoma;Unassigned
Chorea;Unassigned
Hydatidiform Mole, Invasive;Unassigned
Chorioamnionitis;Unassigned
Choriocarcinoma;Unassigned
Chorion;Unassigned
Chorionic Villi;Unassigned
Chorioretinitis;Unassigned
Chorismate Mutase;Unassigned
Chorismic Acid;Unassigned
Choristoma;Unassigned
Choroid;Unassigned
Choroid Neoplasms;Unassigned
Choroid Plexus;Unassigned
Choroid Hemorrhage;Unassigned
Choroiditis;Unassigned
Hemophilia B;Unassigned
Chromaffin Granules;Unassigned
Chromaffin System;Unassigned
Chromans;Unassigned
Chromates;Unassigned
Chromatids;Unassigned
Chromatin;Unassigned
Chromatophores;Unassigned
Chromium;Molecular
Chromium Alloys;Unassigned
Chromium Isotopes;Unassigned
Chromium Radioisotopes;Unassigned
Chromoblastomycosis;Unassigned
Chromogenic Compounds;Unassigned
Chromogranins;Unassigned
Chromomycins;Unassigned
Chromonar;Unassigned
Chromones;Unassigned
Chromosomal Proteins, Non-Histone;Unassigned
Chromosome Aberrations;Unassigned
Chromosome Deletion;Unassigned
Chromosome Fragility;Unassigned
Chromosomes;Unassigned
Chromosomes, Bacterial;Unassigned
Chromosomes, Human;Unassigned
Chromosomes, Human, Pair 1;Unassigned
Chromosomes, Human, Pair 10;Unassigned
Chromosomes, Human, Pair 11;Unassigned
Chromosomes, Human, Pair 12;Unassigned
Chromosomes, Human, Pair 13;Unassigned
Chromosomes, Human, Pair 14;Unassigned
Chromosomes, Human, Pair 15;Unassigned
Chromosomes, Human, Pair 16;Unassigned
Chromosomes, Human, Pair 17;Unassigned
Chromosomes, Human, Pair 18;Unassigned
Chromosomes, Human, Pair 19;Unassigned
Chromosomes, Human, Pair 2;Unassigned
Chromosomes, Human, Pair 20;Unassigned
Chromosomes, Human, Pair 21;Unassigned
Chromosomes, Human, Pair 22;Unassigned
Chromosomes, Human, Pair 3;Unassigned
Chromosomes, Human, Pair 4;Unassigned
Chromosomes, Human, Pair 5;Unassigned
Chromosomes, Human, Pair 6;Unassigned
Chromosomes, Human, Pair 7;Unassigned
Chromosomes, Human, Pair 8;Unassigned
Chromosomes, Human, Pair 9;Unassigned
Chromosomes, Human, 1-3;Unassigned
Chromosomes, Human, 13-15;Unassigned
Chromosomes, Human, 16-18;Unassigned
Chromosomes, Human, 19-20;Unassigned
Chromosomes, Human, 21-22 and Y;Unassigned
Chromosomes, Human, 4-5;Unassigned
Chromosomes, Human, 6-12 and X;Unassigned
Chronaxy;Unassigned
Chronic Disease;Adverse Outcome
Chronobiology Phenomena;Unassigned
Chronology as Topic;Unassigned
Chrysenes;Unassigned
Chyle;Unassigned
Chylomicrons;Unassigned
Chylous Ascites;Unassigned
Chylothorax;Unassigned
Chymopapain;Unassigned
Chymotrypsin;Unassigned
Chymotrypsinogen;Unassigned
Cialit;Unassigned
Cicatrix;Unassigned
Ciguatoxins;Unassigned
Cilia;Unassigned
Ciliary Body;Unassigned
Ciliary Motility Disorders;Unassigned
Cimetidine;Unassigned
Cinanserin;Unassigned
Cinchona Alkaloids;Unassigned
Cinnamates;Unassigned
Cinnarizine;Unassigned
Cinoxacin;Unassigned
Ciprofloxacin;Unassigned
Circadian Rhythm;Unassigned
Circle of Willis;Unassigned
Circulatory and Respiratory Physiological Phenomena;Unassigned
Cisplatin;Unassigned
Cisterna Magna;Unassigned
Cities;Unassigned
Citraconic Anhydrides;Unassigned
Citrate (si)-Synthase;Unassigned
Citrates;Unassigned
Citric Acid Cycle;Unassigned
Citrinin;Unassigned
Leucovorin;Unassigned
Citrulline;Unassigned
Clathrin;Unassigned
Clavicle;Unassigned
Clavulanic Acids;Unassigned
Cleavage Stage, Ovum;Unassigned
Cleft Lip;Unassigned
Cleft Palate;Unassigned
Cleidocranial Dysplasia;Unassigned
Clemastine;Unassigned
Clenbuterol;Unassigned
Climacteric;Unassigned
Climate;Unassigned
Clindamycin;Unassigned
Clitoris;Unassigned
Cloaca;Unassigned
Cloacin;Unassigned
Clobetasol;Unassigned
Clofazimine;Unassigned
Clofenapate;Unassigned
Clofibrate;Unassigned
Clofibric Acid;Unassigned
Clomiphene;Unassigned
Clomipramine;Unassigned
Clonazepam;Unassigned
Clone Cells;Unassigned
Clonidine;Unassigned
Clonixin;Unassigned
Clonorchiasis;Unassigned
Clopamide;Unassigned
Clopenthixol;Unassigned
Clopidol;Unassigned
Cloprostenol;Unassigned
Clorazepate Dipotassium;Unassigned
Clorgyline;Unassigned
Closing Volume;Unassigned
Microbial Collagenase;Unassigned
Clostridium Infections;Unassigned
Clot Retraction;Unassigned
Clotrimazole;Unassigned
Cloxacillin;Unassigned
Clozapine;Unassigned
Clubfoot;Unassigned
Clupeine;Unassigned
Cluster Headache;Unassigned
CME-Carbodiimide;Unassigned
Coagulants;Unassigned
Coagulase;Unassigned
Coal;Unassigned
Coal Tar;Unassigned
Coated Pits, Cell-Membrane;Unassigned
Cobalt;Molecular
Cobalt Isotopes;Unassigned
Cobalt Radioisotopes;Unassigned
Cobamides;Unassigned
Cobra Neurotoxin Proteins;Unassigned
Cocaine;Unassigned
Cocarcinogenesis;Unassigned
Coccidioidin;Unassigned
Coccidioidomycosis;Unassigned
Coccidiosis;Unassigned
Coccidiostats;Unassigned
Coccyx;Unassigned
Cochlea;Unassigned
Cochlear Aqueduct;Unassigned
Cochlear Duct;Unassigned
Cochlear Microphonic Potentials;Unassigned
Cochlear Nerve;Unassigned
Cockayne Syndrome;Unassigned
Cod Liver Oil;Unassigned
Codeine;Unassigned
Codon;Unassigned
Cnidarian Venoms;Unassigned
Coenzyme A;Unassigned
Coenzyme A Ligases;Unassigned
Coenzymes;Unassigned
Coffee;Unassigned
Coformycin;Unassigned
Solitary Pulmonary Nodule;Unassigned
Coitus;Unassigned
Coke;Unassigned
Colchicine;Unassigned
Cold Temperature;Unassigned
Cold Climate;Unassigned
Colestipol;Unassigned
Colic;Unassigned
Bacteriocin Plasmids;Unassigned
Colicins;Unassigned
Colipases;Unassigned
Colistin;Unassigned
Colitis;Unassigned
Colitis, Ulcerative;Unassigned
Collagen;Unassigned
Collagen Diseases;Unassigned
Collateral Circulation;Unassigned
Colles' Fracture;Unassigned
Collodion;Unassigned
Colloids;Unassigned
Coloboma;Unassigned
Colon;Unassigned
Colonic Diseases;Unassigned
Colonic Diseases, Functional;Unassigned
Colonic Neoplasms;Unassigned
Colonic Polyps;Unassigned
Colonic Pseudo-Obstruction;Unassigned
Colony-Stimulating Factors;Unassigned
Color;Unassigned
Color Vision Defects;Unassigned
Colorado Tick Fever;Unassigned
Colorectal Neoplasms, Hereditary Nonpolyposis;Unassigned
Colostrum;Unassigned
Coma;Unassigned
Comb and Wattles;Unassigned
Common Bile Duct;Unassigned
Common Bile Duct Diseases;Unassigned
Common Bile Duct Neoplasms;Unassigned
Common Cold;Unassigned
Communicable Diseases;Unassigned
Communication Disorders;Unassigned
Compartment Syndromes;Unassigned
Complement System Proteins;Unassigned
Complement Activating Enzymes;Unassigned
Complement Activation;Unassigned
Complement Inactivator Proteins;Unassigned
Complement Pathway, Alternative;Unassigned
Complement Pathway, Classical;Unassigned
Complement C1;Unassigned
Complement C1s;Unassigned
Complement C1 Inactivator Proteins;Unassigned
Complement C2;Unassigned
Complement C3;Unassigned
Complement C3 Nephritic Factor;Unassigned
Complement C3b;Unassigned
Complement C3b Inactivator Proteins;Unassigned
Complement C4;Unassigned
Complement C5;Unassigned
Complement C6;Unassigned
Complement C7;Unassigned
Complement C8;Unassigned
Complement C9;Unassigned
Compliance;Unassigned
Composite Resins;Unassigned
p-Methoxy-N-methylphenethylamine;Unassigned
Conalbumin;Unassigned
Concanavalin A;Unassigned
Condiments;Unassigned
Condylomata Acuminata;Unassigned
Confusion;Unassigned
Congo Red;Unassigned
Conjugation, Genetic;Unassigned
Conjunctiva;Unassigned
Conjunctival Diseases;Unassigned
Conjunctival Neoplasms;Unassigned
Conjunctivitis;Unassigned
Conjunctivitis, Acute Hemorrhagic;Unassigned
Conjunctivitis, Allergic;Adverse Outcome
Conjunctivitis, Bacterial;Unassigned
Conjunctivitis, Inclusion;Unassigned
Conjunctivitis, Viral;Unassigned
Connective Tissue;Unassigned
Connective Tissue Cells;Unassigned
Connective Tissue Diseases;Unassigned
Consanguinity;Unassigned
Consciousness Disorders;Unassigned
Constipation;Unassigned
Constriction, Pathologic;Unassigned
Contact Inhibition;Unassigned
Contingent Negative Variation;Unassigned
Contraception Behavior;Unassigned
Contraceptive Agents;Unassigned
Contraceptive Agents, Female;Unassigned
Contraceptive Agents, Male;Unassigned
Contraceptives, Oral;Unassigned
Contraceptives, Oral, Combined;Unassigned
Contraceptives, Oral, Hormonal;Unassigned
Contraceptives, Oral, Sequential;Unassigned
Contraceptives, Oral, Synthetic;Unassigned
Contraceptives, Postcoital;Unassigned
Contraceptives, Postcoital, Hormonal;Unassigned
Contraceptives, Postcoital, Synthetic;Unassigned
Contractile Proteins;Unassigned
Contracture;Unassigned
Contrast Media;Unassigned
Contusions;Unassigned
Convalescence;Unassigned
Convergence, Ocular;Unassigned
Convulsants;Unassigned
Seizures, Febrile;Unassigned
Copper;Unassigned
Copper Radioisotopes;Unassigned
Coproporphyrinogen Oxidase;Unassigned
Coproporphyrinogens;Unassigned
Coproporphyrins;Unassigned
Cor Triatriatum;Unassigned
Cord Factors;Unassigned
Coriolis Force;Unassigned
Corn Oil;Unassigned
Cornea;Unassigned
Corneal Diseases;Unassigned
Corneal Dystrophies, Hereditary;Unassigned
Corneal Opacity;Unassigned
Corneal Stroma;Unassigned
Corneal Ulcer;Unassigned
Coronary Aneurysm;Unassigned
Coronary Artery Disease;Unassigned
Coronary Circulation;Unassigned
Coronary Disease;Unassigned
Coronary Thrombosis;Unassigned
Coronary Vasospasm;Unassigned
Coronary Vessel Anomalies;Unassigned
Coronary Vessels;Unassigned
Coronaviridae Infections;Unassigned
Corpora Allata;Unassigned
Tectum Mesencephali;Unassigned
Corpus Callosum;Unassigned
Corpus Luteum;Unassigned
Corpus Luteum Hormones;Unassigned
Corpus Luteum Maintenance;Unassigned
Luteolysis;Unassigned
Corpus Striatum;Unassigned
Corrosion;Unassigned
Cortical Synchronization;Unassigned
Corticosterone;Unassigned
Corticotropin-Releasing Hormone;Unassigned
Cortisone;Unassigned
Cortisone Reductase;Unassigned
Cortodoxone;Unassigned
Corynebacterium Infections;Unassigned
Cosmetics;Stressor
Cosmic Radiation;Unassigned
Cosmids;Unassigned
Cosyntropin;Unassigned
Cotinine;Unassigned
Cottonseed Oil;Unassigned
Cough;Unassigned
Coumaphos;Unassigned
Coumaric Acids;Unassigned
Coumarins;Unassigned
Coumestrol;Unassigned
Coxsackievirus Infections;Unassigned
Cracked Tooth Syndrome;Unassigned
Cranial Fossa, Posterior;Unassigned
Cranial Nerve Diseases;Unassigned
Cranial Nerve Neoplasms;Unassigned
Cranial Nerves;Unassigned
Cranial Sinuses;Unassigned
Cranial Sutures;Unassigned
Craniofacial Dysostosis;Unassigned
Craniopharyngioma;Unassigned
Craniosynostoses;Unassigned
Creatine;Unassigned
Creatine Kinase;Unassigned
Creatinine;Unassigned
Creosote;Unassigned
Cresols;Unassigned
Congenital Hypothyroidism;Unassigned
Cri-du-Chat Syndrome;Unassigned
Cricoid Cartilage;Unassigned
Crigler-Najjar Syndrome;Unassigned
Crisscross Heart;Unassigned
Crohn Disease;Unassigned
Flurogestone Acetate;Unassigned
Crop, Avian;Unassigned
Cross Infection;Unassigned
Cross Reactions;Molecular
Cross-Linking Reagents;Unassigned
Crossing Over, Genetic;Unassigned
Crotalid Venoms;Unassigned
Croton Oil;Unassigned
Crotonates;Unassigned
Crotoxin;Unassigned
Croup;Unassigned
Crush Syndrome;Unassigned
Cryoglobulinemia;Unassigned
Cryoglobulins;Unassigned
Cryoprotective Agents;Unassigned
Cryptococcosis;Unassigned
Cryptorchidism;Unassigned
Cryptosporidiosis;Unassigned
Crystallins;Unassigned
Crystallization;Unassigned
Culture Media;Unassigned
Cuprizone;Unassigned
Curare;Unassigned
Neuromuscular Nondepolarizing Agents;Unassigned
Curcumin;Unassigned
Curium;Unassigned
Cushing Syndrome;Unassigned
Cuspid;Unassigned
Cutis Laxa;Unassigned
Cyanamide;Unassigned
Cyanates;Unassigned
Cyanides;Unassigned
Cyanoacrylates;Unassigned
Cyanogen Bromide;Unassigned
Cyanoketone;Unassigned
Cyanosis;Unassigned
Cycasin;Unassigned
Cyclacillin;Unassigned
Cyclamates;Unassigned
Cyclandelate;Unassigned
Cyclazocine;Unassigned
Cyclic N-Oxides;Unassigned
Cyclic P-Oxides;Unassigned
Cyclic S-Oxides;Unassigned
Cyclization;Unassigned
Cyclizine;Unassigned
Cyclobutanes;Unassigned
Ancitabine;Unassigned
Cyclodextrins;Unassigned
Cyclofenil;Unassigned
Cycloheptanes;Unassigned
Cyclohexanecarboxylic Acids;Unassigned
Cyclohexanes;Unassigned
Cyclohexanols;Unassigned
Cyclohexanones;Unassigned
Cycloheximide;Unassigned
Cyclohexylamines;Unassigned
Cycloleucine;Unassigned
Cycloparaffins;Unassigned
Cyclopentanes;Unassigned
Cyclopenthiazide;Unassigned
Cyclopentolate;Unassigned
Cyclophosphamide;Unassigned
Cyclopropanes;Unassigned
Cycloserine;Unassigned
Cyclosporins;Unassigned
Cyclosteroids;Unassigned
Carcinoma, Adenoid Cystic;Unassigned
Cymarine;Unassigned
Cyproheptadine;Unassigned
Cyproterone;Unassigned
Cystadenocarcinoma;Unassigned
Cystadenoma;Unassigned
Cystamine;Unassigned
Cystaphos;Unassigned
Cystathionine;Unassigned
Cystathionine beta-Synthase;Unassigned
Cystathionine gamma-Lyase;Unassigned
Cysteamine;Unassigned
Cysteic Acid;Unassigned
Cysteine;Unassigned
Cysteine Endopeptidases;Unassigned
Cysteine Synthase;Unassigned
Cysteinyldopa;Unassigned
Cystic Duct;Unassigned
Cystic Fibrosis;Unassigned
Cysticercosis;Unassigned
Cystine;Unassigned
Cystinosis;Unassigned
Cystinuria;Unassigned
Cystitis;Unassigned
Phyllodes Tumor;Unassigned
Cysts;Unassigned
Cytarabine;Unassigned
Cytidine;Unassigned
Cyclic CMP;Unassigned
Cytidine Deaminase;Unassigned
Cytidine Diphosphate;Unassigned
Cytidine Diphosphate Choline;Unassigned
Cytidine Diphosphate Diglycerides;Unassigned
Cytidine Monophosphate;Unassigned
Cytidine Monophosphate N-Acetylneuraminic Acid;Unassigned
Cytidine Triphosphate;Unassigned
Cytochalasin B;Unassigned
Cytochalasins;Unassigned
Cytochrome b Group;Unassigned
Cytochrome c Group;Unassigned
Cytochromes c1;Unassigned
Electron Transport Complex IV;Unassigned
Cytochrome P-450 Enzyme System;Unassigned
Cytochrome-c Peroxidase;Unassigned
Cytochrome Reductases;Unassigned
Cytochromes;Unassigned
Cytokinins;Unassigned
Cytomegalovirus Infections;Unassigned
Cytopathogenic Effect, Viral;Unassigned
Cytoplasm;Unassigned
Cytoplasmic Granules;Unassigned
Cytoplasmic Streaming;Unassigned
Cytosine;Unassigned
Cytosine Nucleotides;Unassigned
Cytoskeletal Proteins;Unassigned
Cytoskeleton;Unassigned
Cytosol;Unassigned
Cytotoxicity, Immunologic;Unassigned
Cytotoxins;Unassigned
D-Amino-Acid Oxidase;Unassigned
Dacarbazine;Unassigned
Dacryocystitis;Unassigned
Dactinomycin;Unassigned
Dairy Products;Unassigned
Danazol;Unassigned
Dandy-Walker Syndrome;Unassigned
Dansyl Compounds;Unassigned
Dantrolene;Unassigned
Dapsone;Unassigned
Dark Adaptation;Unassigned
Darkness;Unassigned
Daunorubicin;Unassigned
Dichlorodiphenyldichloroethane;Unassigned
Dichlorodiphenyl Dichloroethylene;Unassigned
DDT;Unassigned
De Lange Syndrome;Unassigned
DEAE-Cellulose;Unassigned
DEAE-Dextran;Unassigned
Deafness;Unassigned
Hearing Loss, Sudden;Unassigned
Dealkylation;Unassigned
Deamination;Unassigned
Deanol;Unassigned
Death;Unassigned
Death, Sudden;Unassigned
Debrisoquin;Unassigned
Decalcification, Pathologic;Unassigned
Decamethonium Compounds;Unassigned
Decanoates;Unassigned
Decanoic Acids;Unassigned
Decarboxylation;Unassigned
Deceleration;Unassigned
Decerebrate State;Unassigned
Decidua;Unassigned
Decision Theory;Unassigned
Decision Trees;Unassigned
Decompression;Unassigned
Decompression Sickness;Unassigned
Decoquinate;Unassigned
Pressure Ulcer;Unassigned
DEET;Unassigned
Defecation;Unassigned
Deferoxamine;Unassigned
Deficiency Diseases;Unassigned
Defoliants, Chemical;Unassigned
Deglutition;Unassigned
Deglutition Disorders;Unassigned
Dehydration;Unassigned
Dehydroascorbatase;Unassigned
Dehydroascorbic Acid;Unassigned
Dehydrocholesterols;Unassigned
Dehydrocholic Acid;Unassigned
Dehydroepiandrosterone;Unassigned
Vestibular Nucleus, Lateral;Unassigned
Delayed-Action Preparations;Unassigned
Delirium;Unassigned
Hepatitis D;Unassigned
Delta Rhythm;Unassigned
Delta Sleep-Inducing Peptide;Unassigned
Demecolcine;Unassigned
Dementia;Unassigned
Demeclocycline;Unassigned
Nordazepam;Unassigned
Demyelinating Diseases;Unassigned
Dendrites;Unassigned
Dendritic Cells;Cellular
Dengue;Unassigned
Dens in Dente;Unassigned
Dental Alloys;Unassigned
Dental Amalgam;Unassigned
Dental Arch;Unassigned
Dental Calculus;Unassigned
Dental Caries;Unassigned
Dental Caries Susceptibility;Unassigned
Dental Casting Investment;Unassigned
Dental Cements;Unassigned
Dental Cementum;Unassigned
Dental Deposits;Unassigned
Dental Enamel;Unassigned
Dental Enamel Hypoplasia;Unassigned
Dental Enamel Permeability;Unassigned
Dental Enamel Proteins;Unassigned
Dental Enamel Solubility;Unassigned
Dental Fissures;Unassigned
Dental Fistula;Unassigned
Dental Impression Materials;Unassigned
Dental Leakage;Unassigned
Dental Materials;Stressor
Dental Occlusion;Unassigned
Dental Occlusion, Traumatic;Unassigned
Dental Papilla;Unassigned
Dental Plaque;Unassigned
Dental Porcelain;Unassigned
Dental Pulp;Unassigned
Dental Pulp Calcification;Unassigned
Dental Pulp Cavity;Unassigned
Dental Pulp Diseases;Unassigned
Dental Pulp Exposure;Unassigned
Dental Pulp Necrosis;Unassigned
Dental Sac;Unassigned
Dentifrices;Unassigned
Dentigerous Cyst;Unassigned
Dentin;Unassigned
Dentin Dysplasia;Unassigned
Dentin Permeability;Unassigned
Dentin Sensitivity;Unassigned
Dentin Solubility;Unassigned
Dentin, Secondary;Unassigned
Dentinogenesis;Unassigned
Dentinogenesis Imperfecta;Unassigned
Dentition;Unassigned
Dentition, Mixed;Unassigned
Denture Cleansers;Unassigned
Deodorants;Stressor
Deoxy Sugars;Unassigned
Deoxyadenine Nucleotides;Unassigned
Deoxyadenosines;Unassigned
Deoxycholic Acid;Unassigned
Deoxycytidine;Unassigned
Deoxycytidine Kinase;Unassigned
Deoxycytidine Monophosphate;Unassigned
DCMP Deaminase;Unassigned
Deoxycytosine Nucleotides;Unassigned
Deoxyepinephrine;Unassigned
Deoxyglucose;Unassigned
Deoxyguanine Nucleotides;Unassigned
Deoxyguanosine;Unassigned
Deoxyribonuclease I;Unassigned
Deoxyribonucleases;Unassigned
Deoxyribonucleoproteins;Unassigned
Deoxyribonucleosides;Unassigned
Deoxyribonucleotides;Unassigned
Deoxyribose;Unassigned
Deoxyuracil Nucleotides;Unassigned
Deoxyuridine;Unassigned
Depression, Chemical;Unassigned
Dequalinium;Unassigned
Dermatan Sulfate;Unassigned
Dermatitis;Adverse Outcome
Dermatitis, Exfoliative;Unassigned
Dermatitis Herpetiformis;Unassigned
Drug Eruptions;Tissue
Dermatitis, Atopic;Adverse Outcome
Dermatitis, Contact;Adverse Outcome
Dermatologic Agents;Stressor
Dermatomycoses;Unassigned
Dermatomyositis;Unassigned
Dermoid Cyst;Unassigned
Dermotoxins;Unassigned
Descemet Membrane;Unassigned
Desert Climate;Unassigned
Desiccation;Unassigned
Desipramine;Unassigned
Deslanoside;Unassigned
Desmin;Unassigned
Deamino Arginine Vasopressin;Unassigned
Desmosine;Unassigned
Desmosomes;Unassigned
Desmosterol;Unassigned
Desonide;Unassigned
Desoximetasone;Unassigned
Desoxycorticosterone;Unassigned
Detergents;Stressor
Deuterium;Unassigned
Deuteroporphyrins;Unassigned
Dexamethasone;Unassigned
Dexamethasone Isonicotinate;Unassigned
Dexetimide;Unassigned
Dextranase;Unassigned
Dextrans;Unassigned
Dextrins;Unassigned
Dextroamphetamine;Unassigned
Dextrocardia;Unassigned
Dextromethorphan;Unassigned
Dextromoramide;Unassigned
Dextrorphan;Unassigned
Dextrothyroxine;Unassigned
Diabetes Insipidus;Unassigned
Diabetes Mellitus;Adverse Outcome
Diabetes Mellitus, Experimental;Unassigned
Diabetes Mellitus, Type 1;Adverse Outcome
Diabetes Mellitus, Lipoatrophic;Unassigned
Diabetes Mellitus, Type 2;Unassigned
Diabetic Angiopathies;Unassigned
Diabetic Coma;Unassigned
Diet, Diabetic;Unassigned
Diabetic Nephropathies;Unassigned
Diabetic Neuropathies;Unassigned
Diabetic Retinopathy;Unassigned
Diacetyl;Unassigned
Heroin;Unassigned
Dialysis;Unassigned
Diamfenetide;Unassigned
Diamide;Unassigned
Diamines;Unassigned
Diaminopimelic Acid;Unassigned
Dianhydrogalactitol;Unassigned
Dianisidine;Unassigned
Diaper Rash;Unassigned
Diaphragm;Unassigned
Diaphragmatic Eventration;Unassigned
Camurati-Engelmann Syndrome;Unassigned
Diarrhea;Unassigned
Diarrhea, Infantile;Unassigned
Vipoma;Unassigned
Diastema;Unassigned
Diastole;Unassigned
Diatrizoate;Unassigned
Diatrizoate Meglumine;Unassigned
Diazepam;Unassigned
Diazinon;Unassigned
Diazomethane;Unassigned
Diazonium Compounds;Unassigned
Diazooxonorleucine;Unassigned
Diazoxide;Unassigned
Dibekacin;Unassigned
Dibenzylchlorethamine;Unassigned
Dibenzazepines;Unassigned
Dibenzocycloheptenes;Unassigned
Dibenzothiazepines;Unassigned
Dibenzothiepins;Unassigned
Dibenzoxazepines;Unassigned
Dibenzoxepins;Unassigned
Dibromothymoquinone;Unassigned
Dibucaine;Stressor
Dibutyl Phthalate;Unassigned
Bucladesine;Unassigned
Dibutyryl Cyclic GMP;Unassigned
Dicamba;Unassigned
Dicarbethoxydihydrocollidine;Unassigned
Dicarboxylic Acids;Unassigned
Dichloroacetic Acid;Unassigned
Dichloroethylenes;Unassigned
Clodronic Acid;Unassigned
Dichlorophen;Unassigned
Dichlororibofuranosylbenzimidazole;Unassigned
Dichlorphenamide;Unassigned
Dichlorvos;Unassigned
Diclofenac;Stressor
Dicloxacillin;Unassigned
Dicofol;Unassigned
Dicrocoeliasis;Unassigned
Dictyocaulus Infections;Unassigned
Dicyclohexylcarbodiimide;Unassigned
Dicyclomine;Unassigned
Dieldrin;Unassigned
Diencephalon;Unassigned
Dienestrol;Unassigned
Dientamoebiasis;Unassigned
Diestrus;Unassigned
Diet;Unassigned
Diet Fads;Unassigned
Diet, Atherogenic;Unassigned
Diet, Cariogenic;Unassigned
Diet, Reducing;Unassigned
Diet, Sodium-Restricted;Unassigned
Dietary Carbohydrates;Unassigned
Dietary Fats;Unassigned
Dietary Fats, Unsaturated;Unassigned
Dietary Fiber;Unassigned
Dietary Proteins;Unassigned
Diethyl Pyrocarbonate;Unassigned
Diethylamines;Unassigned
Diethylcarbamazine;Unassigned
Ditiocarb;Stressor
Diethylhexyl Phthalate;Unassigned
Diethylnitrosamine;Unassigned
Diethylpropion;Unassigned
Diethylstilbestrol;Unassigned
Hyperostosis, Diffuse Idiopathic Skeletal;Unassigned
Diffusion;Unassigned
Diflucortolone;Unassigned
Diflunisal;Unassigned
DiGeorge Syndrome;Unassigned
Digestion;Unassigned
Digestive System;Unassigned
Digestive System Abnormalities;Unassigned
Digestive System Diseases;Unassigned
Digestive System Neoplasms;Unassigned
Digestive System Physiological Phenomena;Unassigned
Digitalis Glycosides;Unassigned
Digitonin;Unassigned
Digitoxigenin;Unassigned
Digitoxin;Unassigned
Diglycerides;Unassigned
Digoxigenin;Unassigned
Digoxin;Unassigned
Dihydralazine;Unassigned
Dihydro-beta-Erythroidine;Unassigned
Dihydroorotase;Unassigned
Dihydroorotate Oxidase;Unassigned
Dihydroalprenolol;Unassigned
Cholestanol;Unassigned
Dihydroergotamine;Unassigned
Dihydroergotoxine;Unassigned
Dihydromorphine;Unassigned
Hydromorphone;Unassigned
20-alpha-Dihydroprogesterone;Unassigned
Dihydropteridine Reductase;Unassigned
Dihydropteroate Synthase;Unassigned
Dihydropyridines;Unassigned
Dihydrostreptomycin Sulfate;Unassigned
Dihydrotachysterol;Unassigned
Dihydroxyacetone;Unassigned
Dihydroxyacetone Phosphate;Unassigned
Dihydroxycholecalciferols;Unassigned
Dihydroxydihydrobenzopyrenes;Unassigned
Dihydroxytryptamines;Unassigned
Iodoquinol;Unassigned
Diiodothyronines;Unassigned
Diiodotyrosine;Unassigned
Dilatation, Pathologic;Unassigned
Dilazep;Unassigned
Diltiazem;Unassigned
Dimenhydrinate;Unassigned
Dimercaprol;Unassigned
Succimer;Unassigned
Dimethadione;Unassigned
Dimethindene;Unassigned
Dimethisterone;Unassigned
Dimethoate;Unassigned
Dimethoxyphenylethylamine;Unassigned
Dimethyl Adipimidate;Unassigned
Dimethyl Suberimidate;Unassigned
Dimethyl Sulfoxide;Unassigned
Dimethylallyltranstransferase;Unassigned
Dimethylamines;Unassigned
p-Dimethylaminoazobenzene;Unassigned
Dimethyldithiocarbamate;Unassigned
Dimethylformamide;Unassigned
Dimethylhydrazines;Unassigned
Dimethylnitrosamine;Unassigned
Dimethylpolysiloxanes;Unassigned
N,N-Dimethyltryptamine;Unassigned
Dimetridazole;Unassigned
Diflubenzuron;Unassigned
Diminazene;Unassigned
Dimyristoylphosphatidylcholine;Unassigned
Dinitolmide;Unassigned
Dinitrobenzenes;Unassigned
Dinitrochlorobenzene;Stressor
Dinitrocresols;Unassigned
Dinitrofluorobenzene;Stressor
Dinitrophenols;Unassigned
Dioctyl Sulfosuccinic Acid;Unassigned
Diosgenin;Unassigned
Diosmin;Unassigned
Dioxanes;Unassigned
Dioxins;Unassigned
Dioxolanes;Unassigned
Dioxoles;Unassigned
Dipeptidases;Unassigned
Dipeptides;Unassigned
Dipeptidyl-Peptidases and Tripeptidyl-Peptidases;Unassigned
Dipetalonema Infections;Unassigned
Diphenhydramine;Unassigned
Catechol Oxidase;Unassigned
Diphenoxylate;Unassigned
Diphenylacetic Acids;Unassigned
Diphenylamine;Unassigned
Diphenylcarbazide;Unassigned
Diphenylhexatriene;Unassigned
Diphosphoglyceric Acids;Unassigned
Diphosphonates;Unassigned
Diphtheria;Unassigned
Diphtheria Antitoxin;Unassigned
Diphtheria Toxin;Unassigned
Diphtheria Toxoid;Unassigned
Diphyllobothriasis;Unassigned
Diploidy;Unassigned
Diplopia;Unassigned
Diprenorphine;Unassigned
Dipyridamole;Unassigned
Dipyrone;Unassigned
Diquat;Unassigned
Cobra Cardiotoxin Proteins;Unassigned
Dirofilariasis;Unassigned
Disaccharidases;Unassigned
Disaccharides;Unassigned
Disease;Unassigned
Disease Models, Animal;Uncategorized
Disease Susceptibility;Unassigned
Diseases in Twins;Unassigned
Disinfectants;Stressor
Joint Dislocations;Unassigned
Cromolyn Sodium;Unassigned
Disopyramide;Unassigned
Disseminated Intravascular Coagulation;Unassigned
Distamycins;Unassigned
Distemper;Unassigned
Disulfides;Unassigned
Disulfiram;Unassigned
Disulfoton;Unassigned
Diterpenes;Molecular
Dithiazanine;Unassigned
Dithioerythritol;Unassigned
Dithionite;Unassigned
Dithionitrobenzoic Acid;Unassigned
Dithiothreitol;Unassigned
Dithizone;Unassigned
Diuresis;Unassigned
Diuretics;Unassigned
Diuretics, Osmotic;Unassigned
Diuron;Unassigned
Diverticulitis;Unassigned
Diverticulitis, Colonic;Unassigned
Diverticulum;Unassigned
Diverticulum, Colon;Unassigned
Dizziness;Unassigned
Dimethylphenylpiperazinium Iodide;Unassigned
DNA;Unassigned
DNA (Cytosine-5-)-Methyltransferases;Unassigned
DNA Damage;Molecular
DNA Topoisomerases, Type II;Unassigned
DNA Transposable Elements;Unassigned
DNA Nucleotidylexotransferase;Unassigned
DNA Nucleotidyltransferases;Unassigned
Deoxyribodipyrimidine Photo-Lyase;Unassigned
DNA Polymerase I;Unassigned
DNA Polymerase II;Unassigned
DNA Polymerase III;Unassigned
DNA-Directed DNA Polymerase;Unassigned
DNA Repair;Unassigned
DNA Replication;Unassigned
DNA Restriction Enzymes;Unassigned
DNA Topoisomerases, Type I;Unassigned
DNA Helicases;Unassigned
DNA Virus Infections;Unassigned
DNA-Binding Proteins;Unassigned
DNA, Bacterial;Unassigned
DNA, Circular;Unassigned
DNA, Fungal;Unassigned
DNA, Mitochondrial;Unassigned
DNA, Neoplasm;Unassigned
DNA, Recombinant;Unassigned
DNA, Ribosomal;Unassigned
DNA, Satellite;Unassigned
DNA, Single-Stranded;Unassigned
DNA, Superhelical;Unassigned
DNA, Viral;Unassigned
Dobutamine;Unassigned
Docosahexaenoic Acids;Unassigned
Dog Diseases;Unassigned
Dolichols;Unassigned
Dolichol Monophosphate Mannose;Unassigned
Dolichol Phosphates;Unassigned
DOM 2,5-Dimethoxy-4-Methylamphetamine;Unassigned
Dominance, Cerebral;Unassigned
Domperidone;Unassigned
Dihydroxyphenylalanine;Unassigned
Dopa Decarboxylase;Unassigned
Dopamine;Unassigned
Dopamine beta-Hydroxylase;Unassigned
Doppler Effect;Unassigned
Dorsomedial Hypothalamic Nucleus;Unassigned
Dosage Compensation, Genetic;Unassigned
Dosage Forms;Unassigned
Dose-Response Relationship, Drug;Uncategorized
Dose-Response Relationship, Immunologic;Unassigned
Dose-Response Relationship, Radiation;Unassigned
Dothiepin;Unassigned
Double Outlet Right Ventricle;Unassigned
Douglas' Pouch;Unassigned
Dourine;Unassigned
Down Syndrome;Unassigned
Doxapram;Unassigned
Doxepin;Unassigned
Doxorubicin;Unassigned
Doxycycline;Unassigned
Doxylamine;Unassigned
Dracunculiasis;Unassigned
Drinking;Unassigned
Droperidol;Unassigned
Drowning;Unassigned
Drug Antagonism;Unassigned
Drug Carriers;Unassigned
Drug Combinations;Unassigned
Drug Hypersensitivity;Adverse Outcome
Drug Implants;Unassigned
Drug Interactions;Unassigned
Drug Resistance;Unassigned
Drug Resistance, Microbial;Unassigned
Drug Synergism;Unassigned
Drug Tolerance;Unassigned
Pharmaceutical Preparations;Unassigned
Drugs, Chinese Herbal;Unassigned
Nonprescription Drugs;Unassigned
Dry Ice;Unassigned
Dry Socket;Unassigned
Pentetic Acid;Unassigned
Duane Retraction Syndrome;Unassigned
Ductus Arteriosus;Unassigned
Ductus Arteriosus, Patent;Unassigned
Duffy Blood-Group System;Unassigned
Galactitol;Unassigned
Dumping Syndrome;Unassigned
Duodenal Diseases;Unassigned
Duodenal Neoplasms;Unassigned
Duodenal Obstruction;Unassigned
Duodenal Ulcer;Unassigned
Duodenitis;Unassigned
Duodenogastric Reflux;Unassigned
Duodenum;Unassigned
Dupuytren Contracture;Unassigned
Dura Mater;Unassigned
Chlorpyrifos;Unassigned
Dust;Stressor
Dwarfism;Unassigned
Dwarfism, Pituitary;Unassigned
Dydrogesterone;Unassigned
Coloring Agents;Stressor
Fonofos;Unassigned
Dyneins;Unassigned
Dynorphins;Unassigned
Dyphylline;Unassigned
Dysarthria;Unassigned
Dysautonomia, Familial;Unassigned
Dysentery;Unassigned
Dysentery, Amebic;Unassigned
Dysentery, Bacillary;Unassigned
Dysgammaglobulinemia;Unassigned
Dysgerminoma;Unassigned
Dysgeusia;Unassigned
Dyskinesia, Drug-Induced;Unassigned
Dyslexia;Unassigned
Dyslexia, Acquired;Unassigned
Dysmenorrhea;Unassigned
Dysostoses;Unassigned
Dyspareunia;Unassigned
Dyspepsia;Unassigned
Dysplastic Nevus Syndrome;Unassigned
Dyspnea;Unassigned
Dyspnea, Paroxysmal;Unassigned
Dysprosium;Unassigned
Dystocia;Unassigned
Dystonia;Unassigned
Dystonia Musculorum Deformans;Unassigned
Ear;Unassigned
Ear Canal;Unassigned
Ear Cartilage;Unassigned
Ear Deformities, Acquired;Unassigned
Ear Diseases;Unassigned
Ear Neoplasms;Unassigned
Ear Ossicles;Unassigned
Ear, External;Unassigned
Ear, Middle;Unassigned
Earache;Unassigned
Eating;Unassigned
Ebstein Anomaly;Unassigned
Ecchymosis;Unassigned
Eccrine Glands;Unassigned
Ecdysone;Unassigned
Ecdysterone;Unassigned
Echinococcosis;Unassigned
Echinococcosis, Hepatic;Unassigned
Echinococcosis, Pulmonary;Unassigned
Echinomycin;Unassigned
Echinostomiasis;Unassigned
Echolalia;Unassigned
Echothiophate Iodide;Unassigned
Echovirus Infections;Unassigned
Eclampsia;Unassigned
Econazole;Unassigned
Ecthyma;Unassigned
Ecthyma, Contagious;Unassigned
Ectoderm;Unassigned
Ectodermal Dysplasia;Unassigned
Ectogenesis;Unassigned
Ectoparasitic Infestations;Unassigned
Ectopia Lentis;Unassigned
Ectromelia;Unassigned
Ectromelia, Infectious;Unassigned
Ectropion;Unassigned
Eczema;Tissue
Edeine;Unassigned
Edema;Tissue
Edema Disease of Swine;Unassigned
Edema, Cardiac;Unassigned
Edrophonium;Unassigned
Edetic Acid;Unassigned
Efferent Pathways;Unassigned
Egg Proteins;Unassigned
Egg Shell;Unassigned
Egg White;Unassigned
Egg Yolk;Unassigned
Eggs;Unassigned
Egtazic Acid;Unassigned
Ehlers-Danlos Syndrome;Unassigned
Eicosanoic Acids;Unassigned
Einsteinium;Unassigned
Eisenmenger Complex;Unassigned
Ejaculation;Unassigned
Ejaculatory Ducts;Unassigned
Elapid Venoms;Unassigned
Elastic Tissue;Unassigned
Elasticity;Unassigned
Elastin;Unassigned
Elbow;Unassigned
Elbow Joint;Unassigned
Electric Conductivity;Unassigned
Electric Injuries;Unassigned
Electric Organ;Unassigned
Electricity;Unassigned
Electrolytes;Unassigned
Electromagnetic Fields;Unassigned
Electron Transport;Unassigned
Electrons;Unassigned
Eledoisin;Unassigned
Elementary Particles;Unassigned
Elements;Unassigned
Elements, Radioactive;Unassigned
Elephantiasis;Unassigned
Elephantiasis, Filarial;Unassigned
Ellagic Acid;Unassigned
Ellipticines;Unassigned
Elliptocytosis, Hereditary;Unassigned
Ellis-Van Creveld Syndrome;Unassigned
Emaciation;Unassigned
Embolism;Unassigned
Embolism, Air;Unassigned
Embolism, Amniotic Fluid;Unassigned
Embolism, Fat;Unassigned
Embryo, Mammalian;Unassigned
Embryo, Nonmammalian;Unassigned
Embryonic Induction;Unassigned
Embryonic Structures;Unassigned
Emepronium;Unassigned
Emergencies;Unassigned
Emetics;Unassigned
Emetine;Unassigned
Emodin;Unassigned
Emollients;Stressor
Emphysema;Unassigned
Empty Sella Syndrome;Unassigned
Empyema;Unassigned
Empyema, Tuberculous;Unassigned
Emulsions;Unassigned
Enalapril;Unassigned
Enamel Organ;Unassigned
Enbucrilate;Unassigned
Encephalitis;Unassigned
Encephalitis, California;Unassigned
Encephalitis, Arbovirus;Unassigned
Encephalitis, Japanese;Unassigned
Encephalomyelitis, Acute Disseminated;Unassigned
Encephalitis, St. Louis;Unassigned
Encephalitis, Tick-Borne;Unassigned
Myelin Basic Protein;Unassigned
Encephalocele;Unassigned
Encephalomalacia;Unassigned
Encephalomyelitis;Unassigned
Encephalomyelitis, Autoimmune, Experimental;Unassigned
Encephalomyelitis, Enzootic Porcine;Unassigned
Encephalomyelitis, Equine;Unassigned
Leukoencephalitis, Acute Hemorrhagic;Unassigned
Encephalomyelitis, Venezuelan Equine;Unassigned
Enchondromatosis;Unassigned
Encopresis;Unassigned
Endarteritis;Unassigned
Glucan Endo-1,3-beta-D-Glucosidase;Unassigned
Endocardial Cushion Defects;Unassigned
Endocardial Fibroelastosis;Unassigned
Endocarditis;Unassigned
Endocarditis, Bacterial;Unassigned
Endocarditis, Subacute Bacterial;Unassigned
Endocardium;Unassigned
Endocrine System Diseases;Unassigned
Endocrine Gland Neoplasms;Unassigned
Endocrine Glands;Unassigned
Endocrine System;Unassigned
Endocytosis;Unassigned
Endodeoxyribonucleases;Unassigned
Endoderm;Unassigned
Endolymph;Unassigned
Endolymphatic Duct;Unassigned
Endolymphatic Sac;Unassigned
Endometrial Hyperplasia;Unassigned
Endometriosis;Unassigned
Endometritis;Unassigned
Endometrium;Unassigned
Endomyocardial Fibrosis;Unassigned
Endonucleases;Unassigned
Endoplasmic Reticulum;Unassigned
Endoribonucleases;Unassigned
Endorphins;Unassigned
Endosulfan;Unassigned
Endothelium;Unassigned
Endothelium, Corneal;Unassigned
Endothelium, Lymphatic;Unassigned
Endothelium, Vascular;Unassigned
Endotoxins;Unassigned
Endrin;Unassigned
Energy Metabolism;Unassigned
Energy Transfer;Unassigned
Enflurane;Unassigned
Enhancer Elements, Genetic;Unassigned
Enkephalin, Leucine;Unassigned
Enkephalin, Methionine;Unassigned
Enkephalins;Unassigned
Enoyl-CoA Hydratase;Unassigned
Entamoebiasis;Unassigned
Enteritis;Unassigned
Enteritis, Transmissible, of Turkeys;Unassigned
Enterobacteriaceae Infections;Unassigned
Enterobactin;Unassigned
Enterochromaffin Cells;Unassigned
Enterocolitis;Unassigned
Enterocolitis, Pseudomembranous;Unassigned
Glucagon-Like Peptides;Unassigned
Enterohepatic Circulation;Unassigned
Enteropeptidase;Unassigned
Enterotoxemia;Unassigned
Enterotoxins;Unassigned
Enterovirus Infections;Unassigned
Entropion;Unassigned
Enuresis;Unassigned
Enviomycin;Unassigned
Environment;Unassigned
Environmental Pollutants;Unassigned
Toxic Actions;Unassigned
Enzyme Activation;Unassigned
Enzyme Induction;Unassigned
Enzyme Inhibitors;Unassigned
Enzyme Precursors;Unassigned
Enzyme Reactivators;Unassigned
Enzyme Repression;Unassigned
Enzyme Stability;Unassigned
Enzymes;Unassigned
Enzymes, Immobilized;Unassigned
Eosine Yellowish-(YS);Unassigned
Eosinophilia;Unassigned
Eosinophilic Granuloma;Unassigned
Eosinophils;Unassigned
Ependyma;Unassigned
Ependymoma;Unassigned
Ephedrine;Unassigned
Ephemeral Fever;Unassigned
Epichlorohydrin;Unassigned
Epidermal Cyst;Unassigned
Epidermal Growth Factor;Unassigned
Epidermis;Tissue
Epidermitis, Exudative, of Swine;Unassigned
Epidermodysplasia Verruciformis;Unassigned
Epidermolysis Bullosa;Unassigned
Epididymis;Unassigned
Epididymitis;Unassigned
Epidural Space;Unassigned
Epiglottis;Unassigned
Epiglottitis;Unassigned
Epilepsy;Unassigned
Epilepsies, Partial;Unassigned
Epilepsy, Generalized;Unassigned
Epilepsy, Tonic-Clonic;Unassigned
Epilepsies, Myoclonic;Unassigned
Epilepsy, Absence;Unassigned
Epilepsy, Temporal Lobe;Unassigned
Epilepsy, Post-Traumatic;Unassigned
Epimestrol;Unassigned
Epinephrine;Unassigned
Epiphyses;Unassigned
Epiphyses, Slipped;Unassigned
Epirizole;Unassigned
Epispadias;Unassigned
Epistasis, Genetic;Unassigned
Epistaxis;Unassigned
Epitestosterone;Unassigned
Epithelial Attachment;Unassigned
Epithelial Cells;Unassigned
Epithelium;Unassigned
Phenylphosphonothioic Acid, 2-Ethyl 2-(4-Nitrophenyl) Ester;Unassigned
Epoxide Hydrolases;Unassigned
Epoxy Compounds;Stressor
Epoxy Resins;Stressor
Equilenin;Unassigned
Postural Balance;Unassigned
Equilin;Unassigned
Equine Infectious Anemia;Unassigned
Equinus Deformity;Unassigned
Erabutoxins;Unassigned
Erbium;Unassigned
Ergocalciferols;Unassigned
Ergolines;Unassigned
Ergonovine;Unassigned
Ergosterol;Unassigned
Ergot Alkaloids;Unassigned
Ergoloid Mesylates;Unassigned
Ergotamine;Unassigned
Ergotamines;Unassigned
Ergothioneine;Unassigned
Ergotism;Unassigned
Erucic Acids;Unassigned
Eructation;Unassigned
Erysipelas;Unassigned
Erysipeloid;Unassigned
Erysipelothrix Infections;Unassigned
Erythema;Tissue
Erythema Induratum;Unassigned
Erythema Multiforme;Adverse Outcome
Erythema Nodosum;Unassigned
Erythrasma;Unassigned
Erythritol;Unassigned
Erythrityl Tetranitrate;Unassigned
Erythroblastosis, Fetal;Unassigned
Erythroblasts;Unassigned
Erythrocruorins;Unassigned
Erythrocyte Aggregation;Unassigned
Erythrocyte Aging;Unassigned
Erythrocyte Count;Unassigned
Erythrocyte Deformability;Unassigned
Erythrocyte Inclusions;Unassigned
Erythrocyte Indices;Unassigned
Erythrocyte Membrane;Unassigned
Erythrocyte Volume;Unassigned
Erythrocytes;Unassigned
Erythrocytes, Abnormal;Unassigned
Leukemia, Erythroblastic, Acute;Unassigned
Erythromelalgia;Unassigned
Erythromycin;Unassigned
Erythromycin Estolate;Unassigned
Erythroplasia;Unassigned
Erythropoiesis;Unassigned
Erythropoietin;Unassigned
Erythrosine;Unassigned
Escape Reaction;Unassigned
Escherichia coli Infections;Unassigned
Escin;Unassigned
Esculin;Unassigned
Esophageal Achalasia;Unassigned
Esophageal and Gastric Varices;Unassigned
Esophageal Atresia;Unassigned
Esophageal Cyst;Unassigned
Esophageal Diseases;Unassigned
Diverticulum, Esophageal;Unassigned
Esophageal Fistula;Unassigned
Esophageal Neoplasms;Unassigned
Esophageal Perforation;Unassigned
Esophageal Stenosis;Unassigned
Esophagitis;Unassigned
Esophagitis, Peptic;Unassigned
Esophagogastric Junction;Unassigned
Esophagus;Unassigned
Esotropia;Unassigned
Estazolam;Unassigned
Esterases;Unassigned
Esterification;Unassigned
Esters;Unassigned
Estetrol;Unassigned
Estivation;Unassigned
Estradiol;Unassigned
Estradiol Dehydrogenases;Unassigned
Estramustine;Unassigned
Estranes;Unassigned
Estrenes;Unassigned
Estriol;Unassigned
Estrogen Antagonists;Unassigned
Estrogens, Conjugated (USP);Unassigned
Estrogens;Unassigned
Estrogens, Non-Steroidal;Unassigned
Estrone;Unassigned
Estrus;Unassigned
Estrus Synchronization;Unassigned
Etazolate;Unassigned
Ethacridine;Unassigned
Ethacrynic Acid;Unassigned
Ethambutol;Unassigned
Ethamoxytriphetol;Unassigned
Ethamsylate;Unassigned
Ethane;Unassigned
Ethanolamine Ammonia-Lyase;Unassigned
Ethanolaminephosphotransferase;Unassigned
Ethanolamines;Unassigned
Ethchlorvynol;Unassigned
Ethenoadenosine Triphosphate;Unassigned
Ether;Unassigned
Ethers;Unassigned
Ethers, Cyclic;Unassigned
Ethidium;Unassigned
Ethinyl Estradiol;Unassigned
Ethiodized Oil;Unassigned
Amifostine;Unassigned
Ethionamide;Unassigned
Ethionine;Unassigned
Ethisterone;Unassigned
Ethmoid Bone;Unassigned
Ethmoid Sinus;Unassigned
Ethoglucid;Unassigned
Ethopabate;Unassigned
Ethosuximide;Unassigned
Ethoxyquin;Unassigned
Ethoxzolamide;Unassigned
Ethyl Biscoumacetate;Unassigned
Ethyl Chloride;Unassigned
Ethyl Ethers;Unassigned
Ethyl Methanesulfonate;Unassigned
Ethylamines;Unassigned
Ethyldimethylaminopropyl Carbodiimide;Unassigned
Ethylene Chlorohydrin;Unassigned
Ethylene Dichlorides;Unassigned
Ethylene Glycols;Unassigned
Ethylene Oxide;Unassigned
Ethylenebis(dithiocarbamates);Unassigned
Ethylenediamines;Unassigned
Ethylenes;Unassigned
Ethylenethiourea;Unassigned
Ethylestrenol;Unassigned
Ethylmaleimide;Unassigned
Ethylmercuric Chloride;Unassigned
Ethylmercury Compounds;Unassigned
Ethylmorphine;Unassigned
Ethylmorphine-N-Demethylase;Unassigned
Ethylnitrosourea;Unassigned
Etilefrine;Unassigned
Ethynodiol Diacetate;Unassigned
Etidocaine;Unassigned
Etimizol;Unassigned
Etiocholanolone;Unassigned
Etioporphyrins;Unassigned
Etomidate;Unassigned
Etoposide;Unassigned
Etorphine;Unassigned
Etretinate;Unassigned
Eugenol;Stressor
Eukaryotic Cells;Unassigned
Eunuchism;Unassigned
Europium;Unassigned
Eustachian Tube;Unassigned
Euthyroid Sick Syndromes;Unassigned
Eutrophication;Unassigned
Evans Blue;Unassigned
Evoked Potentials;Unassigned
Evoked Potentials, Auditory;Unassigned
Evoked Potentials, Somatosensory;Unassigned
Evoked Potentials, Visual;Unassigned
Biological Evolution;Unassigned
Exanthema;Tissue
Exanthema Subitum;Unassigned
Excipients;Unassigned
Physical Exertion;Unassigned
Exfoliatins;Unassigned
Glucan 1,4-alpha-Glucosidase;Unassigned
Exocrine Glands;Unassigned
Exocytosis;Unassigned
Exodeoxyribonucleases;Unassigned
Exons;Unassigned
Exonucleases;Unassigned
Exophthalmos;Unassigned
Exoribonucleases;Unassigned
Exostoses;Unassigned
Exostoses, Multiple Hereditary;Unassigned
Exotoxins;Unassigned
Exotropia;Unassigned
Expectorants;Unassigned
Expiratory Reserve Volume;Unassigned
Extracellular Matrix;Unassigned
Extracellular Space;Unassigned
Extrachromosomal Inheritance;Unassigned
Extrapyramidal Tracts;Unassigned
Cardiac Complexes, Premature;Unassigned
Extraterrestrial Environment;Unassigned
Extravasation of Diagnostic and Therapeutic Materials;Unassigned
Extremities;Unassigned
Exudates and Transudates;Unassigned
Eye;Organ
Eye Abnormalities;Unassigned
Eye Burns;Unassigned
Eye Color;Unassigned
Eye Diseases;Unassigned
Eye Foreign Bodies;Unassigned
Eye Hemorrhage;Unassigned
Eye Injuries;Adverse Outcome
Eye Manifestations;Unassigned
Eye Movements;Unassigned
Eye Neoplasms;Unassigned
Eye Proteins;Unassigned
Eyebrows;Unassigned
Eyelashes;Unassigned
Eyelid Diseases;Adverse Outcome
Eyelid Neoplasms;Unassigned
Eyelids;Organ
F Factor;Unassigned
Face;Unassigned
Facial Asymmetry;Unassigned
Facial Bones;Unassigned
Facial Dermatoses;Adverse Outcome
Facial Hemiatrophy;Unassigned
Facial Injuries;Unassigned
Facial Muscles;Unassigned
Facial Neoplasms;Unassigned
Facial Nerve;Unassigned
Facial Nerve Diseases;Unassigned
Facial Neuralgia;Unassigned
Facial Pain;Unassigned
Facial Paralysis;Unassigned
Factor IX;Unassigned
Factor V;Unassigned
Factor V Deficiency;Unassigned
Factor VII;Unassigned
Factor VII Deficiency;Unassigned
Factor VIII;Unassigned
Factor X;Unassigned
Factor X Deficiency;Unassigned
Factor XI;Unassigned
Factor XI Deficiency;Unassigned
Factor XII;Unassigned
Factor XII Deficiency;Unassigned
Factor XIII;Unassigned
Factor XIII Deficiency;Unassigned
Flavin-Adenine Dinucleotide;Unassigned
Failure to Thrive;Unassigned
Fallopian Tube Diseases;Unassigned
Fallopian Tube Neoplasms;Unassigned
Fallopian Tubes;Unassigned
Fanconi Syndrome;Unassigned
Fanconi Anemia;Unassigned
FANFT;Unassigned
Farmer's Lung;Unassigned
Farnesol;Unassigned
Fascia;Unassigned
Fascia Lata;Unassigned
Fasciculation;Unassigned
Fasciitis;Unassigned
Fascioliasis;Unassigned
Fascioloidiasis;Unassigned
Fast Neutrons;Unassigned
Fasting;Unassigned
Fat Body;Unassigned
Fat Emulsions, Intravenous;Unassigned
Fat Necrosis;Unassigned
Fatigue;Unassigned
Mental Fatigue;Unassigned
Fats;Unassigned
Fats, Unsaturated;Unassigned
Fatty Acids;Unassigned
Fatty Acids, Essential;Unassigned
Fatty Acids, Monounsaturated;Unassigned
Fatty Acids, Nonesterified;Unassigned
Fatty Acids, Unsaturated;Unassigned
Fatty Acids, Volatile;Unassigned
Fatty Alcohols;Unassigned
Fatty Liver;Unassigned
Fatty Liver, Alcoholic;Unassigned
Favism;Unassigned
Feathers;Unassigned
Fecal Incontinence;Unassigned
Feces;Unassigned
Fecal Impaction;Unassigned
Feeding Behavior;Unassigned
Feline Panleukopenia;Unassigned
Felty Syndrome;Unassigned
Felypressin;Unassigned
Female Urogenital Diseases and Pregnancy Complications;Unassigned
Feminization;Unassigned
Femoral Artery;Unassigned
Femoral Fractures;Unassigned
Femoral Neck Fractures;Unassigned
Femoral Neoplasms;Unassigned
Femoral Nerve;Unassigned
Femoral Vein;Unassigned
Femur;Unassigned
Femur Head;Unassigned
Femur Head Necrosis;Unassigned
Femur Neck;Unassigned
Fenbendazole;Unassigned
Fendiline;Unassigned
Fenfluramine;Unassigned
Fenitrothion;Unassigned
Fenoprofen;Unassigned
Fenoterol;Unassigned
Fentanyl;Unassigned
Fenthion;Unassigned
Fermentation;Unassigned
Fermium;Unassigned
Ferredoxin-NADP Reductase;Unassigned
Ferredoxins;Unassigned
Ferric Compounds;Unassigned
Ferrichrome;Unassigned
Ferricyanides;Unassigned
Ferritins;Unassigned
Ferrochelatase;Unassigned
Ferrocyanides;Unassigned
Ferrous Compounds;Unassigned
Ferrozine;Unassigned
Fertility;Unassigned
Fertility Agents;Unassigned
Fertility Agents, Female;Unassigned
Fertility Agents, Male;Unassigned
Fertilization;Unassigned
Fertilizers;Unassigned
Fetal Hypoxia;Unassigned
Fetal Blood;Unassigned
Fetal Death;Unassigned
Embryonic and Fetal Development;Unassigned
Fetal Diseases;Unassigned
Fetal Distress;Unassigned
Fetal Growth Retardation;Unassigned
Fetal Heart;Unassigned
Fetal Hemoglobin;Unassigned
Fetal Macrosomia;Unassigned
Extraembryonic Membranes;Unassigned
Fetal Membranes, Premature Rupture;Unassigned
Fetal Movement;Unassigned
Fetal Organ Maturity;Unassigned
Fetal Proteins;Unassigned
Fetal Resorption;Unassigned
Fetal Viability;Unassigned
Fetofetal Transfusion;Unassigned
Fetomaternal Transfusion;Unassigned
Fetus;Unassigned
Fever;Unassigned
Fever of Unknown Origin;Unassigned
Fibrin;Unassigned
Fibrin Fibrinogen Degradation Products;Unassigned
Fibrin Foam;Unassigned
Fibrinogen;Unassigned
Fibrinolysin;Unassigned
Fibrinolysis;Unassigned
Fibrinolytic Agents;Unassigned
Fibrinopeptide A;Unassigned
Fibrinopeptide B;Unassigned
Fibroblast Growth Factors;Unassigned
Fibroblasts;Unassigned
Fibrocystic Breast Disease;Unassigned
Fibroins;Unassigned
Fibroma;Unassigned
Fibromatosis, Gingival;Unassigned
Fibromuscular Dysplasia;Unassigned
Fibronectins;Unassigned
Fibrosarcoma;Unassigned
Fibrosis;Unassigned
Fibromyalgia;Unassigned
Fibrous Dysplasia of Bone;Unassigned
Fibrous Dysplasia, Monostotic;Unassigned
Fibrous Dysplasia, Polyostotic;Unassigned
Fibula;Unassigned
Ficain;Unassigned
Ficoll;Unassigned
Ficusin;Unassigned
Figural Aftereffect;Unassigned
Filariasis;Unassigned
Filaricides;Unassigned
Filipin;Unassigned
Filtration;Unassigned
Finger Injuries;Unassigned
Finger Joint;Unassigned
Fingers;Unassigned
Fish Diseases;Unassigned
Fish Flour;Unassigned
Fish Oils;Unassigned
Fish Products;Unassigned
Fish Venoms;Unassigned
Fissure in Ano;Unassigned
Fistula;Unassigned
Fixation, Ocular;Unassigned
Fixatives;Unassigned
D-Ala(2),MePhe(4),Met(0)-ol-enkephalin;Unassigned
Bis(4-Methyl-1-Homopiperazinylthiocarbonyl)disulfide;Unassigned
Flagella;Unassigned
Flagellin;Unassigned
Flail Chest;Unassigned
Flame Retardants;Unassigned
Flatfoot;Unassigned
Flatulence;Unassigned
Flavins;Unassigned
Flavodoxin;Unassigned
Flavonoids;Unassigned
Flavoproteins;Unassigned
Flavoring Agents;Unassigned
Flavoxate;Unassigned
Flecainide;Unassigned
Flicker Fusion;Unassigned
Flight, Animal;Unassigned
Flocculation;Unassigned
Flour;Unassigned
Floxacillin;Unassigned
Flucytosine;Unassigned
Fludrocortisone;Unassigned
Flufenamic Acid;Unassigned
Fluids and Secretions;Unassigned
Flumazenil;Unassigned
Flumethasone;Unassigned
Flunarizine;Unassigned
Flunitrazepam;Unassigned
Fluocinolone Acetonide;Unassigned
Fluocinonide;Unassigned
Fluocortolone;Unassigned
Fluorenes;Unassigned
Fluorescamine;Unassigned
Fluoresceins;Unassigned
Fluorescence;Unassigned
Fluorescent Dyes;Unassigned
Fluoride Poisoning;Unassigned
Fluorides;Unassigned
Fluorides, Topical;Unassigned
Fluorine;Unassigned
Fluorine Radioisotopes;Unassigned
Fluoroacetates;Unassigned
Fluorobenzenes;Unassigned
Fluorocarbon Polymers;Unassigned
Fluorocarbons;Unassigned
Floxuridine;Unassigned
Fluorodeoxyuridylate;Unassigned
Fluorometholone;Unassigned
Fluorouracil;Unassigned
Fluoxetine;Unassigned
Fluoxymesterone;Unassigned
Flupenthixol;Unassigned
Fluphenazine;Unassigned
Fluprednisolone;Unassigned
Flurandrenolone;Unassigned
Flurazepam;Unassigned
Flurbiprofen;Unassigned
Flurothyl;Unassigned
Flushing;Unassigned
Fluspirilene;Unassigned
Flutamide;Unassigned
Flavin Mononucleotide;Unassigned
Foam Cells;Unassigned
Focal Dermal Hypoplasia;Unassigned
Focal Infection;Unassigned
Focal Infection, Dental;Unassigned
Folic Acid;Unassigned
Folic Acid Antagonists;Unassigned
Folic Acid Deficiency;Unassigned
Follicular Atresia;Unassigned
Follicular Cyst;Unassigned
Follicular Phase;Unassigned
Folliculitis;Unassigned
Food;Unassigned
Food Additives;Unassigned
Food Coloring Agents;Unassigned
Food Hypersensitivity;Adverse Outcome
Foodborne Diseases;Unassigned
Food Preferences;Unassigned
Food Preservatives;Unassigned
Food, Formulated;Unassigned
Food, Fortified;Unassigned
Foot;Unassigned
Foot Bones;Unassigned
Foot Deformities;Unassigned
Foot Deformities, Acquired;Unassigned
Foot Deformities, Congenital;Unassigned
Foot Dermatoses;Adverse Outcome
Foot Diseases;Unassigned
Foot Rot;Unassigned
Foot-and-Mouth Disease;Unassigned
Foramen Magnum;Unassigned
Forced Expiratory Flow Rates;Unassigned
Forced Expiratory Volume;Unassigned
Forearm;Unassigned
Forearm Injuries;Unassigned
Forefoot, Human;Unassigned
Forehead;Unassigned
Foreign Bodies;Unassigned
Foreign-Body Migration;Unassigned
Foreign-Body Reaction;Unassigned
Forelimb;Unassigned
Formaldehyde;Stressor
Arylformamidase;Unassigned
Formamides;Unassigned
Formate Dehydrogenases;Unassigned
Formates;Unassigned
Formazans;Unassigned
Formic Acid Esters;Unassigned
Formiminoglutamic Acid;Unassigned
Formocresols;Unassigned
Formycins;Unassigned
Formate-Tetrahydrofolate Ligase;Unassigned
Formyltetrahydrofolates;Unassigned
Colforsin;Unassigned
Forssman Antigen;Unassigned
Fosfomycin;Unassigned
Fossil Fuels;Unassigned
Fourier Analysis;Unassigned
Fovea Centralis;Unassigned
Influenza in Birds;Unassigned
Fowlpox;Unassigned
Fox-Fordyce Disease;Unassigned
Fractures, Closed;Unassigned
Fractures, Open;Unassigned
Fractures, Spontaneous;Unassigned
Fractures, Ununited;Unassigned
Fragile X Syndrome;Unassigned
Framycetin;Unassigned
Francium;Unassigned
Free Radicals;Unassigned
Freemartinism;Unassigned
Freezing;Unassigned
Chlorofluorocarbons, Methane;Unassigned
Fresh Water;Unassigned
Freund's Adjuvant;Unassigned
Friedreich Ataxia;Unassigned
Frontal Bone;Unassigned
Frontal Lobe;Unassigned
Frontal Sinus;Unassigned
Frostbite;Unassigned
Frozen Foods;Unassigned
Fructans;Unassigned
Fructokinases;Unassigned
Fructose;Unassigned
Fructose Intolerance;Unassigned
Fructose-Bisphosphate Aldolase;Unassigned
Fructosediphosphates;Unassigned
Fructosephosphates;Unassigned
Fructuronate Reductase;Unassigned
Fruit;Unassigned
Follicle Stimulating Hormone;Unassigned
Tegafur;Unassigned
Fuchs' Endothelial Dystrophy;Unassigned
Fucose;Unassigned
alpha-L-Fucosidase;Unassigned
Fucosidosis;Unassigned
Fucosyl Galactose alpha-N-Acetylgalactosaminyltransferase;Unassigned
Fucosyltransferases;Unassigned
Fuel Oils;Unassigned
Fumarate Hydratase;Unassigned
Fumarates;Unassigned
Functional Residual Capacity;Unassigned
Fundus Oculi;Unassigned
Fungal Proteins;Unassigned
Fungal Vaccines;Unassigned
Fungicides, Industrial;Unassigned
Funnel Chest;Unassigned
Furagin;Unassigned
Furaldehyde;Unassigned
Furans;Unassigned
Furazolidone;Unassigned
Furosemide;Unassigned
Fursultiamin;Unassigned
Furunculosis;Unassigned
Furylfuramide;Unassigned
Fusaric Acid;Unassigned
Fused Teeth;Unassigned
Fusidic Acid;Unassigned
Fusobacterium Infections;Unassigned
G(M1) Ganglioside;Unassigned
G(M2) Ganglioside;Unassigned
G(M3) Ganglioside;Unassigned
gamma-Aminobutyric Acid;Unassigned
Gadolinium;Unassigned
Gagging;Unassigned
Gait;Unassigned
Galactans;Unassigned
Galactokinase;Unassigned
Galactorrhea;Unassigned
Galactosamine;Unassigned
Galactose;Unassigned
Galactose Dehydrogenases;Unassigned
Galactose Oxidase;Unassigned
Galactosemias;Unassigned
UTP-Hexose-1-Phosphate Uridylyltransferase;Unassigned
Galactosephosphates;Unassigned
Galactosidases;Unassigned
Galactosides;Unassigned
Galactosylceramidase;Unassigned
Galactosylceramides;Unassigned
Galactosyltransferases;Unassigned
Galantamine;Unassigned
Gallamine Triethiodide;Unassigned
Gallbladder;Unassigned
Gallbladder Diseases;Unassigned
Gallbladder Neoplasms;Unassigned
Gallic Acid;Unassigned
Gallium;Unassigned
Gallium Isotopes;Unassigned
Gallium Radioisotopes;Unassigned
Gallopamil;Unassigned
Galvanic Skin Response;Unassigned
Game Theory;Unassigned
Gametogenesis;Unassigned
gamma-Globulins;Unassigned
Gamma Rays;Unassigned
Glutamate-Cysteine Ligase;Unassigned
gamma-Glutamylcyclotransferase;Unassigned
gamma-Glutamyltransferase;Unassigned
Ganglia;Unassigned
Ganglia, Autonomic;Unassigned
Ganglia, Parasympathetic;Unassigned
Ganglia, Spinal;Unassigned
Ganglia, Sympathetic;Unassigned
Ganglioneuroma;Unassigned
Ganglionic Blockers;Unassigned
Ganglionic Stimulants;Unassigned
Gangliosides;Unassigned
Gangliosidoses;Unassigned
Gangrene;Unassigned
Gardner Syndrome;Unassigned
Gas Gangrene;Unassigned
Gas Poisoning;Unassigned
Gases;Unassigned
Noble Gases;Unassigned
Gasoline;Unassigned
Gastric Acid;Unassigned
Gastric Emptying;Unassigned
Gastric Fistula;Unassigned
Gastric Fundus;Unassigned
Gastric Inhibitory Polypeptide;Unassigned
Gastric Juice;Unassigned
Gastric Mucins;Unassigned
Gastric Mucosa;Unassigned
Gastrins;Unassigned
Gastritis;Unassigned
Gastritis, Atrophic;Unassigned
Gastritis, Hypertrophic;Unassigned
Gastroenteritis;Unassigned
Gastroenteritis, Transmissible, of Swine;Unassigned
Gastroesophageal Reflux;Unassigned
Gastrointestinal Agents;Unassigned
Gastrointestinal Contents;Unassigned
Gastrointestinal Diseases;Unassigned
Gastrointestinal Hormones;Unassigned
Gastrointestinal Motility;Unassigned
Gastrointestinal Neoplasms;Unassigned
Gastrointestinal Transit;Unassigned
Gastrula;Unassigned
Gaucher Disease;Unassigned
Gefarnate;Unassigned
Gelatin;Unassigned
Gels;Unassigned
Gene Amplification;Unassigned
Gene Conversion;Unassigned
Gene Expression Regulation;Unassigned
Gene Frequency;Unassigned
Gene Pool;Unassigned
Genes;Unassigned
Genes, araC;Unassigned
Genes, Bacterial;Unassigned
Genes, Dominant;Unassigned
Genes, Fungal;Unassigned
Genes, Homeobox;Unassigned
Genes, MHC Class II;Unassigned
Genes, Immunoglobulin;Unassigned
Genes, Lethal;Unassigned
Genes, MHC Class I;Unassigned
Genes, Overlapping;Unassigned
Genes, Recessive;Unassigned
Genes, Regulator;Unassigned
Multigene Family;Unassigned
Genes, Switch;Unassigned
Genes, Synthetic;Unassigned
Genes, Viral;Unassigned
Genetic Code;Unassigned
Genetic Markers;Unassigned
Genetic Vectors;Unassigned
Geniculate Bodies;Unassigned
Geniculate Ganglion;Unassigned
Genital Diseases, Female;Unassigned
Genital Diseases, Male;Unassigned
Genital Neoplasms, Female;Unassigned
Genital Neoplasms, Male;Unassigned
Genitalia;Unassigned
Genitalia, Female;Unassigned
Genitalia, Male;Unassigned
Genotype;Unassigned
Gentamicins;Unassigned
Gentian Violet;Unassigned
Gentisates;Unassigned
Geotrichosis;Unassigned
Germ Cells;Unassigned
Germ Layers;Unassigned
Germ-Free Life;Unassigned
Germanium;Unassigned
Germine Acetates;Unassigned
Gerstmann Syndrome;Unassigned
Gestational Age;Unassigned
Gestonorone Caproate;Unassigned
Gestrinone;Unassigned
Giant Cell Tumors;Unassigned
Castleman Disease;Unassigned
Giardiasis;Unassigned
Gibberellins;Unassigned
Gigantism;Unassigned
Gilbert Disease;Unassigned
Tourette Syndrome;Unassigned
Gills;Unassigned
Gingiva;Unassigned
Gingival Diseases;Unassigned
Gingival Crevicular Fluid;Unassigned
Gingival Hemorrhage;Unassigned
Gingival Hyperplasia;Unassigned
Gingival Hypertrophy;Unassigned
Gingival Neoplasms;Unassigned
Gingival Pocket;Unassigned
Gingival Recession;Unassigned
Gingivitis;Unassigned
Gingivitis, Necrotizing Ulcerative;Unassigned
Gizzard, Avian;Unassigned
Glanders;Unassigned
Glafenine;Unassigned
Glass Ionomer Cements;Unassigned
Glaucarubin;Unassigned
Glaucoma;Adverse Outcome
Glaucoma, Open-Angle;Unassigned
Gliadin;Unassigned
Glial Fibrillary Acidic Protein;Unassigned
Glyburide;Unassigned
Gliclazide;Unassigned
Glioblastoma;Unassigned
Glioma;Unassigned
Gliosis;Unassigned
Gliotoxin;Unassigned
Glipizide;Unassigned
Globins;Unassigned
Globosides;Unassigned
Globulins;Unassigned
Globus Pallidus;Unassigned
Glomus Tumor;Unassigned
Glomerular Filtration Rate;Unassigned
Glomerular Mesangium;Unassigned
Glomerulonephritis;Unassigned
Glomerulonephritis, IGA;Unassigned
Glomerulosclerosis, Focal Segmental;Unassigned
Glomus Jugulare;Unassigned
Glomus Jugulare Tumor;Unassigned
Glossalgia;Unassigned
Glossitis;Unassigned
Glossitis, Benign Migratory;Unassigned
Glossopharyngeal Nerve;Unassigned
Glottis;Unassigned
Glucagon;Unassigned
Glucagonoma;Unassigned
Glucans;Unassigned
Glucaric Acid;Unassigned
Glucocorticoids;Molecular
Glucokinase;Unassigned
Gluconates;Unassigned
Gluconeogenesis;Unassigned
Glucosamine;Unassigned
Glutamine-Fructose-6-Phosphate Transaminase (Isomerizing);Unassigned
Glucose;Unassigned
Glucose Dehydrogenases;Unassigned
Glucose Oxidase;Unassigned
Glucose Solution, Hypertonic;Unassigned
Glucose-6-Phosphatase;Unassigned
Glycogen Storage Disease Type I;Unassigned
Glucosephosphate Dehydrogenase;Unassigned
Glucosephosphate Dehydrogenase Deficiency;Unassigned
Glucose-6-Phosphate Isomerase;Unassigned
UTP-Glucose-1-Phosphate Uridylyltransferase;Unassigned
Glucosephosphates;Unassigned
Glucosidases;Unassigned
Glucosides;Unassigned
Glucosinolates;Unassigned
Glucosylceramidase;Unassigned
Glucosylceramides;Unassigned
Glucosyltransferases;Unassigned
Glucuronates;Unassigned
Glucuronidase;Unassigned
Glue Proteins, Drosophila;Unassigned
Glutamate Decarboxylase;Unassigned
Glutamate Dehydrogenase;Unassigned
Glutamate Synthase;Unassigned
Glutamates;Unassigned
Glutaminase;Unassigned
Glutamine;Unassigned
Glutamate-Ammonia Ligase;Unassigned
Glutamate-tRNA Ligase;Unassigned
Glutaral;Unassigned
Glutarates;Unassigned
Glutathione;Unassigned
Glutathione Peroxidase;Unassigned
Glutathione Reductase;Unassigned
Glutathione Synthase;Unassigned
Glutathione Transferase;Unassigned
Glutens;Unassigned
Glutethimide;Unassigned
Glyceraldehyde;Unassigned
Glyceraldehyde 3-Phosphate;Unassigned
Glyceraldehyde-3-Phosphate Dehydrogenases;Unassigned
Glyceric Acids;Unassigned
Glycerides;Unassigned
Glycerol;Unassigned
Glycerol Kinase;Unassigned
Glycerol-3-Phosphate O-Acyltransferase;Unassigned
Glycerolphosphate Dehydrogenase;Unassigned
Glycerophosphates;Unassigned
Glyceryl Ethers;Unassigned
Nitroglycerin;Unassigned
Glycerylphosphorylcholine;Unassigned
Glycine;Unassigned
Glycochenodeoxycholic Acid;Unassigned
Glycocholic Acid;Unassigned
Glycoconjugates;Unassigned
Glycodeoxycholic Acid;Unassigned
Glycogen;Unassigned
Glycogen Debranching Enzyme System;Unassigned
Phosphorylases;Unassigned
Glycogen Synthase;Unassigned
Glycogen-Synthase-D Phosphatase;Unassigned
Glycogen Storage Disease;Unassigned
Glycogen Storage Disease Type II;Unassigned
Glycogen Storage Disease Type III;Unassigned
Glycogen Storage Disease Type IV;Unassigned
Glycogen Storage Disease Type V;Unassigned
Glycogen Storage Disease Type VI;Unassigned
Glycogen Storage Disease Type VII;Unassigned
Glycogen Storage Disease Type VIII;Unassigned
Glycolates;Unassigned
Glycolipids;Unassigned
Glycols;Unassigned
Glycolysis;Unassigned
Glycopeptides;Unassigned
Glycophorins;Unassigned
beta-N-Acetylglucosaminylglycopeptide beta-1,4-Galactosyltransferase;Unassigned
Glycoproteins;Unassigned
Glycopyrrolate;Unassigned
Glycosaminoglycans;Unassigned
Glycoside Hydrolases;Unassigned
Glycosides;Unassigned
Glycosphingolipids;Unassigned
Glycosuria;Unassigned
Glycosuria, Renal;Unassigned
Glycosylation;Unassigned
Glycine-tRNA Ligase;Unassigned
Glycylglycine;Unassigned
Glycyrrhetinic Acid;Unassigned
Glyoxal;Unassigned
Glyoxylates;Unassigned
Goiter;Unassigned
Goiter, Endemic;Unassigned
Goiter, Nodular;Unassigned
Goiter, Substernal;Unassigned
Gold;Stressor
Gold Alloys;Unassigned
Gold Colloid, Radioactive;Unassigned
Gold Isotopes;Unassigned
Gold Radioisotopes;Unassigned
Aurothioglucose;Unassigned
Gold Sodium Thiomalate;Unassigned
Goldenhar Syndrome;Unassigned
Golgi Apparatus;Unassigned
Golgi-Mazzoni Corpuscles;Unassigned
Gonadal Disorders;Unassigned
Gonadal Dysgenesis;Unassigned
Gonadal Dysgenesis, Mixed;Unassigned
Gonadal Dysgenesis, 46,XY;Unassigned
Gonadotropins;Unassigned
Chorionic Gonadotropin;Unassigned
Gonadotropins, Equine;Unassigned
Gonadotropins, Pituitary;Unassigned
Gonads;Unassigned
Gonanes;Unassigned
Gonorrhea;Unassigned
Gossypol;Unassigned
Gout;Unassigned
Gout Suppressants;Unassigned
Ovarian Follicle;Unassigned
Graft Occlusion, Vascular;Unassigned
Graft Rejection;Unassigned
Graft Survival;Unassigned
Graft vs Host Disease;Unassigned
Graft vs Host Reaction;Unassigned
Gramicidin;Unassigned
Granulation Tissue;Unassigned
Granulocytes;Unassigned
Granuloma;Unassigned
Granuloma Inguinale;Unassigned
Granuloma, Giant Cell;Unassigned
Granuloma, Laryngeal;Unassigned
Granuloma, Lethal Midline;Unassigned
Granuloma, Plasma Cell;Unassigned
Granulomatous Disease, Chronic;Unassigned
Granulosa Cell Tumor;Unassigned
Granulosa Cells;Unassigned
Graphite;Unassigned
Graves Disease;Unassigned
Gravitation;Unassigned
Griseofulvin;Unassigned
Groin;Unassigned
Growth;Unassigned
Growth Disorders;Unassigned
Growth Inhibitors;Unassigned
Growth Plate;Unassigned
Growth Substances;Unassigned
GTP Cyclohydrolase;Unassigned
Guaiac;Unassigned
Guaiacol;Unassigned
Guaifenesin;Unassigned
Guanabenz;Unassigned
Guanazole;Unassigned
Guanethidine;Unassigned
Guanidines;Stressor
Guanine;Unassigned
Guanine Deaminase;Unassigned
Guanine Nucleotides;Unassigned
Guanosine;Unassigned
Cyclic GMP;Unassigned
Guanosine Diphosphate;Unassigned
Guanosine Diphosphate Fucose;Unassigned
Guanosine Diphosphate Mannose;Unassigned
Guanosine Diphosphate Sugars;Unassigned
Guanosine Monophosphate;Unassigned
Guanosine Pentaphosphate;Unassigned
Guanosine Tetraphosphate;Unassigned
Guanosine Triphosphate;Unassigned
Guanylate Cyclase;Unassigned
Ribonuclease T1;Unassigned
Guanylthiourea;Unassigned
Guanylyl Imidodiphosphate;Unassigned
Gum Arabic;Unassigned
Gutta-Percha;Unassigned
Gymnastics;Unassigned
Gynatresia;Unassigned
Gynecomastia;Unassigned
Gyrus Cinguli;Unassigned
Proton-Translocating ATPases;Unassigned
H-Reflex;Unassigned
H-Y Antigen;Unassigned
H-2 Antigens;Unassigned
Habituation, Psychophysiologic;Unassigned
Haemonchiasis;Unassigned
Haemophilus Infections;Unassigned
Hafnium;Unassigned
Hair;Unassigned
Hair Cells, Auditory;Unassigned
Hair Cells, Auditory, Inner;Unassigned
Hair Color;Unassigned
Hair Diseases;Unassigned
Hair Dyes;Adverse Outcome
Hair Preparations;Adverse Outcome
Halcinonide;Unassigned
Half-Life;Unassigned
Halitosis;Unassigned
Hallermann's Syndrome;Unassigned
Pantothenate Kinase-Associated Neurodegeneration;Unassigned
Hallucinations;Unassigned
Hallucinogens;Unassigned
Hallux;Unassigned
Hallux Valgus;Unassigned
Halofenate;Unassigned
Halogens;Unassigned
Haloperidol;Unassigned
Halothane;Unassigned
Hamartoma;Unassigned
Hamartoma Syndrome, Multiple;Unassigned
Hand;Unassigned
Hand Deformities;Unassigned
Hand Deformities, Acquired;Unassigned
Hand Deformities, Congenital;Unassigned
Hand Dermatoses;Adverse Outcome
Hand Injuries;Unassigned
Hand, Foot and Mouth Disease;Unassigned
Haploidy;Unassigned
Haplotypes;Unassigned
Haptens;Molecular
Haptoglobins;Unassigned
Harderian Gland;Unassigned
Hardness;Unassigned
Harmaline;Unassigned
Harmine;Unassigned
Harringtonines;Unassigned
Hartnup Disease;Unassigned
Haversian System;Unassigned
Rhinitis, Allergic, Seasonal;Adverse Outcome
Hazardous Waste;Unassigned
Head;Unassigned
Head and Neck Neoplasms;Unassigned
Craniocerebral Trauma;Unassigned
Headache;Unassigned
Hearing;Unassigned
Hearing Disorders;Unassigned
Hearing Loss, Bilateral;Unassigned
Hearing Loss, Central;Unassigned
Hearing Loss, Conductive;Unassigned
Hearing Loss, Functional;Unassigned
Hearing Loss, High-Frequency;Unassigned
Hearing Loss, Noise-Induced;Unassigned
Hearing Loss, Sensorineural;Unassigned
Heart;Unassigned
Heart Aneurysm;Unassigned
Heart Arrest;Unassigned
Heart Atria;Unassigned
Heart Block;Unassigned
Heart Conduction System;Unassigned
Heart Defects, Congenital;Unassigned
Heart Diseases;Unassigned
Cardiomegaly;Unassigned
Heart Failure;Unassigned
Heart Injuries;Unassigned
Heart Murmurs;Unassigned
Heart Neoplasms;Unassigned
Heart Rate;Unassigned
Heart Rate, Fetal;Unassigned
Heart Rupture;Unassigned
Heart Rupture, Post-Infarction;Unassigned
Heart Septal Defects;Unassigned
Heart Septal Defects, Atrial;Unassigned
Heart Septal Defects, Ventricular;Unassigned
Heart Septum;Unassigned
Heart Sounds;Unassigned
Heart Valve Diseases;Unassigned
Heart Valves;Unassigned
Heart Ventricles;Unassigned
Heartburn;Unassigned
Heartwater Disease;Unassigned
Hot Temperature;Unassigned
Heat Exhaustion;Unassigned
Heat-Shock Proteins;Unassigned
Heavy Chain Disease;Unassigned
Heel;Unassigned
Heinz Bodies;Unassigned
HeLa Cells;Unassigned
Helium;Unassigned
Helminthiasis;Unassigned
Helminthiasis, Animal;Unassigned
T-Lymphocytes, Helper-Inducer;Unassigned
Hemadsorption;Unassigned
Hemagglutination;Unassigned
Hemagglutination, Viral;Unassigned
Hemagglutinins;Unassigned
Hemagglutinins, Viral;Unassigned
Hemangioendothelioma;Unassigned
Hemangioma;Unassigned
Hemangioma, Cavernous;Unassigned
Hemangiopericytoma;Unassigned
Hemangiosarcoma;Unassigned
Hemarthrosis;Unassigned
Hematemesis;Unassigned
Hematinics;Unassigned
Hematocele;Unassigned
Hematocolpos;Unassigned
Hematocrit;Unassigned
Hematologic Agents;Unassigned
Hematologic Diseases;Unassigned
Hematoma;Unassigned
Hematoma, Epidural, Cranial;Unassigned
Hematoma, Subdural;Unassigned
Hematometra;Unassigned
Hematopoiesis;Unassigned
Hematopoiesis, Extramedullary;Unassigned
Hematopoietic Stem Cells;Unassigned
Hematopoietic System;Unassigned
Hematoporphyrins;Unassigned
Hematoxylin;Unassigned
Hematuria;Unassigned
Heme;Unassigned
Heme Oxygenase (Decyclizing);Unassigned
Hemeproteins;Unassigned
Hemerythrin;Unassigned
Hemianopsia;Unassigned
Hemic and Immune Systems;Unassigned
Hemic and Lymphatic Diseases;Unassigned
Hemicholinium 3;Unassigned
Hemin;Unassigned
Hemiplegia;Unassigned
Hemobilia;Unassigned
Hemochromatosis;Unassigned
Hemocyanins;Unassigned
Hemocytes;Unassigned
Hemodynamics;Unassigned
Hemoglobin A;Unassigned
Glycated Hemoglobin;Unassigned
Hemoglobin A2;Unassigned
Hemoglobin C;Unassigned
Hemoglobin C Disease;Unassigned
Hemoglobin E;Unassigned
Hemoglobin H;Unassigned
Hemoglobin J;Unassigned
Hemoglobin M;Unassigned
Hemoglobin SC Disease;Unassigned
Hemoglobin, Sickle;Unassigned
Hemoglobinopathies;Unassigned
Hemoglobins;Unassigned
Hemoglobins, Abnormal;Unassigned
Hemoglobinuria;Unassigned
Hemoglobinuria, Paroxysmal;Unassigned
Hemolymph;Unassigned
Hemolysin Factors;Unassigned
Hemolysin Proteins;Unassigned
Hemolysis;Unassigned
Hemolytic-Uremic Syndrome;Unassigned
Hemoperitoneum;Unassigned
Hemopexin;Unassigned
Hemophilia A;Unassigned
Hemopneumothorax;Unassigned
Hemoptysis;Unassigned
Hemorrhage;Unassigned
Gastrointestinal Hemorrhage;Unassigned
Oral Hemorrhage;Unassigned
Postpartum Hemorrhage;Unassigned
Hemorrhagic Disorders;Unassigned
Vitamin K Deficiency Bleeding;Unassigned
Hemorrhagic Fever, American;Unassigned
Hemorrhagic Fever, Crimean;Unassigned
Hemorrhagic Fever with Renal Syndrome;Unassigned
Hemorrhagic Fever, Omsk;Unassigned
Hemorrhagic Fevers, Viral;Unassigned
Hemorrhagic Septicemia;Unassigned
Hemorrhoids;Unassigned
Hemosiderin;Unassigned
Hemosiderosis;Unassigned
Hemostasis;Unassigned
Hemostatics;Unassigned
Hemothorax;Unassigned
Hempa;Unassigned
Heparin;Unassigned
Heparin Antagonists;Unassigned
Heparin, Low-Molecular-Weight;Unassigned
Heparinoids;Unassigned
Heparitin Sulfate;Unassigned
Hepatic Artery;Unassigned
Hepatic Duct, Common;Unassigned
Hepatic Encephalopathy;Unassigned
Budd-Chiari Syndrome;Unassigned
Hepatic Veins;Unassigned
Hepatic Veno-Occlusive Disease;Unassigned
Hepatitis;Unassigned
Hepatitis A;Unassigned
Hepatitis Antibodies;Unassigned
Hepatitis B;Unassigned
Hepatitis B Antibodies;Unassigned
Hepatitis B Antigens;Unassigned
Hepatitis B Core Antigens;Unassigned
Hepatitis B e Antigens;Unassigned
Hepatitis B Surface Antigens;Unassigned
Hepatitis, Alcoholic;Unassigned
Hepatitis, Animal;Unassigned
Hepatitis, Chronic;Unassigned
Hepatitis, Infectious Canine;Unassigned
Hepatitis, Viral, Animal;Unassigned
Hepatitis, Viral, Human;Unassigned
Hepatitis C;Unassigned
Hepatolenticular Degeneration;Unassigned
Carcinoma, Hepatocellular;Unassigned
Hepatomegaly;Unassigned
Hepatorenal Syndrome;Unassigned
HEPES;Unassigned
Heptachlor;Unassigned
Heptachlor Epoxide;Unassigned
Heptaminol;Unassigned
Heptanes;Unassigned
Heptanoates;Unassigned
Heptanoic Acids;Unassigned
Heptoses;Unassigned
Herbicides;Unassigned
Hernia;Unassigned
Hernia, Diaphragmatic;Unassigned
Hernia, Diaphragmatic, Traumatic;Unassigned
Hernia, Femoral;Unassigned
Hernia, Hiatal;Unassigned
Hernia, Inguinal;Unassigned
Hernia, Obturator;Unassigned
Hernia, Umbilical;Unassigned
Hernia, Ventral;Unassigned
Heroin Dependence;Unassigned
Herpangina;Unassigned
Herpes Genitalis;Unassigned
Pemphigoid Gestationis;Unassigned
Herpes Labialis;Unassigned
Herpes Simplex;Unassigned
Herpes Zoster;Unassigned
Herpes Zoster Ophthalmicus;Unassigned
Herpesviridae Infections;Unassigned
Hesperidin;Unassigned
Heterochromatin;Unassigned
Heterocyclic Compounds;Unassigned
Heterocyclic Compounds, Bridged-Ring;Unassigned
Heterocyclic Compounds, 1-Ring;Unassigned
Heterocyclic Compounds, 2-Ring;Unassigned
Heterocyclic Compounds, 3-Ring;Unassigned
Heterocyclic Compounds, 4 or More Rings;Unassigned
Heterocyclic Oxides;Unassigned
Heterozygote;Unassigned
Hexachlorobenzene;Unassigned
Hexachlorophene;Unassigned
Hexadimethrine Bromide;Unassigned
Hexamethonium Compounds;Unassigned
Altretamine;Unassigned
Hexanes;Unassigned
Hexanones;Unassigned
Hexestrol;Unassigned
Hexetidine;Unassigned
Hexobarbital;Unassigned
Hexobendine;Unassigned
Hexokinase;Unassigned
Hexoprenaline;Unassigned
Hexosamines;Unassigned
Hexosaminidases;Unassigned
Fructose-Bisphosphatase;Unassigned
Hexosediphosphates;Unassigned
UDPglucose-Hexose-1-Phosphate Uridylyltransferase;Unassigned
Hexosephosphates;Unassigned
Hexoses;Unassigned
Hexosyltransferases;Unassigned
Hexuronic Acids;Unassigned
Hexylresorcinol;Unassigned
Hibernation;Unassigned
Hiccup;Unassigned
Adenoma, Sweat Gland;Unassigned
High Mobility Group Proteins;Unassigned
High Pressure Neurological Syndrome;Unassigned
Higher Nervous Activity;Unassigned
Hindlimb;Unassigned
Hip;Unassigned
Hip Contracture;Unassigned
Hip Dislocation;Unassigned
Hip Dislocation, Congenital;Unassigned
Hip Dysplasia, Canine;Unassigned
Hip Fractures;Unassigned
Hip Joint;Unassigned
von Hippel-Lindau Disease;Unassigned
Hippocampus;Unassigned
Hippurates;Unassigned
Hirschsprung Disease;Unassigned
Hirsutism;Unassigned
Hirudins;Unassigned
Amine Oxidase (Copper-Containing);Unassigned
Histamine;Unassigned
Histamine Antagonists;Stressor
Histamine H1 Antagonists;Unassigned
Histamine H2 Antagonists;Unassigned
Histamine Release;Unassigned
Histamine N-Methyltransferase;Unassigned
Histidine Ammonia-Lyase;Unassigned
Histidine;Unassigned
Histidine Decarboxylase;Unassigned
Histidinol;Unassigned
Histidinol-Phosphatase;Unassigned
Histidine-tRNA Ligase;Unassigned
Histiocytes;Unassigned
Histiocytosis, Langerhans-Cell;Unassigned
Histocompatibility;Unassigned
Histocompatibility Antigens;Unassigned
Histone Deacetylases;Unassigned
Protamine Kinase;Unassigned
Histones;Unassigned
Histoplasmin;Unassigned
Histoplasmosis;Unassigned
HIV Seropositivity;Unassigned
HLA Antigens;Unassigned
HLA-D Antigens;Unassigned
HLA-DP Antigens;Unassigned
HLA-DQ Antigens;Unassigned
HLA-DR Antigens;Unassigned
Hoarseness;Unassigned
Hodgkin Disease;Unassigned
Bisbenzimidazole;Unassigned
Classical Swine Fever;Unassigned
Holmium;Unassigned
Holothurin;Unassigned
Home Childbirth;Unassigned
Homeostasis;Unassigned
Homoarginine;Unassigned
Homocysteine;Unassigned
Homocystine;Unassigned
Homocystinuria;Unassigned
Homogentisic Acid;Unassigned
Homoserine;Unassigned
Homoserine Dehydrogenase;Unassigned
Homosexuality;Unassigned
Homosteroids;Unassigned
Homovanillic Acid;Unassigned
Homozygote;Unassigned
Honey;Unassigned
Hoof and Claw;Unassigned
Hookworm Infections;Unassigned
Hordeolum;Unassigned
Hormone Antagonists;Unassigned
Hormones;Unassigned
Hormones, Ectopic;Unassigned
Hormones, Hormone Substitutes, and Hormone Antagonists;Unassigned
Horner Syndrome;Unassigned
Horns;Unassigned
Horse Diseases;Unassigned
Horseradish Peroxidase;Unassigned
Host vs Graft Reaction;Unassigned
Host-Parasite Interactions;Unassigned
Deltaretrovirus Infections;Unassigned
Human Development;Unassigned
Humeral Fractures;Unassigned
Humerus;Unassigned
Humic Substances;Unassigned
Humidity;Unassigned
Hunger;Unassigned
Huntington Disease;Unassigned
Hyalin;Unassigned
Hyaline Membrane Disease;Unassigned
Hyaluronic Acid;Unassigned
Hyaluronoglucosaminidase;Unassigned
Hybrid Cells;Unassigned
Hybrid Vigor;Unassigned
Hybridization, Genetic;Unassigned
Hybridomas;Unassigned
Hycanthone;Unassigned
Hydantoins;Unassigned
Hydatidiform Mole;Unassigned
Hydralazine;Unassigned
Polyhydramnios;Unassigned
Hydranencephaly;Unassigned
Hydrarthrosis;Unassigned
Hydrazines;Unassigned
Hydrazones;Unassigned
Hydro-Lyases;Unassigned
Hydroa Vacciniforme;Unassigned
Hydrocarbons;Unassigned
Hydrocarbons, Acyclic;Unassigned
Hydrocarbons, Alicyclic;Unassigned
Hydrocarbons, Aromatic;Unassigned
Hydrocarbons, Brominated;Unassigned
Hydrocarbons, Chlorinated;Unassigned
Hydrocarbons, Cyclic;Unassigned
Hydrocarbons, Fluorinated;Unassigned
Hydrocarbons, Halogenated;Unassigned
Hydrocarbons, Iodinated;Unassigned
Testicular Hydrocele;Unassigned
Hydrocephalus;Unassigned
Hydrocephalus, Normal Pressure;Unassigned
Hydrochloric Acid;Unassigned
Hydrochlorothiazide;Unassigned
Hydrocodone;Unassigned
Hydrocortisone;Stressor
Hydrogen Cyanide;Unassigned
Hydroflumethiazide;Unassigned
Hydrofluoric Acid;Unassigned
Hydrogen;Unassigned
Hydrogen Bonding;Unassigned
Hydrogen Peroxide;Stressor
Hydrogen Sulfide;Unassigned
Hydrogen-Ion Concentration;Unassigned
Hydrogenase;Unassigned
Hydrogenation;Unassigned
Hydrolases;Unassigned
Hydrolysis;Unassigned
Hydronephrosis;Unassigned
Hydrophthalmos;Unassigned
Hydropneumothorax;Unassigned
Hydroquinones;Unassigned
Hydrostatic Pressure;Unassigned
Hydrothorax;Unassigned
Hydroxamic Acids;Unassigned
Hydroxides;Unassigned
Hydroxocobalamin;Unassigned
Hydroxy Acids;Unassigned
Hydroxyacetylaminofluorene;Unassigned
Hydroxyapatites;Unassigned
Hydroxybutyrate Dehydrogenase;Unassigned
Hydroxybutyrates;Unassigned
Hydroxychloroquine;Unassigned
Hydroxycholecalciferols;Unassigned
Hydroxycholesterols;Unassigned
Hydroxycorticosteroids;Unassigned
Hydroxydopamines;Unassigned
Hydroxyeicosatetraenoic Acids;Unassigned
Hydroxyestrones;Unassigned
Hydroxyethyl Starch Derivatives;Unassigned
Hydroxyethylrutoside;Unassigned
Hydroxyindoleacetic Acid;Unassigned
Hydroxylamines;Unassigned
Mixed Function Oxygenases;Unassigned
Hydroxylation;Unassigned
Hydroxylysine;Unassigned
Hydroxymercuribenzoates;Unassigned
Hydroxymethylglutaryl CoA Reductases;Unassigned
Hydroxymethylglutaryl-CoA Synthase;Unassigned
Hydroxyphenylazouracil;Unassigned
17-alpha-Hydroxypregnenolone;Unassigned
Hydroxyprogesterones;Unassigned
Hydroxyproline;Unassigned
Hydroxypropiophenone;Unassigned
Hydroxyprostaglandin Dehydrogenases;Unassigned
Hydroxyquinolines;Unassigned
Hydroxysteroid Dehydrogenases;Unassigned
Hydroxysteroids;Unassigned
Hydroxytestosterones;Unassigned
5-Hydroxytryptophan;Unassigned
Hydroxytryptophol;Unassigned
Hydroxyurea;Unassigned
Hydroxyzine;Unassigned
Hygromycin B;Unassigned
Hymecromone;Unassigned
Hymen;Unassigned
Hymenolepiasis;Unassigned
Hyoid Bone;Unassigned
Hyperaldosteronism;Unassigned
Hyperalgesia;Unassigned
Hyperbilirubinemia;Unassigned
Hyperbilirubinemia, Hereditary;Unassigned
Hypercalcemia;Unassigned
Hypercapnia;Unassigned
Hypercementosis;Unassigned
Hypercholesterolemia;Unassigned
Hyperlipoproteinemia Type II;Unassigned
Hyperemesis Gravidarum;Unassigned
Hyperemia;Unassigned
Hyperesthesia;Unassigned
Hypergammaglobulinemia;Unassigned
Hyperglycemia;Unassigned
Hyperglycemic Hyperosmolar Nonketotic Coma;Unassigned
Hyperhidrosis;Unassigned
Hyperinsulinism;Unassigned
Hyperkalemia;Unassigned
Hyperkinesis;Unassigned
Hyperlipidemias;Unassigned
Hyperlipidemia, Familial Combined;Unassigned
Hyperlipoproteinemias;Unassigned
Hyperlipoproteinemia Type III;Unassigned
Hyperlipoproteinemia Type IV;Unassigned
Hyperlipoproteinemia Type V;Unassigned
Hypernatremia;Unassigned
Hyperopia;Unassigned
Hyperostosis Frontalis Interna;Unassigned
Hyperostosis, Cortical, Congenital;Unassigned
Hyperoxaluria;Unassigned
Hyperoxaluria, Primary;Unassigned
Hyperparathyroidism;Unassigned
Hyperparathyroidism, Secondary;Unassigned
Hyperphagia;Unassigned
Hyperpituitarism;Unassigned
Hyperplasia;Unassigned
Hyperprolactinemia;Unassigned
Hypersensitivity;Adverse Outcome
Hypersensitivity, Delayed;Adverse Outcome
Hypersensitivity, Immediate;Adverse Outcome
Disorders of Excessive Somnolence;Unassigned
Hypersplenism;Unassigned
Hypertelorism;Unassigned
Hypertension;Unassigned
Hypertension, Malignant;Unassigned
Hypertension, Portal;Unassigned
Hypertension, Pulmonary;Unassigned
Hypertension, Renal;Unassigned
Hypertension, Renovascular;Unassigned
Hyperthyroidism;Unassigned
Hyperthyroxinemia;Unassigned
Hypertonic Solutions;Unassigned
Hypertrichosis;Unassigned
Hypertrophy;Unassigned
Hyperventilation;Unassigned
Hypervitaminosis A;Unassigned
Hypesthesia;Unassigned
Hyphema;Unassigned
Hypnotics and Sedatives;Unassigned
Hypoaldosteronism;Unassigned
Hypobetalipoproteinemias;Unassigned
Hypocalcemia;Unassigned
Hypochlorous Acid;Unassigned
Hypodermyiasis;Unassigned
Hypogastric Plexus;Unassigned
Hypoglossal Nerve;Unassigned
Hypoglycemia;Unassigned
Hypoglycemic Agents;Unassigned
Hypoglycins;Unassigned
Hypogonadism;Unassigned
Hypohidrosis;Unassigned
Hypokalemia;Unassigned
Hypolipoproteinemias;Unassigned
Hyponatremia;Unassigned
Hypoparathyroidism;Unassigned
Hypopharyngeal Neoplasms;Unassigned
Hypopharynx;Unassigned
Hypophosphatasia;Unassigned
Hypophosphatemia, Familial;Unassigned
Hypopituitarism;Unassigned
Hypoproteinemia;Unassigned
Hypoprothrombinemias;Unassigned
Hypospadias;Unassigned
Hypotension;Unassigned
Hypotension, Orthostatic;Unassigned
Anterior Hypothalamic Nucleus;Unassigned
Hypothalamic Area, Lateral;Unassigned
Hypothalamic Diseases;Unassigned
Hypothalamic Hormones;Unassigned
Hypothalamic Neoplasms;Unassigned
Hypothalamo-Hypophyseal System;Unassigned
Hypothalamus;Unassigned
Hypothalamus, Anterior;Unassigned
Hypothalamus, Middle;Unassigned
Hypothalamus, Posterior;Unassigned
Hypothermia;Unassigned
Hypothyroidism;Unassigned
Hypotonic Solutions;Unassigned
Hypotrichosis;Unassigned
Hypoventilation;Unassigned
Hypoxanthine Phosphoribosyltransferase;Unassigned
Hypoxanthines;Unassigned
I Blood-Group System;Unassigned
Iatrogenic Disease;Unassigned
Ibogaine;Unassigned
Ibotenic Acid;Unassigned
Ibuprofen;Unassigned
Ice;Unassigned
Ice Cream;Unassigned
Ichthyosis;Unassigned
L-Iditol 2-Dehydrogenase;Unassigned
Idoxuridine;Unassigned
Iduronate Sulfatase;Unassigned
Iduronic Acid;Unassigned
Iduronidase;Unassigned
Ifosfamide;Unassigned
Immunoglobulin A;Unassigned
Immunoglobulin A, Secretory;Unassigned
Immunoglobulin D;Unassigned
Immunoglobulin E;Molecular
Immunoglobulin G;Molecular
Immunoglobulin M;Unassigned
Ileal Diseases;Unassigned
Ileal Neoplasms;Unassigned
Ileitis;Unassigned
Ileocecal Valve;Unassigned
Ileum;Unassigned
Iliac Artery;Unassigned
Iliac Vein;Unassigned
Ilium;Unassigned
Illusions;Unassigned
Imidazoles;Molecular
Imides;Unassigned
Imidocarb;Unassigned
Imidoesters;Unassigned
Imines;Unassigned
Imino Acids;Unassigned
Imipramine;Unassigned
Immersion Foot;Unassigned
Immune Complex Diseases;Unassigned
Immune Sera;Unassigned
Immune System;Unassigned
Immune Tolerance;Unassigned
Immunity;Unassigned
Immunity, Active;Unassigned
Immunity, Cellular;Unassigned
Immunity, Maternally-Acquired;Unassigned
Immunity, Innate;Unassigned
Immunoblastic Lymphadenopathy;Unassigned
Immunocompetence;Unassigned
Immunoglobulin Allotypes;Unassigned
Immunoglobulin Constant Regions;Unassigned
Immunoglobulin Fragments;Unassigned
Immunoglobulin Gm Allotypes;Unassigned
Immunoglobulin Idiotypes;Unassigned
Immunoglobulin Km Allotypes;Unassigned
Immunoglobulin Isotypes;Unassigned
Immunoglobulin Joining Region;Unassigned
Immunoglobulin Switch Region;Unassigned
Immunoglobulin Variable Region;Unassigned
Immunoglobulins;Unassigned
Immunoglobulin alpha-Chains;Unassigned
Immunoglobulin delta-Chains;Unassigned
Immunoglobulin epsilon-Chains;Unassigned
Immunoglobulin Fab Fragments;Unassigned
Immunoglobulin Fc Fragments;Unassigned
Immunoglobulin gamma-Chains;Unassigned
Immunoglobulin Heavy Chains;Unassigned
Immunoglobulin J-Chains;Unassigned
Immunoglobulin kappa-Chains;Unassigned
Immunoglobulin lambda-Chains;Unassigned
Immunoglobulin Light Chains;Unassigned
Immunoglobulin mu-Chains;Unassigned
Immunologic Capping;Unassigned
Immunologic Deficiency Syndromes;Unassigned
Immune System Diseases;Unassigned
Immunologic Factors;Unassigned
Immunologic Memory;Unassigned
Immunologic Surveillance;Unassigned
Immunoproliferative Disorders;Unassigned
Immunoproliferative Small Intestinal Disease;Unassigned
Immunoproteins;Unassigned
Immunosorbents;Unassigned
Immunosuppressive Agents;Stressor
IMP Dehydrogenase;Unassigned
Impetigo;Unassigned
Erectile Dysfunction;Unassigned
Inappropriate ADH Syndrome;Unassigned
Inbreeding;Unassigned
Incisor;Unassigned
Inclusion Bodies, Viral;Unassigned
Incontinentia Pigmenti;Unassigned
Incus;Unassigned
Indans;Unassigned
Indapamide;Unassigned
Indazoles;Unassigned
Indenes;Unassigned
Indican;Unassigned
Indicators and Reagents;Unassigned
Indigo Carmine;Unassigned
Indium;Unassigned
Indium Radioisotopes;Unassigned
Indocyanine Green;Unassigned
Indole-3-Glycerol-Phosphate Synthase;Unassigned
Indoleacetic Acids;Unassigned
Indoles;Unassigned
Indolizines;Unassigned
Indomethacin;Unassigned
Indophenol;Unassigned
Indoprofen;Unassigned
Indoramin;Unassigned
Industrial Waste;Unassigned
Inert Gas Narcosis;Unassigned
Infant Food;Unassigned
Infant Nutritional Physiological Phenomena;Unassigned
Infant Nutrition Disorders;Unassigned
Infant, Newborn, Diseases;Unassigned
Infant, Premature, Diseases;Unassigned
Infarction;Unassigned
Infections;Unassigned
Infectious Bovine Rhinotracheitis;Unassigned
Infectious Mononucleosis;Unassigned
Inferior Colliculi;Unassigned
Infertility;Unassigned
Infertility, Female;Unassigned
Infertility, Male;Unassigned
Inflammation;Tissue
Influenza, Human;Unassigned
Influenza Vaccines;Unassigned
Infrared Rays;Unassigned
Inguinal Canal;Unassigned
Inhibins;Unassigned
Disorders of Environmental Origin;Unassigned
Inlay Casting Wax;Unassigned
Inorganic Chemicals;Unassigned
Inosine;Unassigned
Cyclic IMP;Unassigned
Inosine Diphosphate;Unassigned
Inosine Monophosphate;Unassigned
Inosine Nucleotides;Unassigned
Inosine Triphosphate;Unassigned
Inositol;Unassigned
Inositol Phosphates;Unassigned
Myo-Inositol-1-Phosphate Synthase;Unassigned
Insect Bites and Stings;Unassigned
Insect Hormones;Unassigned
Insect Repellents;Unassigned
Insecticide Resistance;Unassigned
Insecticides;Unassigned
Insemination;Unassigned
Insemination, Artificial;Unassigned
Insemination, Artificial, Heterologous;Unassigned
Insemination, Artificial, Homologous;Unassigned
Sleep Initiation and Maintenance Disorders;Unassigned
Inspiratory Capacity;Unassigned
Inspiratory Reserve Volume;Unassigned
Insulin;Unassigned
Insulin Antagonists;Unassigned
Insulin Antibodies;Unassigned
Insulin Coma;Unassigned
Insulin Resistance;Unassigned
Insulin-Like Growth Factor I;Unassigned
Insulin-Like Growth Factor II;Unassigned
Insulin, Isophane;Unassigned
Insulysin;Unassigned
Insulinoma;Unassigned
Intercalating Agents;Unassigned
Intercellular Junctions;Unassigned
Intercostal Muscles;Unassigned
Intercostal Nerves;Unassigned
Interferon Inducers;Unassigned
Interferon Type I;Unassigned
Interferon-gamma;Unassigned
Interferons;Unassigned
Interleukin-1;Unassigned
Interleukin-2;Unassigned
Interleukin-3;Unassigned
Interleukins;Unassigned
Intermediate Filament Proteins;Unassigned
Intermediate Filaments;Unassigned
Intermittent Claudication;Unassigned
Interneurons;Unassigned
Interphase;Unassigned
Interrenal Gland;Unassigned
Intertrigo;Unassigned
Intervertebral Disc;Unassigned
Intervertebral Disc Displacement;Unassigned
Intestinal Absorption;Unassigned
Intestinal Atresia;Unassigned
Intestinal Diseases;Unassigned
Intestinal Diseases, Parasitic;Unassigned
Intestinal Fistula;Unassigned
Intestinal Mucosa;Unassigned
Intestinal Neoplasms;Unassigned
Intestinal Obstruction;Unassigned
Intestinal Perforation;Unassigned
Intestinal Polyps;Unassigned
Intestinal Pseudo-Obstruction;Unassigned
Intestinal Secretions;Unassigned
Intestine, Large;Unassigned
Intestine, Small;Unassigned
Intestines;Unassigned
Intracellular Fluid;Unassigned
Intracellular Membranes;Unassigned
Genes, Intracisternal A-Particle;Unassigned
Intracranial Pressure;Unassigned
Intraocular Pressure;Unassigned
Intraoperative Complications;Unassigned
Intrinsic Factor;Unassigned
Introns;Unassigned
Intussusception;Unassigned
Inulin;Unassigned
Chromosome Inversion;Unassigned
Invertebrate Hormones;Unassigned
Iodamide;Unassigned
Iodates;Unassigned
Iodide Peroxidase;Unassigned
Iodides;Unassigned
Iodine;Unassigned
Iodine Isotopes;Unassigned
Iodine Radioisotopes;Unassigned
Iodipamide;Unassigned
Iodized Oil;Unassigned
Iodoacetamide;Unassigned
Iodoacetates;Unassigned
Iodobenzenes;Unassigned
Iodobenzoates;Unassigned
Clioquinol;Unassigned
Iodohippuric Acid;Unassigned
Iodophors;Unassigned
Iodoproteins;Unassigned
Iodopyracet;Unassigned
Iodopyridones;Unassigned
Monoiodotyrosine;Unassigned
Ioglycamic Acid;Unassigned
Iohexol;Unassigned
Ion Channels;Unassigned
Ion Exchange;Unassigned
Ion Exchange Resins;Unassigned
Ionophores;Unassigned
Ions;Unassigned
Iopamidol;Unassigned
Iopanoic Acid;Unassigned
Iophendylate;Unassigned
Iothalamate Meglumine;Unassigned
Iothalamic Acid;Unassigned
Ioxaglic Acid;Unassigned
Ipecac;Unassigned
Ipodate;Unassigned
Iprindole;Unassigned
Iproniazid;Unassigned
Ipronidazole;Unassigned
Iridium;Unassigned
Iridium Radioisotopes;Unassigned
Iris;Unassigned
Iris Diseases;Unassigned
Iritis;Unassigned
Iron;Unassigned
Iron Chelating Agents;Unassigned
Iron Isotopes;Unassigned
Iron Radioisotopes;Unassigned
Iron-Dextran Complex;Unassigned
Iron-Sulfur Proteins;Unassigned
Irritants;Stressor
Isatin;Unassigned
Ischemia;Unassigned
Ischium;Unassigned
Isethionic Acid;Unassigned
Islets of Langerhans;Unassigned
Adenoma, Islet Cell;Unassigned
Isoamylase;Unassigned
Isoantibodies;Unassigned
Isoantigens;Unassigned
Isocarboxazid;Unassigned
Isocitrate Dehydrogenase;Unassigned
Isocitrate Lyase;Unassigned
Isocitrates;Unassigned
Isodesmosine;Unassigned
Isoelectric Point;Unassigned
Isoenzymes;Unassigned
Isoetharine;Unassigned
Isoflavones;Unassigned
Isoflurane;Unassigned
Isoflurophate;Unassigned
Isoleucine;Unassigned
Isoleucine-tRNA Ligase;Unassigned
Isomaltose;Unassigned
Isomerases;Unassigned
Isomerism;Unassigned
Isometric Contraction;Unassigned
Isoniazid;Unassigned
Isonicotinic Acids;Unassigned
Isonipecotic Acids;Unassigned
Isopentenyladenosine;Unassigned
Inosine Pranobex;Unassigned
Isopropyl Thiogalactoside;Unassigned
Isoproterenol;Unassigned
Isoquinolines;Unassigned
Isosorbide;Unassigned
Isosorbide Dinitrate;Unassigned
Isothiuronium;Unassigned
Isotonic Contraction;Unassigned
Isotonic Solutions;Unassigned
Isotopes;Unassigned
Isoxazoles;Unassigned
Isoxsuprine;Unassigned
Ivermectin;Unassigned
Creutzfeldt-Jakob Syndrome;Unassigned
Jaundice;Unassigned
Jaundice, Chronic Idiopathic;Unassigned
Jaundice, Neonatal;Unassigned
Jaw;Unassigned
Jaw Abnormalities;Unassigned
Jaw Cysts;Unassigned
Jaw Diseases;Unassigned
Jaw Fractures;Unassigned
Jaw Neoplasms;Unassigned
Jaw, Edentulous;Unassigned
Jaw, Edentulous, Partially;Unassigned
Jejunal Diseases;Unassigned
Jejunal Neoplasms;Unassigned
Jejunum;Unassigned
Job Syndrome;Unassigned
Jogging;Unassigned
Joint Diseases;Unassigned
Joint Instability;Unassigned
Joint Loose Bodies;Unassigned
Joints;Unassigned
Jugular Veins;Unassigned
Juvenile Hormones;Unassigned
Juxtaglomerular Apparatus;Unassigned
Kainic Acid;Unassigned
Kallidin;Unassigned
Kallikreins;Unassigned
Aprotinin;Unassigned
Kanamycin;Unassigned
Kanamycin Resistance;Unassigned
Kaolin;Unassigned
Kaposi Varicelliform Eruption;Unassigned
Karaya Gum;Unassigned
Kartagener Syndrome;Unassigned
KB Cells;Unassigned
Kearns-Sayre Syndrome;Unassigned
Kell Blood-Group System;Unassigned
Keloid;Unassigned
Chlordecone;Unassigned
Keratan Sulfate;Unassigned
Keratins;Unassigned
Keratitis;Unassigned
Keratitis, Dendritic;Unassigned
Keratoacanthoma;Unassigned
Keratoconjunctivitis;Unassigned
Keratoconjunctivitis Sicca;Unassigned
Keratoconjunctivitis, Infectious;Unassigned
Keratoconus;Unassigned
Keratolytic Agents;Unassigned
Keratosis;Unassigned
Darier Disease;Unassigned
Keratoderma, Palmoplantar;Unassigned
Kernicterus;Unassigned
Kerosene;Unassigned
Ketamine;Unassigned
Ketanserin;Unassigned
Keto Acids;Unassigned
Oxo-Acid-Lyases;Unassigned
Ketocholesterols;Unassigned
Ketoconazole;Unassigned
Ketoglutarate Dehydrogenase Complex;Unassigned
Ketoglutaric Acids;Unassigned
Ketone Bodies;Unassigned
Ketone Oxidoreductases;Unassigned
Ketones;Unassigned
Ketoprofen;Stressor
Ketoses;Unassigned
Ketosis;Unassigned
Ketosteroids;Unassigned
Ketotifen;Unassigned
Khellin;Unassigned
Kidd Blood-Group System;Unassigned
Kidney;Unassigned
Kidney Calculi;Unassigned
Kidney Calices;Unassigned
Kidney Concentrating Ability;Unassigned
Kidney Cortex;Unassigned
Kidney Cortex Necrosis;Unassigned
Kidney Diseases;Unassigned
Kidney Failure, Chronic;Unassigned
Kidney Glomerulus;Unassigned
Kidney Medulla;Unassigned
Kidney Neoplasms;Unassigned
Kidney Papillary Necrosis;Unassigned
Kidney Pelvis;Unassigned
Kidney Tubular Necrosis, Acute;Unassigned
Kidney Tubules;Unassigned
Kidney Tubules, Collecting;Unassigned
Kidney Tubules, Distal;Unassigned
Kidney Tubules, Proximal;Unassigned
Polycystic Kidney Diseases;Unassigned
Medullary Sponge Kidney;Unassigned
Diatomaceous Earth;Unassigned
Killer Cells, Natural;Unassigned
Kindling, Neurologic;Unassigned
Kinesthesis;Unassigned
Kinetics;Unassigned
Kinetin;Unassigned
Peptidyl-Dipeptidase A;Unassigned
Kininogens;Unassigned
Kinins;Unassigned
Menkes Kinky Hair Syndrome;Unassigned
Klebsiella Infections;Unassigned
Klinefelter Syndrome;Unassigned
Klippel-Feil Syndrome;Unassigned
Klippel-Trenaunay-Weber Syndrome;Unassigned
Knee;Unassigned
Knee Injuries;Unassigned
Knee Joint;Unassigned
Vulvar Lichen Sclerosus;Unassigned
Krukenberg Tumor;Unassigned
Krypton;Unassigned
Krypton Radioisotopes;Unassigned
Kupffer Cells;Unassigned
Kuru;Unassigned
Kwashiorkor;Unassigned
Kyasanur Forest Disease;Unassigned
Kynuramine;Unassigned
Kynurenic Acid;Unassigned
Kynurenine;Unassigned
Kyphosis;Unassigned
L Cells;Unassigned
Labetalol;Unassigned
Labial Frenum;Unassigned
Labor, Obstetric;Unassigned
Obstetric Labor Complications;Unassigned
Labor Onset;Unassigned
Labor Presentation;Unassigned
Labor Stage, First;Unassigned
Labor Stage, Second;Unassigned
Labor Stage, Third;Unassigned
Obstetric Labor, Premature;Unassigned
Laboratory Infection;Unassigned
Ear, Inner;Unassigned
Labyrinth Diseases;Unassigned
Labyrinth Supporting Cells;Unassigned
Labyrinthine Fluids;Unassigned
Labyrinthitis;Unassigned
Lac Operon;Unassigned
Lacrimal Apparatus;Unassigned
Lacrimal Apparatus Diseases;Unassigned
Lacrimal Duct Obstruction;Unassigned
Lactalbumin;Unassigned
Lactams;Unassigned
L-Lactate Dehydrogenase;Unassigned
Lactates;Unassigned
Lactation;Unassigned
Lactation Disorders;Unassigned
Lactoferrin;Unassigned
Lactoglobulins;Unassigned
Lactones;Molecular
Lactoperoxidase;Unassigned
Lactose;Unassigned
Lactose Factors;Unassigned
Lactose Intolerance;Unassigned
Lactose Synthase;Unassigned
Lactosylceramides;Unassigned
Lactoylglutathione Lyase;Unassigned
Lactulose;Unassigned
Lameness, Animal;Unassigned
Laminin;Unassigned
Lanatosides;Unassigned
Langerhans Cells;Cellular
Language Development Disorders;Unassigned
Language Disorders;Unassigned
Lanolin;Unassigned
Lanosterol;Unassigned
Lanthanum;Unassigned
Larva;Unassigned
Larva Migrans;Unassigned
Larva Migrans, Visceral;Unassigned
Laryngeal Cartilages;Unassigned
Laryngeal Diseases;Unassigned
Laryngeal Edema;Unassigned
Laryngeal Mucosa;Unassigned
Laryngeal Muscles;Unassigned
Laryngeal Neoplasms;Unassigned
Laryngeal Nerves;Unassigned
Laryngismus;Unassigned
Laryngitis;Unassigned
Laryngostenosis;Unassigned
Larynx;Unassigned
Lasalocid;Unassigned
Lassa Fever;Unassigned
Functional Laterality;Unassigned
Latex;Stressor
Lathyrism;Unassigned
Laurates;Unassigned
Laurence-Moon Syndrome;Unassigned
Lauric Acids;Unassigned
Dodecanol;Unassigned
Lawrencium;Unassigned
Lead;Unassigned
Lead Poisoning;Unassigned
Lead Radioisotopes;Unassigned
Learning Disabilities;Unassigned
Phosphatidylcholine-Sterol O-Acyltransferase;Unassigned
Lecithin Cholesterol Acyltransferase Deficiency;Unassigned
Leg;Unassigned
Leg Bones;Unassigned
Leg Dermatoses;Adverse Outcome
Leg Injuries;Unassigned
Leg Length Inequality;Unassigned
Leg Ulcer;Adverse Outcome
Legg-Calve-Perthes Disease;Unassigned
Leghemoglobin;Unassigned
Legionellosis;Unassigned
Legionnaires' Disease;Unassigned
Leigh Disease;Unassigned
Leiomyoma;Unassigned
Leiomyosarcoma;Unassigned
Leishmaniasis;Unassigned
Leishmaniasis, Mucocutaneous;Unassigned
Leishmaniasis, Visceral;Unassigned
Lens Capsule, Crystalline;Unassigned
Lens Cortex, Crystalline;Unassigned
Lens Diseases;Unassigned
Lens Subluxation;Unassigned
Lens Nucleus, Crystalline;Unassigned
Lens, Crystalline;Unassigned
Lentigo;Unassigned
Lentinan;Unassigned
Lepromin;Unassigned
Leprostatic Agents;Unassigned
Leprosy;Unassigned
Leptospirosis;Unassigned
Leriche Syndrome;Unassigned
Lesch-Nyhan Syndrome;Unassigned
Lethal Dose 50;Unassigned
Leucine;Unassigned
Leucyl Aminopeptidase;Unassigned
Leucogenenol;Unassigned
Leucomycins;Unassigned
Leucine-tRNA Ligase;Unassigned
Leukemia;Unassigned
Leukemia L1210;Unassigned
Leukemia L5178;Unassigned
Leukemia P388;Unassigned
Leukemia, Experimental;Unassigned
Leukemia, Hairy Cell;Unassigned
Leukemia, Lymphoid;Unassigned
Leukemia, Mast-Cell;Unassigned
Leukemia, Megakaryoblastic, Acute;Unassigned
Leukemia, Monocytic, Acute;Unassigned
Leukemia, Myeloid;Unassigned
Leukemia, Plasma Cell;Unassigned
Leukemia, Radiation-Induced;Unassigned
Leukemoid Reaction;Unassigned
Leukocidins;Unassigned
Leukocyte Count;Unassigned
Leukocyte Disorders;Unassigned
Leukocyte Migration-Inhibitory Factors;Unassigned
Leukocytes;Unassigned
Leukocytes, Mononuclear;Unassigned
Leukocytosis;Unassigned
Leukodystrophy, Globoid Cell;Unassigned
Leukodystrophy, Metachromatic;Unassigned
Leukoedema, Oral;Unassigned
Leukoencephalopathy, Progressive Multifocal;Unassigned
Leukomalacia, Periventricular;Unassigned
Leukopenia;Unassigned
Leukoplakia;Unassigned
Leukoplakia, Oral;Unassigned
Leukorrhea;Unassigned
Leukotriene B4;Unassigned
Leupeptins;Unassigned
Levallorphan;Unassigned
Levamisole;Unassigned
Levocardia;Unassigned
Levodopa;Unassigned
Levorphanol;Unassigned
Levulinic Acids;Unassigned
Lewis Blood Group Antigens;Unassigned
Leydig Cell Tumor;Unassigned
Leydig Cells;Unassigned
Luteinizing Hormone;Unassigned
Gonadotropin-Releasing Hormone;Unassigned
Lichen Planus;Unassigned
Lidocaine;Stressor
Lidoflazine;Unassigned
Life Cycle Stages;Unassigned
Ligaments;Unassigned
Ligaments, Articular;Unassigned
Ligands;Unassigned
Ligases;Unassigned
Light;Stressor
Lightning;Unassigned
Lignin;Unassigned
Limbic System;Unassigned
Lincomycin;Unassigned
Lingual Frenum;Unassigned
Lingual Nerve;Unassigned
Liniments;Unassigned
Linitis Plastica;Unassigned
Genetic Linkage;Unassigned
Linoleic Acids;Unassigned
Linolenic Acids;Unassigned
Linseed Oil;Unassigned
Linuron;Unassigned
Lip;Unassigned
Lip Diseases;Unassigned
Lip Neoplasms;Unassigned
Lipase;Unassigned
Lipid A;Unassigned
Lipid Bilayers;Unassigned
Lipid Metabolism, Inborn Errors;Unassigned
Lipid Mobilization;Unassigned
Lipid Peroxides;Unassigned
Lipids;Unassigned
Dihydrolipoamide Dehydrogenase;Unassigned
Mucopolysaccharidosis I;Unassigned
Lipodystrophy;Unassigned
Whipple Disease;Unassigned
Lipofuscin;Unassigned
Thioctic Acid;Unassigned
Lipidoses;Unassigned
Lipoid Proteinosis of Urbach and Wiethe;Unassigned
Lipolysis;Unassigned
Lipoma;Unassigned
Lipomatosis;Unassigned
Lipomatosis, Multiple Symmetrical;Unassigned
Lipopolysaccharides;Unassigned
Lipoprotein Lipase;Unassigned
Hyperlipoproteinemia Type I;Unassigned
Lipoprotein-X;Unassigned
Lipoproteins;Unassigned
Lipoproteins, HDL;Unassigned
Cholesterol, HDL;Unassigned
Lipoproteins, LDL;Unassigned
Cholesterol, LDL;Unassigned
Lipoproteins, VLDL;Unassigned
Liposarcoma;Unassigned
Liposomes;Unassigned
Lipotropic Agents;Unassigned
beta-Lipotropin;Unassigned
Lipoxygenase;Unassigned
Lissamine Green Dyes;Unassigned
Listeriosis;Unassigned
Lisuride;Unassigned
Lithium;Unassigned
Lithocholic Acid;Unassigned
Litter Size;Unassigned
Liver;Unassigned
Liver Abscess;Unassigned
Liver Abscess, Amebic;Unassigned
Liver Circulation;Unassigned
Liver Cirrhosis;Unassigned
Liver Cirrhosis, Alcoholic;Unassigned
Liver Cirrhosis, Biliary;Unassigned
Liver Cirrhosis, Experimental;Unassigned
Liver Diseases;Unassigned
Liver Diseases, Alcoholic;Unassigned
Liver Diseases, Parasitic;Unassigned
Liver Extracts;Unassigned
Liver Glycogen;Unassigned
Liver Neoplasms;Unassigned
Liver Neoplasms, Experimental;Unassigned
Liver Regeneration;Unassigned
Loiasis;Unassigned
Lobeline;Unassigned
Locomotion;Unassigned
Locus Coeruleus;Unassigned
Lod Score;Unassigned
Lofepramine;Unassigned
Lomustine;Unassigned
Long QT Syndrome;Unassigned
Long-Acting Thyroid Stimulator;Unassigned
Longevity;Unassigned
Loop of Henle;Unassigned
Loperamide;Unassigned
Lorazepam;Unassigned
Lordosis;Unassigned
Loudness Perception;Unassigned
Louping Ill;Unassigned
Lovastatin;Unassigned
Lown-Ganong-Levine Syndrome;Unassigned
Loxapine;Unassigned
Lucanthone;Unassigned
Lucensomycin;Unassigned
Luciferases;Unassigned
Ludwig's Angina;Unassigned
Lumbar Vertebrae;Unassigned
Lumbosacral Plexus;Unassigned
Lumbosacral Region;Unassigned
Lumicolchicines;Unassigned
Luminescent Proteins;Unassigned
Luminol;Unassigned
Lumpy Skin Disease;Unassigned
Lung;Unassigned
Lung Abscess;Unassigned
Lung Compliance;Unassigned
Lung Diseases;Unassigned
Lung Diseases, Fungal;Unassigned
Lung Diseases, Obstructive;Unassigned
Lung Diseases, Parasitic;Unassigned
Lung Neoplasms;Unassigned
Lupus Vulgaris;Unassigned
Lupus Erythematosus, Cutaneous;Unassigned
Lupus Erythematosus, Discoid;Unassigned
Lupus Erythematosus, Systemic;Unassigned
Lupus Nephritis;Unassigned
Luteal Phase;Unassigned
Luteal Cells;Unassigned
Lutembacher Syndrome;Unassigned
Luteolytic Agents;Unassigned
Lutetium;Unassigned
Lutheran Blood-Group System;Unassigned
Lyases;Unassigned
Lye;Unassigned
Lyme Disease;Unassigned
Lymecycline;Unassigned
Lymph;Unassigned
Lymph Nodes;Tissue
Lymphadenitis;Unassigned
Lymphangiectasis;Unassigned
Lymphangiectasis, Intestinal;Unassigned
Lymphangioma;Unassigned
Lymphangiomyoma;Unassigned
Lymphangiosarcoma;Unassigned
Lymphangitis;Unassigned
Lymphatic Diseases;Unassigned
Lymphatic Metastasis;Unassigned
Lymphatic System;Unassigned
Lymphedema;Unassigned
Lymphocele;Unassigned
Lymphocyte Cooperation;Unassigned
Lymphocyte Activation;Cellular
Lymphocytes;Unassigned
Lymphocytes, Null;Unassigned
Lymphocytic Choriomeningitis;Unassigned
Lymphocytosis;Unassigned
Lymphogranuloma Venereum;Unassigned
Lymphoid Tissue;Unassigned
Lymphokines;Unassigned
Lymphoma;Unassigned
Lymphoma, Follicular;Unassigned
Lymphoma, Non-Hodgkin;Unassigned
Lymphomatoid Granulomatosis;Unassigned
Lymphopenia;Unassigned
Lymphoproliferative Disorders;Unassigned
Lymphotoxin-alpha;Unassigned
Lynestrenol;Unassigned
Lyngbya Toxins;Unassigned
Lypressin;Unassigned
Lysergic Acid;Unassigned
Lysergic Acid Diethylamide;Unassigned
Lysine;Unassigned
Procollagen-Lysine, 2-Oxoglutarate 5-Dioxygenase;Unassigned
Lysinoalanine;Unassigned
Lysogeny;Unassigned
1-Acylglycerophosphocholine O-Acyltransferase;Unassigned
Lysophosphatidylcholines;Unassigned
Lysophospholipase;Unassigned
Lysophospholipids;Unassigned
Lysosomes;Unassigned
Lysostaphin;Unassigned
Protein-Lysine 6-Oxidase;Unassigned
Lysine-tRNA Ligase;Unassigned
Waldenstrom Macroglobulinemia;Unassigned
Macroglobulins;Unassigned
Macroglossia;Unassigned
Macrophage Activation;Unassigned
Macrophage Migration-Inhibitory Factors;Unassigned
Macrophages;Unassigned
Macrostomia;Unassigned
Macula Lutea;Unassigned
Acoustic Maculae;Unassigned
Macular Degeneration;Unassigned
Macular Edema;Unassigned
Mycetoma;Unassigned
Mafenide;Unassigned
Magnesium;Unassigned
Magnesium Deficiency;Unassigned
Magnesium Hydroxide;Unassigned
Magnesium Oxide;Unassigned
Magnesium Sulfate;Unassigned
Major Histocompatibility Complex;Unassigned
Malabsorption Syndromes;Unassigned
Malacoplakia;Unassigned
Malaria;Unassigned
Malaria, Avian;Unassigned
Malate Dehydrogenase;Unassigned
Malate Synthase;Unassigned
Malates;Unassigned
Malathion;Unassigned
Maleates;Unassigned
Maleic Anhydrides;Unassigned
Maleic Hydrazide;Unassigned
Maleimides;Unassigned
Malignant Carcinoid Syndrome;Unassigned
Malignant Catarrh;Unassigned
Malignant Hyperthermia;Unassigned
Malleus;Unassigned
Mallory-Weiss Syndrome;Unassigned
Malocclusion;Unassigned
Malocclusion, Angle Class I;Unassigned
Malocclusion, Angle Class II;Unassigned
Malocclusion, Angle Class III;Unassigned
Malonates;Unassigned
Malondialdehyde;Unassigned
Malonyl Coenzyme A;Unassigned
Malpighian Tubules;Unassigned
Maltose;Unassigned
Mammary Glands, Animal;Unassigned
Mammary Arteries;Unassigned
Mammary Neoplasms, Experimental;Unassigned
Mammillary Bodies;Unassigned
Mandelic Acids;Unassigned
Mandible;Unassigned
Mandibular Condyle;Unassigned
Mandibular Diseases;Unassigned
Mandibular Fractures;Unassigned
Mandibular Injuries;Unassigned
Mandibular Neoplasms;Unassigned
Mandibular Nerve;Unassigned
Mandibulofacial Dysostosis;Unassigned
Maneb;Unassigned
Manganese;Unassigned
Mannans;Unassigned
Mannich Bases;Unassigned
Mannitol;Unassigned
Mannitol Dehydrogenases;Unassigned
Mannitol Phosphates;Unassigned
Mannoheptulose;Unassigned
Mannomustine;Unassigned
Mannose;Unassigned
Mannose-6-Phosphate Isomerase;Unassigned
Mannosephosphates;Unassigned
Mannosidases;Unassigned
Mannosides;Unassigned
alpha-Mannosidosis;Unassigned
Mannosyltransferases;Unassigned
Mansonelliasis;Unassigned
Manubrium;Unassigned
Manure;Unassigned
Maple Syrup Urine Disease;Unassigned
Maprotiline;Unassigned
Marburg Virus Disease;Unassigned
Marek Disease;Unassigned
Marfan Syndrome;Unassigned
Margarine;Unassigned
Marine Toxins;Unassigned
Markov Chains;Unassigned
Masseter Muscle;Unassigned
Mast Cells;Unassigned
Mastication;Unassigned
Masticatory Muscles;Unassigned
Mastitis;Unassigned
Mastitis, Bovine;Unassigned
Mastocytosis;Unassigned
Mastoid;Unassigned
Mastoiditis;Unassigned
Materia Medica;Unassigned
Maternal Age;Unassigned
Maternal-Fetal Exchange;Unassigned
Maxilla;Unassigned
Maxillary Artery;Unassigned
Maxillary Diseases;Unassigned
Maxillary Fractures;Unassigned
Maxillary Neoplasms;Unassigned
Maxillary Nerve;Unassigned
Maxillary Sinus;Unassigned
Maxillary Sinus Neoplasms;Unassigned
Maxillofacial Development;Unassigned
Maxillofacial Injuries;Unassigned
Maximal Expiratory Flow Rate;Unassigned
Maximal Expiratory Flow-Volume Curves;Unassigned
Maximal Midexpiratory Flow Rate;Unassigned
Maximal Voluntary Ventilation;Unassigned
Maytansine;Unassigned
Mazindol;Unassigned
(4-(m-Chlorophenylcarbamoyloxy)-2-butynyl)trimethylammonium Chloride;Unassigned
2-Methyl-4-chlorophenoxyacetic Acid;Unassigned
Measles;Unassigned
Measles Vaccine;Unassigned
Meat;Unassigned
Meat Products;Unassigned
Mebendazole;Unassigned
Mecamylamine;Unassigned
Mechanoreceptors;Unassigned
Mechlorethamine;Unassigned
Meckel Diverticulum;Unassigned
Meclizine;Unassigned
Meclofenamic Acid;Unassigned
Meconium;Unassigned
Meconium Aspiration Syndrome;Unassigned
Medazepam;Unassigned
Median Eminence;Unassigned
Medial Forebrain Bundle;Unassigned
Median Nerve;Unassigned
Mediastinal Cyst;Unassigned
Mediastinal Diseases;Unassigned
Mediastinal Emphysema;Unassigned
Mediastinal Neoplasms;Unassigned
Mediastinitis;Unassigned
Mediastinum;Unassigned
Medical Waste;Unassigned
Medigoxin;Unassigned
Medrogestone;Unassigned
Medroxyprogesterone;Unassigned
Medulla Oblongata;Unassigned
Medulloblastoma;Unassigned
Mefenamic Acid;Unassigned
Mefruside;Unassigned
Megacins;Unassigned
Megacolon;Unassigned
Megacolon, Toxic;Unassigned
Megakaryocytes;Unassigned
Megaloblasts;Unassigned
Megestrol;Unassigned
Meglumine;Unassigned
Meibomian Glands;Unassigned
Meige Syndrome;Unassigned
Meigs Syndrome;Unassigned
Meiosis;Unassigned
Melanins;Unassigned
Melanocytes;Unassigned
Melanoma;Unassigned
Melanoma, Experimental;Unassigned
Melanophores;Unassigned
Melanosis;Unassigned
Melarsoprol;Unassigned
Melatonin;Unassigned
Melena;Unassigned
Melengestrol Acetate;Unassigned
Melibiose;Unassigned
Melioidosis;Unassigned
Melitten;Unassigned
Melkersson-Rosenthal Syndrome;Unassigned
Melorheostosis;Unassigned
Melphalan;Unassigned
Memantine;Unassigned
Membrane Fluidity;Unassigned
Membrane Fusion;Unassigned
Membrane Glycoproteins;Unassigned
Membrane Lipids;Unassigned
Membrane Potentials;Unassigned
Membrane Proteins;Unassigned
Membranes;Unassigned
Membranes, Artificial;Unassigned
Memory Disorders;Unassigned
Menarche;Unassigned
Mendelevium;Unassigned
Meniere Disease;Unassigned
Meningeal Arteries;Unassigned
Meningeal Neoplasms;Unassigned
Meninges;Unassigned
Meningioma;Unassigned
Meningism;Unassigned
Meningitis;Unassigned
Meningitis, Aseptic;Unassigned
Meningitis, Haemophilus;Unassigned
Meningitis, Listeria;Unassigned
Meningitis, Meningococcal;Unassigned
Meningitis, Pneumococcal;Unassigned
Meningitis, Viral;Unassigned
Meningocele;Unassigned
Meningococcal Infections;Unassigned
Meningoencephalitis;Unassigned
Meningomyelocele;Unassigned
Menisci, Tibial;Unassigned
Menopause;Unassigned
Menopause, Premature;Unassigned
Menorrhagia;Unassigned
Menotropins;Unassigned
Menstrual Cycle;Unassigned
Menstruation;Unassigned
Menstruation Disturbances;Unassigned
Menstruation-Inducing Agents;Unassigned
Intellectual Disability;Unassigned
Menthol;Unassigned
Mepartricin;Unassigned
Meperidine;Unassigned
Mephenesin;Unassigned
Mephentermine;Unassigned
Mephenytoin;Unassigned
Mephobarbital;Unassigned
Mepivacaine;Unassigned
Meprobamate;Unassigned
Meptazinol;Unassigned
Merbromin;Unassigned
Mercaptoethanol;Unassigned
Mercaptoethylamines;Unassigned
Tiopronin;Unassigned
Mercuribenzoates;Unassigned
Mercuric Chloride;Unassigned
Mercury;Unassigned
Mercury Isotopes;Unassigned
Mercury Poisoning;Unassigned
Mercury Radioisotopes;Unassigned
Mersalyl;Unassigned
Mescaline;Unassigned
Mesencephalon;Unassigned
Mesenchymoma;Unassigned
Mesenteric Arteries;Unassigned
Mesenteric Cyst;Unassigned
Mesenteric Lymphadenitis;Unassigned
Mesenteric Vascular Occlusion;Unassigned
Mesenteric Veins;Unassigned
Mesentery;Unassigned
Mesial Movement of Teeth;Unassigned
Mesocolon;Unassigned
Mesoderm;Unassigned
Mesonephroma;Unassigned
Mesonephros;Unassigned
Mesons;Unassigned
Mesoporphyrins;Unassigned
Mesoridazine;Unassigned
Mesothelioma;Unassigned
Mesterolone;Unassigned
Mestranol;Unassigned
Metabolic Clearance Rate;Unassigned
Inactivation, Metabolic;Unassigned
Metabolic Diseases;Unassigned
Metabolism;Unassigned
Metabolism, Inborn Errors;Unassigned
Metacarpophalangeal Joint;Unassigned
Metacarpus;Unassigned
Metal Metabolism, Inborn Errors;Unassigned
Metalloporphyrins;Unassigned
Metalloendopeptidases;Unassigned
Metalloproteins;Unassigned
Metallothionein;Unassigned
Metals;Stressor
Actinoid Series Elements;Unassigned
Metals, Alkali;Unassigned
Metals, Alkaline Earth;Unassigned
Metals, Rare Earth;Unassigned
Metamorphosis, Biological;Unassigned
Metanephrine;Unassigned
Metaphase;Unassigned
Metaplasia;Unassigned
Metaraminol;Unassigned
Metatarsal Bones;Unassigned
Metatarsophalangeal Joint;Unassigned
Metatarsus;Unassigned
Meteorological Concepts;Unassigned
Metestrus;Unassigned
Metformin;Unassigned
Methacholine Compounds;Unassigned
Methacrylates;Stressor
Methacycline;Unassigned
Methadone;Unassigned
Methadyl Acetate;Unassigned
Methallibure;Unassigned
Methamphetamine;Unassigned
Methandriol;Unassigned
Methandrostenolone;Unassigned
Methane;Unassigned
Mesylates;Unassigned
Methapyrilene;Unassigned
Methaqualone;Unassigned
Methazolamide;Unassigned
Methemalbumin;Unassigned
Methemoglobin;Unassigned
Methemoglobinemia;Unassigned
Methenamine;Stressor
Methenolone;Unassigned
Metergoline;Unassigned
Methicillin;Unassigned
Methimazole;Unassigned
Methiocarb;Unassigned
Methionine;Unassigned
Methionine Adenosyltransferase;Unassigned
Methionine Sulfoximine;Unassigned
Methionine-tRNA Ligase;Unassigned
Methiothepin;Unassigned
Methisazone;Unassigned
Methocarbamol;Unassigned
Methohexital;Unassigned
Methomyl;Unassigned
Bis-Trimethylammonium Compounds;Unassigned
Methoprene;Unassigned
Methotrexate;Unassigned
Methotrimeprazine;Unassigned
Methoxamine;Unassigned
Methoxsalen;Unassigned
Methoxychlor;Unassigned
Methoxydimethyltryptamines;Unassigned
Methoxyflurane;Unassigned
Methoxyhydroxyphenylglycol;Unassigned
5-Methoxytryptamine;Unassigned
Methyclothiazide;Unassigned
Methyl Chloride;Unassigned
Methyl Ethers;Unassigned
Methyl Green;Unassigned
Methyl Methanesulfonate;Unassigned
Methyl n-Butyl Ketone;Unassigned
Methyl Parathion;Unassigned
Methylamines;Unassigned
Methylation;Unassigned
Methylazoxymethanol Acetate;Unassigned
Methylcellulose;Unassigned
Methylcholanthrene;Unassigned
Methyldimethylaminoazobenzene;Unassigned
Methyldopa;Unassigned
Methylene Blue;Unassigned
Methylene Chloride;Unassigned
Methylenebis(chloroaniline);Unassigned
Methylenetetrahydrofolate Dehydrogenase (NADP);Unassigned
Methylergonovine;Unassigned
Methylgalactosides;Unassigned
Methylglucosides;Unassigned
Methylglycosides;Unassigned
Methylguanidine;Unassigned
Methylhistamines;Unassigned
Methylhistidines;Unassigned
Methylhydrazines;Unassigned
Methylmalonic Acid;Unassigned
Methylmalonyl-CoA Mutase;Unassigned
Methylmannosides;Unassigned
Methylmercury Compounds;Unassigned
Methylmethacrylates;Unassigned
Methylnitronitrosoguanidine;Unassigned
Methylnitrosourea;Unassigned
Nordefrin;Unassigned
Methylphenazonium Methosulfate;Unassigned
Methylphenidate;Unassigned
Methylprednisolone;Unassigned
Methylprednisolone Hemisuccinate;Unassigned
Methyltestosterone;Unassigned
Methylthioinosine;Unassigned
Methylthiouracil;Unassigned
Methyltransferases;Unassigned
Methyltyrosines;Unassigned
Methylurea Compounds;Unassigned
Methysergide;Unassigned
Metiamide;Unassigned
Metmyoglobin;Unassigned
Metoclopramide;Unassigned
Metolazone;Unassigned
Metoprolol;Unassigned
Metrial Gland;Unassigned
Metrizamide;Unassigned
Metrizoic Acid;Unassigned
Metronidazole;Unassigned
Metrorrhagia;Unassigned
Metyrapone;Unassigned
Mevalonic Acid;Unassigned
Mevinphos;Unassigned
Mexiletine;Unassigned
Mezlocillin;Unassigned
Mianserin;Unassigned
Micelles;Unassigned
Miconazole;Unassigned
Microbiological Phenomena;Unassigned
Microbodies;Unassigned
Microcephaly;Unassigned
Microcirculation;Unassigned
Microclimate;Unassigned
Micrococcal Nuclease;Unassigned
Microfilament Proteins;Unassigned
Actin Cytoskeleton;Unassigned
Micrognathism;Unassigned
Microphthalmos;Unassigned
Microsomes;Unassigned
Microsomes, Liver;Unassigned
Microstomia;Unassigned
Microtubule Proteins;Unassigned
Microtubule-Associated Proteins;Unassigned
Microtubules;Unassigned
Microvilli;Unassigned
Microwaves;Unassigned
Midazolam;Unassigned
Middle Lobe Syndrome;Unassigned
Midodrine;Unassigned
Migraine Disorders;Unassigned
Mikulicz' Disease;Unassigned
Miliaria;Unassigned
Milk;Unassigned
Milk Ejection;Unassigned
Milk Proteins;Unassigned
Milk, Human;Unassigned
Mimosine;Unassigned
Mineral Oil;Unassigned
Mineral Waters;Unassigned
Mineralocorticoids;Unassigned
Minerals;Unassigned
Minocycline;Unassigned
Minor Histocompatibility Loci;Unassigned
Minoxidil;Unassigned
Miotics;Unassigned
Mirex;Unassigned
Misonidazole;Unassigned
Mite Infestations;Unassigned
Plicamycin;Unassigned
Mitobronitol;Unassigned
Mitochondria;Unassigned
Mitochondria, Heart;Unassigned
Mitochondria, Liver;Unassigned
Mitochondria, Muscle;Unassigned
Mitochondrial Swelling;Unassigned
Mitogens;Unassigned
Mitoguazone;Unassigned
Mitolactol;Unassigned
Mitomycins;Unassigned
Mitosis;Unassigned
Mitotane;Unassigned
Spindle Apparatus;Unassigned
Mitoxantrone;Unassigned
Mitral Valve;Unassigned
Mitral Valve Insufficiency;Unassigned
Mitral Valve Prolapse;Unassigned
Mitral Valve Stenosis;Unassigned
Mixed Connective Tissue Disease;Unassigned
Adenoma, Pleomorphic;Unassigned
MNSs Blood-Group System;Unassigned
Molar;Unassigned
Molar, Third;Unassigned
Molasses;Unassigned
Molecular Conformation;Unassigned
Molecular Weight;Unassigned
Molindone;Unassigned
Molluscacides;Unassigned
Molluscum Contagiosum;Unassigned
Mollusk Venoms;Unassigned
Molsidomine;Unassigned
Molybdenum;Unassigned
Molybdoferredoxin;Unassigned
Monensin;Unassigned
Monieziasis;Unassigned
Monkey Diseases;Unassigned
Monoacylglycerol Lipases;Unassigned
Monoamine Oxidase;Unassigned
Monoamine Oxidase Inhibitors;Unassigned
Monobactams;Unassigned
Monoclonal Gammopathy of Undetermined Significance;Unassigned
Monocrotophos;Unassigned
Monocytes;Unassigned
Monomethylhydrazine;Unassigned
Monosaccharide Transport Proteins;Unassigned
Monosaccharides;Unassigned
Monosomy;Unassigned
Abnormalities, Severe Teratoid;Unassigned
Monteggia's Fracture;Unassigned
Mopidamol;Unassigned
Morantel;Unassigned
Morphinans;Unassigned
Morphine;Unassigned
Morphine Dependence;Unassigned
Morphine Derivatives;Unassigned
Morphogenesis;Unassigned
Morpholines;Unassigned
Morula;Unassigned
Mosaicism;Unassigned
Motilin;Unassigned
Motion;Unassigned
Motion Sickness;Unassigned
Motor Activity;Unassigned
Motor Cortex;Unassigned
Motor Endplate;Unassigned
Motor Neurons;Unassigned
Motor Neurons, Gamma;Unassigned
Fluorosis, Dental;Unassigned
Mouth;Unassigned
Mouth Abnormalities;Unassigned
Stomatognathic Diseases;Unassigned
Mouth Breathing;Unassigned
Mouth Diseases;Unassigned
Mouth Floor;Unassigned
Mouth Mucosa;Unassigned
Mouth Neoplasms;Unassigned
Dental Physiological Phenomena;Unassigned
Mouth, Edentulous;Unassigned
Mouthwashes;Unassigned
Movement;Unassigned
Movement Disorders;Unassigned
Moxalactam;Unassigned
Moyamoya Disease;Unassigned
Melanocyte-Stimulating Hormones;Unassigned
MSH Release-Inhibiting Hormone;Unassigned
Mucins;Unassigned
Mucocele;Unassigned
Mucociliary Clearance;Unassigned
Mucocutaneous Lymph Node Syndrome;Unassigned
Mucolipidoses;Unassigned
Mucopolysaccharidoses;Unassigned
Mucopolysaccharidosis III;Unassigned
Mucopolysaccharidosis IV;Unassigned
Mucopolysaccharidosis VI;Unassigned
Mucoproteins;Unassigned
Mucormycosis;Unassigned
Mucous Membrane;Tissue
Mucus;Unassigned
Mullerian Ducts;Unassigned
Multienzyme Complexes;Unassigned
Multiple Carboxylase Deficiency;Unassigned
Multiple Myeloma;Unassigned
Multiple Organ Failure;Unassigned
Multiple Sclerosis;Unassigned
Multiple Trauma;Unassigned
Mumps;Unassigned
Mumps Vaccine;Unassigned
Muramic Acids;Unassigned
Muramidase;Unassigned
Murexide;Unassigned
Muscarine;Unassigned
Muscimol;Unassigned
Muscle Contraction;Unassigned
Muscle Cramp;Unassigned
Muscle Hypertonia;Unassigned
Muscle Hypotonia;Unassigned
Muscle Proteins;Unassigned
Muscle Relaxants, Central;Unassigned
Muscle Relaxation;Unassigned
Muscle Rigidity;Unassigned
Muscle Spasticity;Unassigned
Muscle Tonus;Unassigned
Muscle, Smooth;Unassigned
Muscle, Smooth, Vascular;Unassigned
Muscles;Unassigned
Muscular Atrophy;Unassigned
Muscular Atrophy, Spinal;Unassigned
Muscular Diseases;Unassigned
Muscular Dystrophies;Unassigned
Muscular Dystrophy, Animal;Unassigned
Musculocutaneous Nerve;Unassigned
Musculoskeletal Abnormalities;Unassigned
Musculoskeletal Diseases;Unassigned
Musculoskeletal System;Unassigned
Musculoskeletal Physiological Phenomena;Unassigned
Mushroom Poisoning;Unassigned
Mustard Compounds;Unassigned
Mustard Gas;Unassigned
Mutagens;Unassigned
Mutation;Unassigned
Mutism;Unassigned
Muzolimine;Unassigned
Myasthenia Gravis;Unassigned
Mycobacillin;Unassigned
Mycobacterium Infections;Unassigned
Mycobacterium Infections, Nontuberculous;Unassigned
Mycolic Acids;Unassigned
Mycophenolic Acid;Unassigned
Mycoplasma Infections;Unassigned
Mycoplasmatales Infections;Unassigned
Mycoses;Unassigned
Mycosis Fungoides;Unassigned
Mycotoxins;Unassigned
Mydriatics;Stressor
Myelin Proteins;Unassigned
Myelin Sheath;Unassigned
Myelitis;Unassigned
Myelitis, Transverse;Unassigned
Myelodysplastic Syndromes;Unassigned
Myeloma Proteins;Unassigned
Peroxidase;Unassigned
Myeloproliferative Disorders;Unassigned
Myenteric Plexus;Unassigned
Myiasis;Unassigned
Myocardial Contraction;Unassigned
Myocardial Depressant Factor;Unassigned
Cardiomyopathies;Unassigned
Myocardial Infarction;Unassigned
Myocarditis;Unassigned
Myocardium;Unassigned
Myoclonus;Unassigned
Myoepithelioma;Unassigned
Myofascial Pain Syndromes;Unassigned
Myofibrils;Unassigned
Myoglobin;Unassigned
Myoglobinuria;Unassigned
Myoma;Unassigned
Myometrium;Unassigned
Myopia;Unassigned
Myosarcoma;Unassigned
Myosins;Unassigned
Myosin-Light-Chain Kinase;Unassigned
Myositis;Unassigned
Myositis Ossificans;Unassigned
Myotonia;Unassigned
Myotonic Dystrophy;Unassigned
Myotonia Congenita;Unassigned
Myristates;Unassigned
Myristic Acids;Unassigned
Myxedema;Unassigned
Myxoma;Unassigned
Myxomatosis, Infectious;Unassigned
Myxosarcoma;Unassigned
N-Acetyllactosamine Synthase;Unassigned
N-Acetylmuramoyl-L-alanine Amidase;Unassigned
N-Formylmethionine;Unassigned
N-Formylmethionine Leucyl-Phenylalanine;Unassigned
Ipratropium;Unassigned
N-Nitrosopyrrolidine;Unassigned
NAD;Unassigned
NAD+ Nucleosidase;Unassigned
NADH Dehydrogenase;Unassigned
NADH Tetrazolium Reductase;Unassigned
NADH, NADPH Oxidoreductases;Unassigned
Nadolol;Unassigned
NADP;Unassigned
NADP Transhydrogenases;Unassigned
NADPH-Ferrihemoprotein Reductase;Unassigned
NADPH Dehydrogenase;Unassigned
Nafcillin;Unassigned
Nafenopin;Unassigned
Nafoxidine;Unassigned
Nafronyl;Unassigned
Nail Diseases;Adverse Outcome
Nail-Patella Syndrome;Unassigned
Nails;Organ
Nails, Ingrown;Unassigned
Nails, Malformed;Unassigned
Nairobi Sheep Disease;Unassigned
Nalbuphine;Unassigned
Naled;Unassigned
Nalidixic Acid;Unassigned
Nalorphine;Unassigned
Naloxone;Unassigned
Naltrexone;Unassigned
Nandrolone;Unassigned
Naphazoline;Unassigned
Naphthacenes;Unassigned
Naphthaleneacetic Acids;Unassigned
Naphthalenes;Unassigned
Naphthalenesulfonates;Unassigned
Naphthol AS D Esterase;Unassigned
Naphthols;Unassigned
Naphthoquinones;Molecular
Naphthylvinylpyridine;Unassigned
Naphthyridines;Unassigned
Naproxen;Unassigned
Narcolepsy;Unassigned
Narcotic Antagonists;Unassigned
Opioid-Related Disorders;Unassigned
Narcotics;Unassigned
Nasal Bone;Unassigned
Nasal Cavity;Unassigned
Nasal Mucosa;Unassigned
Nasal Polyps;Unassigned
Nasal Septum;Unassigned
Nasolacrimal Duct;Unassigned
Nasopharyngeal Diseases;Unassigned
Nasopharyngeal Neoplasms;Unassigned
Nasopharyngitis;Unassigned
Nasopharynx;Unassigned
Natal Teeth;Unassigned
Natriuresis;Unassigned
Atrial Natriuretic Factor;Unassigned
Natural Childbirth;Unassigned
Nausea;Unassigned
4-Chloro-7-nitrobenzofurazan;Unassigned
Nebramycin;Unassigned
Necatoriasis;Unassigned
Neck;Organ
Neck Muscles;Unassigned
Necrobiosis Lipoidica;Unassigned
Necrosis;Unassigned
Nefopam;Unassigned
Nelson Syndrome;Unassigned
Nematode Infections;Unassigned
Zinostatin;Unassigned
Neodymium;Unassigned
Neomycin;Stressor
Neon;Unassigned
Neonatal Abstinence Syndrome;Unassigned
Congenital, Hereditary, and Neonatal Diseases and Abnormalities;Unassigned
Neoplastic Cells, Circulating;Unassigned
Neoplasm Invasiveness;Unassigned
Neoplasm Metastasis;Unassigned
Neoplasm Proteins;Unassigned
Neoplasm Recurrence, Local;Unassigned
Neoplasm Regression, Spontaneous;Unassigned
Neoplasm Seeding;Unassigned
Neoplasms;Unassigned
Neoplasms by Histologic Type;Unassigned
Neoplasms by Site;Unassigned
Neoplasms, Connective Tissue;Unassigned
Neoplasms, Germ Cell and Embryonal;Unassigned
Neoplasms, Experimental;Unassigned
Neoplasms, Glandular and Epithelial;Unassigned
Neoplasms, Hormone-Dependent;Unassigned
Multiple Endocrine Neoplasia;Unassigned
Neoplasms, Multiple Primary;Unassigned
Neoplasms, Muscle Tissue;Unassigned
Neoplasms, Nerve Tissue;Unassigned
Neoplasms, Radiation-Induced;Unassigned
Neoplasms, Unknown Primary;Unassigned
Neoplasms, Vascular Tissue;Unassigned
Paraneoplastic Endocrine Syndromes;Unassigned
Neoplastic Processes;Unassigned
Neoplastic Syndromes, Hereditary;Unassigned
Neoprene;Stressor
Neostigmine;Unassigned
Neovascularization, Pathologic;Unassigned
Nephritis;Unassigned
Nephritis, Hereditary;Unassigned
Nephritis, Interstitial;Unassigned
Wilms Tumor;Unassigned
Nephrocalcinosis;Unassigned
Nephrons;Unassigned
Nephrosclerosis;Unassigned
Nephrosis;Unassigned
Nephrosis, Lipoid;Unassigned
Nephrotic Syndrome;Unassigned
Neptunium;Unassigned
Nerve Compression Syndromes;Unassigned
Nerve Degeneration;Unassigned
Nerve Endings;Unassigned
Nerve Fibers;Unassigned
Nerve Fibers, Myelinated;Unassigned
Nerve Growth Factors;Unassigned
Nerve Net;Unassigned
Nerve Regeneration;Unassigned
Nerve Tissue;Unassigned
S100 Proteins;Unassigned
Nerve Tissue Proteins;Unassigned
Nervous System;Unassigned
Nervous System Malformations;Unassigned
Nervous System Diseases;Unassigned
Nervous System Neoplasms;Unassigned
Nervous System Physiological Phenomena;Unassigned
Netilmicin;Unassigned
Netropsin;Unassigned
Neural Analyzers;Unassigned
Neural Conduction;Unassigned
Neural Crest;Unassigned
Neural Inhibition;Unassigned
Neural Pathways;Unassigned
Synaptic Transmission;Unassigned
Neural Tube Defects;Unassigned
Neuralgia;Unassigned
Neuraminic Acids;Unassigned
Neuraminidase;Unassigned
Neurilemma;Unassigned
Neurilemmoma;Unassigned
Neuritis;Unassigned
Neuritis, Autoimmune, Experimental;Unassigned
Neuroblastoma;Unassigned
Neurodermatitis;Unassigned
Neuroeffector Junction;Unassigned
Neurofibrils;Unassigned
Neurofibroma;Unassigned
Neurofibromatosis 1;Unassigned
Neuroglia;Unassigned
Neuroleptic Malignant Syndrome;Unassigned
Neurologic Manifestations;Unassigned
Neuroma;Unassigned
Neuroma, Acoustic;Unassigned
Neuromuscular Agents;Unassigned
Neuromuscular Blocking Agents;Unassigned
Neuromuscular Depolarizing Agents;Unassigned
Neuromuscular Diseases;Unassigned
Neuromuscular Junction;Unassigned
Muscle Spindles;Unassigned
Neuromyelitis Optica;Unassigned
Neuronal Ceroid-Lipofuscinoses;Unassigned
Neuronal Plasticity;Unassigned
Neurons;Unassigned
Neurons, Afferent;Unassigned
Neurons, Efferent;Unassigned
Hereditary Sensory and Autonomic Neuropathies;Unassigned
Neuropeptide Y;Unassigned
Neuropeptides;Unassigned
Neurophysins;Unassigned
Neurosecretion;Unassigned
Neurosecretory Systems;Unassigned
Neurosyphilis;Unassigned
Neurotensin;Unassigned
Neurotoxins;Unassigned
Neutral Red;Unassigned
Neutrons;Unassigned
Neutropenia;Unassigned
Neutrophils;Unassigned
Nevus;Unassigned
Nevus of Ota;Unassigned
Nevus, Pigmented;Unassigned
Newcastle Disease;Unassigned
Niacin;Unassigned
Nialamide;Unassigned
Nicarbazin;Unassigned
Nicardipine;Unassigned
Nicergoline;Unassigned
Niceritrol;Unassigned
Nickel;Stressor
Niclofolan;Unassigned
Niclosamide;Unassigned
Nicotinamidase;Unassigned
Niacinamide;Unassigned
Nicotinamide Mononucleotide;Unassigned
Nicotine;Unassigned
Nicotinic Acids;Unassigned
Nicotinyl Alcohol;Unassigned
Nictitating Membrane;Unassigned
Niemann-Pick Diseases;Unassigned
Nifedipine;Unassigned
Niflumic Acid;Unassigned
Nifuratel;Unassigned
Nifurtimox;Unassigned
Nigericin;Unassigned
Nikethamide;Unassigned
Nimodipine;Unassigned
Nimorazole;Unassigned
Ninhydrin;Unassigned
Niobium;Unassigned
Nipecotic Acids;Unassigned
Nipples;Unassigned
Niridazole;Unassigned
Nisin;Unassigned
Nissl Bodies;Unassigned
Nitracrine;Unassigned
Nitrate Reductases;Unassigned
Nitrates;Unassigned
Nitrazepam;Unassigned
Nitrendipine;Unassigned
Nitric Oxide;Unassigned
Nitriles;Stressor
Nitrilotriacetic Acid;Unassigned
Nitrite Reductases;Unassigned
Nitrites;Unassigned
Nitro Compounds;Unassigned
Nitroanisole O-Demethylase;Unassigned
Nitrobenzenes;Unassigned
Nitrobenzoates;Unassigned
Nitroblue Tetrazolium;Unassigned
Nitrofurans;Unassigned
Nitrofurantoin;Unassigned
Nitrofurazone;Unassigned
Nitrogen;Unassigned
Nitrogen Dioxide;Unassigned
Nitrogen Fixation;Unassigned
Nitrogen Isotopes;Unassigned
Nitrogen Mustard Compounds;Unassigned
Nitrogen Oxides;Unassigned
Nitrogen Radioisotopes;Unassigned
Nitrogenase;Unassigned
Nitrohydroxyiodophenylacetate;Unassigned
Nitroimidazoles;Unassigned
Nitromifene;Unassigned
Nitroparaffins;Unassigned
Nitrophenols;Unassigned
4-Nitrophenylphosphatase;Unassigned
Nitrophenylgalactosides;Unassigned
Nitroprusside;Unassigned
Nitroquinolines;Unassigned
Nitroreductases;Unassigned
Nitrosamines;Unassigned
Nitroso Compounds;Unassigned
Nitrosoguanidines;Unassigned
Nitrosomethylurethane;Unassigned
Nitrosourea Compounds;Unassigned
Nitrous Acid;Unassigned
Nitrous Oxide;Unassigned
Nitrovin;Unassigned
Nitroxinil;Unassigned
Nicotinamide-Nucleotide Adenylyltransferase;Unassigned
Nobelium;Unassigned
Nocardia Infections;Unassigned
Nociceptors;Unassigned
Nodose Ganglion;Unassigned
Nogalamycin;Unassigned
Noise;Unassigned
Noma;Unassigned
Nomifensine;Unassigned
Nonachlazine;Unassigned
Nondisjunction, Genetic;Unassigned
Nonodontogenic Cysts;Unassigned
Nonsuppressible Insulin-Like Activity;Unassigned
Noonan Syndrome;Unassigned
Norandrostanes;Unassigned
Norbornanes;Unassigned
Masoprocol;Unassigned
Norepinephrine;Unassigned
Norethandrolone;Unassigned
Norethindrone;Unassigned
Norethynodrel;Unassigned
Norfenfluramine;Unassigned
Norfloxacin;Unassigned
Norgestrel;Unassigned
Norgestrienone;Unassigned
Norleucine;Unassigned
Normetanephrine;Unassigned
Norpregnadienes;Unassigned
Norpregnanes;Unassigned
Norpregnatrienes;Unassigned
Norpregnenes;Unassigned
Norprogesterones;Unassigned
Norsteroids;Unassigned
Octopamine;Unassigned
Nortriptyline;Unassigned
Nortropanes;Unassigned
Noscapine;Unassigned
Nose;Unassigned
Nose Deformities, Acquired;Unassigned
Nose Diseases;Unassigned
Nose Neoplasms;Unassigned
Nostrums;Unassigned
Notochord;Unassigned
Novobiocin;Unassigned
Noxae;Unassigned
Noxythiolin;Unassigned
Nuclear Energy;Unassigned
Nuclear Fission;Unassigned
Nuclear Fusion;Unassigned
Nuclear Envelope;Unassigned
Nuclear Proteins;Unassigned
Nucleic Acid Conformation;Unassigned
Nucleic Acid Denaturation;Unassigned
Nucleic Acid Heteroduplexes;Unassigned
Nucleic Acid Hybridization;Unassigned
Nucleic Acid Precursors;Unassigned
Nucleic Acid Renaturation;Unassigned
Nucleic Acids;Unassigned
Nucleolus Organizer Region;Unassigned
Nucleoproteins;Unassigned
N-Glycosyl Hydrolases;Unassigned
Nucleoside Deaminases;Unassigned
Nucleoside-Diphosphate Kinase;Unassigned
Nucleoside Diphosphate Sugars;Unassigned
Nucleoside-Phosphate Kinase;Unassigned
Nucleoside Q;Unassigned
Nucleosides;Unassigned
Nucleic Acids, Nucleotides, and Nucleosides;Unassigned
Nucleosomes;Unassigned
Nucleotidases;Unassigned
Nucleotide Deaminases;Unassigned
Nucleotides;Unassigned
Nucleotides, Cyclic;Unassigned
Nucleotidyltransferases;Unassigned
Nucleus Accumbens;Unassigned
Nutritional Physiological Phenomena;Unassigned
Nutrition Disorders;Unassigned
Nutritional and Metabolic Diseases;Unassigned
Nutritional Requirements;Unassigned
Nutritional Status;Unassigned
Nutritive Value;Unassigned
Nuts;Unassigned
Night Blindness;Unassigned
Nylidrin;Unassigned
Nylons;Unassigned
Nymph;Unassigned
Nystagmus, Pathologic;Unassigned
Nystagmus, Physiologic;Unassigned
Nystatin;Unassigned
o-Aminoazotoluene;Unassigned
o-Chlorobenzylidenemalonitrile;Unassigned
o-Phthalaldehyde;Unassigned
Obesity;Unassigned
Obesity, Morbid;Unassigned
Obidoxime Chloride;Unassigned
Obturator Nerve;Unassigned
Occipital Bone;Unassigned
Occipital Lobe;Unassigned
Dermatitis, Occupational;Adverse Outcome
Occupational Diseases;Adverse Outcome
Oceans and Seas;Unassigned
Ochratoxins;Unassigned
Ochronosis;Unassigned
Octanes;Unassigned
Ocular Hypertension;Unassigned
Ocular Physiological Phenomena;Unassigned
Oculocerebrorenal Syndrome;Unassigned
Oculomotor Muscles;Unassigned
Oculomotor Nerve;Unassigned
Sphincter of Oddi;Unassigned
Odontoblasts;Unassigned
Odontogenesis;Unassigned
Odontogenic Cysts;Unassigned
Odontogenic Tumors;Unassigned
Odontoid Process;Unassigned
Odontoma;Unassigned
Odorants;Stressor
Oesophagostomiasis;Unassigned
Oils;Unassigned
Oils, Volatile;Stressor
Ointment Bases;Unassigned
Ointments;Stressor
Oleandomycin;Unassigned
Oleanolic Acid;Unassigned
Oleic Acids;Unassigned
Olfactory Bulb;Unassigned
Olfactory Mucosa;Unassigned
Olfactory Nerve;Unassigned
Olfactory Pathways;Unassigned
Oligo-1,6-Glucosidase;Unassigned
Oligodendroglia;Unassigned
Oligodendroglioma;Unassigned
Oligodeoxyribonucleotides;Unassigned
Oligomenorrhea;Unassigned
Oligomycins;Unassigned
Oligonucleotides;Unassigned
Oligopeptides;Unassigned
Oligoribonucleotides;Unassigned
Oligosaccharides;Unassigned
Oligospermia;Unassigned
Oliguria;Unassigned
Olivary Nucleus;Unassigned
Olivomycins;Unassigned
Olivopontocerebellar Atrophies;Unassigned
Omasum;Unassigned
Omentum;Unassigned
Omeprazole;Unassigned
Onchocerciasis;Unassigned
Oncogene Proteins, Viral;Unassigned
Oncogenes;Unassigned
Onium Compounds;Unassigned
Oocytes;Unassigned
Oogenesis;Unassigned
Oogonia;Unassigned
Oophoritis;Unassigned
Operator Regions, Genetic;Unassigned
Operon;Unassigned
Endophthalmitis;Unassigned
Ophthalmia Neonatorum;Unassigned
Ophthalmia, Sympathetic;Unassigned
Ophthalmic Artery;Unassigned
Ophthalmic Nerve;Unassigned
Ophthalmic Solutions;Stressor
Ophthalmoplegia;Unassigned
Opipramol;Unassigned
Opisthorchiasis;Unassigned
Opium;Unassigned
Opportunistic Infections;Unassigned
Opsonin Proteins;Unassigned
Optic Atrophy;Unassigned
Optic Chiasm;Unassigned
Optic Disk;Unassigned
Optic Lobe, Nonmammalian;Unassigned
Optic Nerve;Unassigned
Optic Nerve Diseases;Unassigned
Optic Neuritis;Unassigned
Optical Rotation;Unassigned
Oral Manifestations;Unassigned
Oral Submucous Fibrosis;Unassigned
Orbit;Unassigned
Orbital Diseases;Unassigned
Orbital Fractures;Unassigned
Orbital Neoplasms;Unassigned
Orchitis;Unassigned
Metaproterenol;Unassigned
Organ of Corti;Unassigned
Organ Specificity;Unassigned
Organ Size;Unassigned
Organic Chemicals;Unassigned
Organoids;Unassigned
Organomercury Compounds;Unassigned
Organometallic Compounds;Unassigned
Organophosphorus Compounds;Unassigned
Organoplatinum Compounds;Unassigned
Organothiophosphorus Compounds;Unassigned
Organotin Compounds;Unassigned
Orgasm;Unassigned
Ornidazole;Unassigned
Ornipressin;Unassigned
Ornithine;Unassigned
Ornithine-Oxo-Acid Transaminase;Unassigned
Ornithine Carbamoyltransferase;Unassigned
Ornithine Decarboxylase;Unassigned
Psittacosis;Unassigned
Oroantral Fistula;Unassigned
Orofaciodigital Syndromes;Unassigned
Oropharyngeal Neoplasms;Unassigned
Oropharynx;Unassigned
Orosomucoid;Unassigned
Orotate Phosphoribosyltransferase;Unassigned
Orotic Acid;Unassigned
Orotidine-5'-Phosphate Decarboxylase;Unassigned
Orphenadrine;Unassigned
Orthomyxoviridae Infections;Unassigned
Osmium;Unassigned
Osmium Tetroxide;Unassigned
Osmolar Concentration;Unassigned
Osmosis;Unassigned
Osmotic Fragility;Unassigned
Osmotic Pressure;Unassigned
Ossification, Heterotopic;Unassigned
Osteitis;Unassigned
Osteitis Deformans;Unassigned
Osteitis Fibrosa Cystica;Unassigned
Osteoarthritis;Unassigned
Osteoarthropathy, Primary Hypertrophic;Unassigned
Osteoarthropathy, Secondary Hypertrophic;Unassigned
Osteoblasts;Unassigned
Osteochondritis;Unassigned
Osteochondritis Dissecans;Unassigned
Osteochondrodysplasias;Unassigned
Osteoclasts;Unassigned
Osteocytes;Unassigned
Osteogenesis;Unassigned
Osteogenesis Imperfecta;Unassigned
Osteolysis;Unassigned
Osteolysis, Essential;Unassigned
Osteoma;Unassigned
Osteoma, Osteoid;Unassigned
Osteomalacia;Unassigned
Osteomyelitis;Unassigned
Osteonecrosis;Unassigned
Osteopetrosis;Unassigned
Osteopoikilosis;Unassigned
Osteoporosis;Unassigned
Osteoradionecrosis;Unassigned
Osteosclerosis;Unassigned
Ostertagiasis;Unassigned
Otitis;Unassigned
Otitis Externa;Unassigned
Otitis Media;Unassigned
Otitis Media with Effusion;Unassigned
Otitis Media, Suppurative;Unassigned
Otolithic Membrane;Unassigned
Otorhinolaryngologic Diseases;Unassigned
Otorhinolaryngologic Neoplasms;Unassigned
Otosclerosis;Unassigned
Ouabain;Unassigned
Oval Window, Ear;Unassigned
Ovalbumin;Unassigned
Ovarian Cysts;Unassigned
Ovarian Diseases;Unassigned
Ovarian Neoplasms;Unassigned
Ovary;Unassigned
Oviducts;Unassigned
Oviposition;Unassigned
Ovomucin;Unassigned
Ovulation;Unassigned
Ovum;Unassigned
Embryo Implantation;Unassigned
Embryo Implantation, Delayed;Unassigned
Ovum Transport;Unassigned
Oxacillin;Unassigned
Oxadiazoles;Unassigned
Oxalates;Unassigned
Oxaloacetates;Unassigned
Oxamic Acid;Unassigned
Oxamniquine;Unassigned
Oxandrolone;Unassigned
Oxathiins;Unassigned
Oxazepam;Unassigned
Oxazepines;Unassigned
Oxazines;Unassigned
Oxazocines;Unassigned
Oxazoles;Unassigned
Oxazolone;Unassigned
Oxepins;Unassigned
Oxidants, Photochemical;Unassigned
Oxidation-Reduction;Molecular
Oxidative Phosphorylation;Unassigned
Oxidative Phosphorylation Coupling Factors;Unassigned
Oxides;Unassigned
Oxidoreductases;Unassigned
Oxidoreductases, N-Demethylating;Unassigned
Oxidoreductases, O-Demethylating;Unassigned
Oximes;Stressor
Oxolinic Acid;Unassigned
Oxonic Acid;Unassigned
Oxotremorine;Unassigned
Oxprenolol;Unassigned
Oxyclozanide;Unassigned
Oxycodone;Unassigned
Oxyfedrine;Unassigned
Oxygen;Unassigned
Oxygen Consumption;Unassigned
Oxygen Isotopes;Unassigned
Oxygen Radioisotopes;Unassigned
Oxygenases;Unassigned
Oxyhemoglobins;Unassigned
Oxymetazoline;Unassigned
Oxymetholone;Unassigned
Oxymorphone;Unassigned
Oxyphenbutazone;Unassigned
Oxyphenisatin Acetate;Unassigned
Oxyphenonium;Unassigned
Oxypurinol;Unassigned
Oxytetracycline;Unassigned
Oxythiamine;Unassigned
Oxytocics;Unassigned
Oxytocin;Unassigned
Cystinyl Aminopeptidase;Unassigned
Oxyuriasis;Unassigned
Ozone;Unassigned
P Blood-Group System;Unassigned
p-Aminoazobenzene;Unassigned
4-Aminobenzoic Acid;Unassigned
p-Aminohippuric Acid;Unassigned
Aminosalicylic Acid;Unassigned
p-Azobenzenearsonate;Unassigned
p-Chloroamphetamine;Unassigned
Fenclonine;Unassigned
p-Fluorophenylalanine;Unassigned
p-Hydroxyamphetamine;Unassigned
p-Hydroxynorephedrine;Unassigned
Pacinian Corpuscles;Unassigned
Pactamycin;Unassigned
Paget's Disease, Mammary;Unassigned
Paget Disease, Extramammary;Unassigned
Pain;Unassigned
Pain, Intractable;Unassigned
Pain, Postoperative;Unassigned
Palatal Muscles;Unassigned
Palatal Neoplasms;Unassigned
Palate;Unassigned
Palate, Soft;Unassigned
Palladium;Stressor
Pallor;Unassigned
Palmitates;Unassigned
Palmitic Acids;Unassigned
Palmitoyl-CoA Hydrolase;Unassigned
Palmitoyl Coenzyme A;Unassigned
Palmitoylcarnitine;Unassigned
Pancoast Syndrome;Unassigned
Pancreas;Unassigned
Pancreatic Cyst;Unassigned
Pancreatic Diseases;Unassigned
Pancreatic Ducts;Unassigned
Pancreatic Extracts;Unassigned
Pancreatic Fistula;Unassigned
Pancreatic Hormones;Unassigned
Exocrine Pancreatic Insufficiency;Unassigned
Pancreatic Juice;Unassigned
Pancreatic Neoplasms;Unassigned
Pancreatic Polypeptide;Unassigned
Pancreatic Pseudocyst;Unassigned
Pancreatin;Unassigned
Pancreatitis;Unassigned
Pancreatic Elastase;Unassigned
Pancuronium;Unassigned
Pancytopenia;Unassigned
Panniculitis, Nodular Nonsuppurative;Unassigned
Panophthalmitis;Unassigned
Pantetheine;Unassigned
Pantothenic Acid;Unassigned
Papain;Unassigned
Papaverine;Unassigned
Papillary Muscles;Unassigned
Papilledema;Unassigned
Papilloma;Unassigned
Papillon-Lefevre Disease;Unassigned
Phlebotomus Fever;Unassigned
Para-Aortic Bodies;Unassigned
Parabens;Stressor
Paracoccidioidomycosis;Unassigned
Paraffin;Unassigned
Paraganglia, Chromaffin;Unassigned
Paraganglia, Nonchromaffin;Unassigned
Paraganglioma;Unassigned
Paraganglioma, Extra-Adrenal;Unassigned
Paragonimiasis;Unassigned
Parakeratosis;Unassigned
Paraldehyde;Unassigned
Paralysis;Unassigned
Bulbar Palsy, Progressive;Unassigned
Paralyses, Familial Periodic;Unassigned
Paralysis, Obstetric;Unassigned
Paramethasone;Unassigned
Parametritis;Unassigned
Respirovirus Infections;Unassigned
Paranasal Sinus Diseases;Unassigned
Paranasal Sinus Neoplasms;Unassigned
Paranasal Sinuses;Unassigned
Paraneoplastic Syndromes;Unassigned
Paraoxon;Unassigned
Paraphimosis;Unassigned
Paraplegia;Unassigned
Paraproteinemias;Unassigned
Paraproteins;Unassigned
Parapsoriasis;Unassigned
Paraquat;Unassigned
Parasitic Diseases;Unassigned
Parasitic Diseases, Animal;Unassigned
Parasympathetic Nervous System;Unassigned
Parasympatholytics;Unassigned
Parasympathomimetics;Unassigned
Parathion;Unassigned
Parathyroid Diseases;Unassigned
Parathyroid Glands;Unassigned
Parathyroid Hormone;Unassigned
Parathyroid Neoplasms;Unassigned
Paratuberculosis;Unassigned
Paratyphoid Fever;Unassigned
Paraventricular Hypothalamic Nucleus;Unassigned
Paresis;Unassigned
Paresthesia;Unassigned
Pargyline;Unassigned
Parietal Bone;Unassigned
Parietal Cells, Gastric;Unassigned
Parietal Lobe;Unassigned
Parity;Unassigned
Parkinson Disease;Unassigned
Parkinson Disease, Postencephalitic;Unassigned
Parkinson Disease, Secondary;Unassigned
Paromomycin;Unassigned
Paronychia;Unassigned
Parotid Diseases;Unassigned
Parotid Gland;Unassigned
Parotid Neoplasms;Unassigned
Parotitis;Unassigned
Parovarian Cyst;Unassigned
Parthenogenesis;Unassigned
Partial Pressure;Unassigned
Partial Thromboplastin Time;Unassigned
Particle Size;Unassigned
Parturient Paresis;Unassigned
Parvalbumins;Unassigned
Parvoviridae Infections;Unassigned
Passive Cutaneous Anaphylaxis;Unassigned
Pasteurella Infections;Unassigned
Patella;Unassigned
Paternal Age;Unassigned
Pathologic Processes;Unassigned
Patulin;Unassigned
Peak Expiratory Flow Rate;Unassigned
Pectins;Unassigned
Pectoralis Muscles;Unassigned
Lice Infestations;Unassigned
Pelger-Huet Anomaly;Unassigned
Peliosis Hepatis;Unassigned
Pellagra;Unassigned
Pelvic Bones;Unassigned
Pelvic Neoplasms;Unassigned
Pelvis;Unassigned
Pemoline;Unassigned
Pemphigoid, Benign Mucous Membrane;Unassigned
Pemphigoid, Bullous;Unassigned
Pemphigus;Unassigned
Pempidine;Unassigned
Penbutolol;Unassigned
Penfluridol;Unassigned
Penicillamine;Unassigned
Penicillanic Acid;Unassigned
Penicillic Acid;Unassigned
Penicillin Amidase;Unassigned
Penicillin G;Unassigned
Penicillin G Benzathine;Unassigned
Penicillin G Procaine;Unassigned
Penicillin Resistance;Unassigned
Penicillin V;Unassigned
Penicillinase;Unassigned
Penicillins;Unassigned
Penile Diseases;Unassigned
Penile Erection;Unassigned
Penile Induration;Unassigned
Penile Neoplasms;Unassigned
Penis;Unassigned
Pentachlorophenol;Unassigned
Pentaerythritol Tetranitrate;Unassigned
Pentagastrin;Unassigned
Pentamidine;Unassigned
Pentanes;Unassigned
Pentanoic Acids;Unassigned
Pentanones;Unassigned
Pentazocine;Unassigned
Pentobarbital;Unassigned
Pentolinium Tartrate;Unassigned
Pentosan Sulfuric Polyester;Unassigned
Pentose Phosphate Pathway;Unassigned
Pentosephosphates;Unassigned
Pentoses;Unassigned
Pentosyltransferases;Unassigned
Pentoxifylline;Unassigned
Pentoxyl;Unassigned
Pentylenetetrazole;Unassigned
Pepsin A;Unassigned
Pepsinogens;Unassigned
Pepstatins;Unassigned
Peptic Ulcer;Unassigned
Peptic Ulcer Hemorrhage;Unassigned
Peptic Ulcer Perforation;Unassigned
Peptichemio;Unassigned
Peptide Chain Elongation, Translational;Unassigned
Peptide Chain Initiation, Translational;Unassigned
Peptide Chain Termination, Translational;Unassigned
Peptide Elongation Factor Tu;Unassigned
Peptide Elongation Factors;Unassigned
Peptide Fragments;Unassigned
Peptide Hydrolases;Unassigned
Peptide Initiation Factors;Unassigned
Endopeptidases;Unassigned
Peptide PHI;Unassigned
Peptide Biosynthesis;Unassigned
Peptide Synthases;Unassigned
Peptide Termination Factors;Unassigned
Peptides;Unassigned
Peptides, Cyclic;Unassigned
Peptidoglycan;Unassigned
Peptidyl Transferases;Unassigned
Peptones;Unassigned
Peracetic Acid;Unassigned
Perazine;Unassigned
Perceptual Disorders;Unassigned
Perceptual Masking;Unassigned
Perchlorates;Unassigned
Perfume;Stressor
Pergolide;Unassigned
Perhexiline;Unassigned
Perianal Glands;Unassigned
Periapical Abscess;Unassigned
Periapical Diseases;Unassigned
Periapical Granuloma;Unassigned
Periapical Periodontitis;Unassigned
Periapical Tissue;Unassigned
Periaqueductal Gray;Unassigned
Polyarteritis Nodosa;Unassigned
Periarthritis;Unassigned
Pericardial Effusion;Unassigned
Pericarditis;Unassigned
Pericarditis, Constrictive;Unassigned
Pericarditis, Tuberculous;Unassigned
Pericardium;Unassigned
Pericoronitis;Unassigned
Perilymph;Unassigned
Perinephritis;Unassigned
Perineum;Unassigned
Periodic Acid;Unassigned
Familial Mediterranean Fever;Unassigned
Periodicity;Unassigned
Periodontal Abscess;Unassigned
Periodontal Cyst;Unassigned
Periodontal Diseases;Unassigned
Periodontal Ligament;Unassigned
Periodontal Pocket;Unassigned
Periodontitis;Unassigned
Periodontium;Unassigned
Aggressive Periodontitis;Unassigned
Periosteum;Unassigned
Periostitis;Unassigned
Peripheral Nervous System Diseases;Unassigned
Peripheral Nervous System Neoplasms;Unassigned
Peripheral Nerves;Unassigned
Peristalsis;Unassigned
Peritoneal Cavity;Unassigned
Peritoneal Diseases;Unassigned
Peritoneal Neoplasms;Unassigned
Peritoneum;Unassigned
Peritonitis;Unassigned
Permeability;Unassigned
Peroneal Nerve;Unassigned
Peroxidases;Unassigned
Peroxides;Unassigned
Perphenazine;Unassigned
Persistent Fetal Circulation Syndrome;Unassigned
Virulence Factors, Bordetella;Unassigned
Pertussis Vaccine;Unassigned
Perylene;Unassigned
Pesticide Residues;Unassigned
Pesticide Synergists;Unassigned
Pesticides;Unassigned
Petrolatum;Unassigned
Petroleum;Unassigned
Petrous Bone;Unassigned
Peutz-Jeghers Syndrome;Unassigned
Peyer's Patches;Unassigned
Phagocyte Bactericidal Dysfunction;Unassigned
Phagocytes;Unassigned
Phagocytosis;Unassigned
Phagosomes;Unassigned
Phalloidine;Unassigned
Phantom Limb;Unassigned
Pharmaceutic Aids;Unassigned
Pharmacokinetics;Unassigned
Pharyngeal Diseases;Unassigned
Pharyngeal Muscles;Unassigned
Pharyngeal Neoplasms;Unassigned
Pharyngitis;Unassigned
Pharynx;Unassigned
Phenacetin;Unassigned
Phenanthrenes;Unassigned
Phenanthridines;Unassigned
Phenanthrolines;Unassigned
Phenazines;Unassigned
Phenazocine;Unassigned
Phenazopyridine;Unassigned
Phencyclidine;Unassigned
Phencyclidine Abuse;Unassigned
Phenelzine;Unassigned
Phenylethanolamine N-Methyltransferase;Unassigned
Phenylethyl Alcohol;Unassigned
Phenethylamines;Unassigned
Phenetidine;Unassigned
Phenformin;Unassigned
Phenindione;Unassigned
Pheniramine;Unassigned
Phenmetrazine;Unassigned
Phenobarbital;Unassigned
Phenolphthaleins;Unassigned
Phenols;Stressor
Phenolsulfonphthalein;Unassigned
Phenoperidine;Unassigned
Phenothiazines;Unassigned
Phenotype;Unassigned
Phenoxyacetates;Unassigned
Phenoxybenzamine;Unassigned
Phenprocoumon;Unassigned
Phentermine;Unassigned
Phentolamine;Unassigned
Phenyl Ethers;Unassigned
Phenylacetates;Unassigned
Phenylalanine;Unassigned
Phenylalanine Ammonia-Lyase;Unassigned
Phenylalanine Hydroxylase;Unassigned
Phenylalanine-tRNA Ligase;Unassigned
Phenylbutazone;Unassigned
Phenylbutyrates;Unassigned
Phenylenediamines;Stressor
Phenylephrine;Stressor
Phenylethylmalonamide;Unassigned
Phenylglyoxal;Unassigned
Phenylhydrazines;Unassigned
Phenylisopropyladenosine;Unassigned
Phenylketonurias;Unassigned
Phenylmercuric Acetate;Unassigned
Phenylmercury Compounds;Unassigned
Phenylmethylsulfonyl Fluoride;Unassigned
Phenylpropanolamine;Unassigned
Phenylpropionates;Unassigned
Phenylpyruvic Acids;Unassigned
Phenylthiazolylthiourea;Unassigned
Phenylthiohydantoin;Unassigned
Phenylthiourea;Unassigned
Phenylurea Compounds;Unassigned
Phenytoin;Unassigned
Pheochromocytoma;Unassigned
Pheophytins;Unassigned
Pheromones;Unassigned
Philadelphia Chromosome;Unassigned
Phimosis;Unassigned
Phlebitis;Unassigned
Phleomycins;Unassigned
Phloretin;Unassigned
Lactase-Phlorizin Hydrolase;Unassigned
Phlorhizin;Unassigned
Phloroglucinol;Unassigned
Eosine I Bluish;Unassigned
Phonation;Unassigned
Phorate;Unassigned
Phorbol Esters;Unassigned
Phorbols;Unassigned
Phosgene;Unassigned
Phosmet;Unassigned
Phosphamidon;Unassigned
Phosphate Acetyltransferase;Unassigned
Phosphates;Unassigned
Phosphatidate Phosphatase;Unassigned
Phosphatidic Acids;Unassigned
Phosphatidylcholines;Unassigned
Phosphatidylethanolamines;Unassigned
Phosphatidylglycerols;Unassigned
Phosphatidylinositols;Unassigned
CDPdiacylglycerol-Serine O-Phosphatidyltransferase;Unassigned
Phosphatidylserines;Unassigned
Phosphenes;Unassigned
Phosphines;Unassigned
Phosphinic Acids;Unassigned
3-Deoxy-7-Phosphoheptulonate Synthase;Unassigned
Phosphoadenosine Phosphosulfate;Unassigned
Phosphocreatine;Unassigned
Phosphodiesterase Inhibitors;Unassigned
Phosphoric Diester Hydrolases;Unassigned
Phosphoenolpyruvate;Unassigned
Phosphoenolpyruvate Carboxykinase (GTP);Unassigned
Phosphoenolpyruvate Carboxylase;Unassigned
Phosphoenolpyruvate Sugar Phosphotransferase System;Unassigned
Phosphofructokinase-1;Unassigned
Phosphoglucomutase;Unassigned
Phosphogluconate Dehydrogenase;Unassigned
Phosphoglycerate Kinase;Unassigned
Phosphoglycerate Mutase;Unassigned
Type C Phospholipases;Unassigned
Phospholipase D;Unassigned
Phospholipases;Unassigned
Phospholipases A;Unassigned
Phospholipid Ethers;Unassigned
Phospholipids;Unassigned
Phosphoric Monoester Hydrolases;Unassigned
Phosphonoacetic Acid;Unassigned
Phosphopeptides;Unassigned
Phosphoprotein Phosphatases;Unassigned
Phosphoproteins;Unassigned
Phosphopyruvate Hydratase;Unassigned
Phosphoramide Mustards;Unassigned
Phosphoranes;Unassigned
Phosphoribosyl Pyrophosphate;Unassigned
Organophosphates;Unassigned
Phosphoric Acids;Unassigned
Phosphorous Acids;Unassigned
Phosphorus;Unassigned
Phosphorus Isotopes;Unassigned
Phosphorus Metabolism Disorders;Unassigned
Phosphorus Radioisotopes;Unassigned
Phosphorylase a;Unassigned
Phosphorylase b;Unassigned
Phosphorylase Kinase;Unassigned
Phosphorylase Phosphatase;Unassigned
Phosphorylation;Unassigned
Phosphorylcholine;Unassigned
Phosphoserine;Unassigned
Phosphothreonine;Unassigned
Phosphotransferases;Unassigned
Phosphotungstic Acid;Unassigned
Leptophos;Unassigned
Phosvitin;Unassigned
Photolysis;Unassigned
Photophosphorylation;Unassigned
Photoreceptor Cells;Unassigned
Photosensitivity Disorders;Adverse Outcome
Photosynthesis;Unassigned
Phrenic Nerve;Unassigned
Phthalazines;Unassigned
Phthalic Acids;Unassigned
Phthalic Anhydrides;Unassigned
Phthalimides;Unassigned
Phycocyanin;Unassigned
Phycoerythrin;Unassigned
Phylogeny;Unassigned
Physalaemin;Unassigned
Physical Conditioning, Animal;Unassigned
Physical Endurance;Unassigned
Physical Fitness;Unassigned
Physiological Phenomena;Unassigned
Physostigmine;Unassigned
Phytanic Acid;Unassigned
6-Phytase;Unassigned
Phytic Acid;Unassigned
Phytochrome;Unassigned
Phytohemagglutinins;Unassigned
Phytol;Unassigned
Vitamin K 1;Unassigned
Phytosterols;Unassigned
Pia Mater;Unassigned
Pica;Unassigned
Picibanil;Unassigned
Obesity Hypoventilation Syndrome;Unassigned
Picloram;Unassigned
Picolines;Unassigned
Picolinic Acids;Unassigned
Picornaviridae Infections;Unassigned
Picrates;Unassigned
Picrotoxin;Unassigned
Picryl Chloride;Stressor
Piedra;Unassigned
Pierre Robin Syndrome;Unassigned
Pigment Epithelium of Eye;Unassigned
Pigmentation;Unassigned
Pigmentation Disorders;Unassigned
Pigments, Biological;Unassigned
Fimbriae, Bacterial;Unassigned
Pilocarpine;Unassigned
Piloerection;Unassigned
Pilonidal Sinus;Unassigned
Natamycin;Unassigned
Pimelic Acids;Unassigned
Pimozide;Unassigned
Pindolol;Unassigned
Pineal Gland;Unassigned
Pinealoma;Unassigned
Pinocytosis;Unassigned
Pinta;Unassigned
Pipecolic Acids;Unassigned
Pipemidic Acid;Unassigned
Piperacillin;Unassigned
Piperazines;Unassigned
Piperidines;Unassigned
Piperidones;Unassigned
Piperonyl Butoxide;Unassigned
Piperoxan;Unassigned
Pipobroman;Unassigned
Piracetam;Unassigned
Pirenzepine;Unassigned
Piribedil;Unassigned
Pirinitramide;Unassigned
Piromidic Acid;Unassigned
Piroxicam;Unassigned
Pit and Fissure Sealants;Unassigned
Pitch Discrimination;Unassigned
Pitch Perception;Unassigned
Pituitary Apoplexy;Unassigned
Pituitary Diseases;Unassigned
Pituitary Gland;Unassigned
Pituitary Gland, Anterior;Unassigned
Pituitary Gland, Posterior;Unassigned
Pituitary Hormone Release Inhibiting Hormones;Unassigned
Pituitary Hormone-Releasing Hormones;Unassigned
Pituitary Hormones;Unassigned
Pituitary Hormones, Anterior;Unassigned
Pituitary Hormones, Posterior;Unassigned
Pituitary Neoplasms;Unassigned
Pituitary-Adrenal System;Unassigned
Pityriasis;Unassigned
Pityriasis Rubra Pilaris;Unassigned
Pivampicillin;Unassigned
Pizotyline;Unassigned
Placebos;Unassigned
Placenta;Unassigned
Placenta Accreta;Unassigned
Placenta Diseases;Unassigned
Placenta Previa;Unassigned
Placental Extracts;Unassigned
Placental Hormones;Unassigned
Placental Insufficiency;Unassigned
Placental Lactogen;Unassigned
Placentation;Unassigned
Plague;Unassigned
Plague Vaccine;Unassigned
Plant Diseases;Unassigned
Plant Extracts;Stressor
Plant Growth Regulators;Unassigned
Plant Oils;Stressor
Plant Poisoning;Unassigned
Plant Proteins;Unassigned
Plant Tumors;Unassigned
Plasma;Unassigned
Plasma Cells;Unassigned
Plasma Substitutes;Unassigned
Plasma Volume;Unassigned
Plasmacytoma;Unassigned
Plasmalogens;Unassigned
Plasmids;Unassigned
Plasminogen;Unassigned
Tissue Plasminogen Activator;Unassigned
Plasminogen Activators;Unassigned
Plasticizers;Unassigned
Plastics;Unassigned
Plastocyanin;Unassigned
Plastoquinone;Unassigned
Platelet Activating Factor;Unassigned
Platelet Adhesiveness;Unassigned
Platelet Aggregation;Unassigned
Platelet Aggregation Inhibitors;Unassigned
Platelet Count;Unassigned
Platelet Factor 3;Unassigned
Platelet Factor 4;Unassigned
Platelet Membrane Glycoproteins;Unassigned
Platelet Storage Pool Deficiency;Unassigned
Platelet-Derived Growth Factor;Unassigned
Platinum;Unassigned
Platybasia;Unassigned
Pleura;Unassigned
Pleural Diseases;Unassigned
Pleural Effusion;Unassigned
Pleural Neoplasms;Unassigned
Pleurisy;Unassigned
Pleurodynia, Epidemic;Unassigned
Pleuropneumonia;Unassigned
Pleuropneumonia, Contagious;Unassigned
Ploidies;Unassigned
Plummer-Vinson Syndrome;Unassigned
Plutonium;Unassigned
Pneumatosis Cystoides Intestinalis;Unassigned
Pneumocephalus;Unassigned
Pneumococcal Infections;Unassigned
Pneumoconiosis;Unassigned
Pneumonia;Unassigned
Pneumonia, Aspiration;Unassigned
Pneumonia, Atypical Interstitial, of Cattle;Unassigned
Pneumonia, Lipid;Unassigned
Pneumonia, Pneumococcal;Unassigned
Pneumonia, Mycoplasma;Unassigned
Pneumonia, Pneumocystis;Unassigned
Pneumonia, Progressive Interstitial, of Sheep;Unassigned
Pneumonia, Rickettsial;Unassigned
Pneumonia, Staphylococcal;Unassigned
Pneumonia, Viral;Unassigned
Pneumopericardium;Unassigned
Pneumoperitoneum;Unassigned
Pneumothorax;Unassigned
Podophyllin;Unassigned
Podophyllotoxin;Unassigned
Rothmund-Thomson Syndrome;Unassigned
Dermatitis, Toxicodendron;Adverse Outcome
Poisoning;Unassigned
Poisons;Unassigned
Pokeweed Mitogens;Unassigned
Poland Syndrome;Unassigned
Poliomyelitis;Unassigned
Poliomyelitis, Bulbar;Unassigned
Poliovirus Vaccine, Inactivated;Unassigned
Poliovirus Vaccine, Oral;Unassigned
Pollen;Unassigned
Polonium;Unassigned
Poloxalene;Unassigned
Poly A;Unassigned
Polynucleotide Adenylyltransferase;Unassigned
Poly A-U;Unassigned
Poly Adenosine Diphosphate Ribose;Unassigned
Poly(ADP-ribose) Polymerases;Unassigned
Poly C;Unassigned
Poly dA-dT;Unassigned
Poly G;Unassigned
Poly I;Unassigned
Poly I-C;Unassigned
Poly T;Unassigned
Poly U;Unassigned
Polyamines;Unassigned
Polyanetholesulfonate;Unassigned
Polybrominated Biphenyls;Unassigned
Polycarboxylate Cement;Unassigned
Polychlorinated Biphenyls;Unassigned
Polychloroterphenyl Compounds;Unassigned
Polychondritis, Relapsing;Unassigned
Polycyclic Compounds;Unassigned
Polycyclic Aromatic Hydrocarbons;Unassigned
Polycystic Ovary Syndrome;Unassigned
Polycythemia;Unassigned
Polycythemia Vera;Unassigned
DNA Ligases;Unassigned
Polydeoxyribonucleotides;Unassigned
Polyenes;Unassigned
Polyesters;Unassigned
Polyethylene Glycols;Unassigned
Polyethylene Terephthalates;Unassigned
Polyethyleneimine;Unassigned
Polyethylenes;Unassigned
Polygalacturonase;Unassigned
Polygeline;Unassigned
Polyglactin 910;Unassigned
Polyglutamic Acid;Unassigned
Polyglycolic Acid;Unassigned
Polyhydroxyethyl Methacrylate;Unassigned
Polyisoprenyl Phosphate Monosaccharides;Unassigned
Polyisoprenyl Phosphate Oligosaccharides;Unassigned
Polyisoprenyl Phosphate Sugars;Unassigned
Polyisoprenyl Phosphates;Unassigned
Polylysine;Unassigned
Polymers;Stressor
Polymethacrylic Acids;Unassigned
Polymorphism, Genetic;Unassigned
Polymyalgia Rheumatica;Unassigned
Polymyxin B;Unassigned
Polymyxins;Unassigned
Polyneuropathies;Unassigned
Polynucleotide 5'-Hydroxyl-Kinase;Unassigned
Polyribonucleotide Nucleotidyltransferase;Unassigned
Polynucleotide Ligases;Unassigned
Polynucleotides;Unassigned
Polyphloretin Phosphate;Unassigned
Polyphosphates;Unassigned
Polyploidy;Unassigned
Adenomatous Polyposis Coli;Unassigned
Polypropylenes;Unassigned
Polyps;Unassigned
Polyradiculopathy;Unassigned
Polyradiculoneuropathy;Unassigned
RNA Ligase (ATP);Unassigned
Polyribonucleotides;Unassigned
Polyribosomes;Unassigned
Polysaccharide-Lyases;Unassigned
Polysaccharides;Unassigned
Polysaccharides, Bacterial;Unassigned
Polysorbates;Unassigned
Polystyrenes;Unassigned
Polytetrafluoroethylene;Unassigned
Polythiazide;Unassigned
Polyurethanes;Stressor
Polyuria;Unassigned
Polyvinyl Alcohol;Unassigned
Polyvinyl Chloride;Unassigned
Polyvinylpyridine N-Oxide;Unassigned
Polyvinyls;Unassigned
Eczema, Dyshidrotic;Unassigned
Pons;Unassigned
Popliteal Artery;Unassigned
Popliteal Cyst;Unassigned
Popliteal Vein;Unassigned
Porfiromycin;Unassigned
Porphobilinogen;Unassigned
Hydroxymethylbilane Synthase;Unassigned
Porphyrias;Unassigned
Porphyrinogens;Unassigned
Porphyrins;Unassigned
Portal System;Unassigned
Portal Vein;Unassigned
Postgastrectomy Syndromes;Unassigned
Postmortem Changes;Unassigned
Postoperative Complications;Unassigned
Postpericardiotomy Syndrome;Unassigned
Postphlebitic Syndrome;Unassigned
Posture;Unassigned
Potassium;Unassigned
Potassium Chloride;Unassigned
Potassium Cyanide;Unassigned
Potassium Deficiency;Unassigned
Potassium Dichromate;Stressor
Potassium Iodide;Unassigned
Potassium Isotopes;Unassigned
Potassium Magnesium Aspartate;Unassigned
Potassium Permanganate;Unassigned
Potassium Radioisotopes;Unassigned
Poultry;Unassigned
Poultry Diseases;Unassigned
Poultry Products;Unassigned
Povidone;Unassigned
Povidone-Iodine;Stressor
Powders;Unassigned
Poxviridae Infections;Unassigned
Practolol;Unassigned
Prader-Willi Syndrome;Unassigned
Prajmaline;Unassigned
Pralidoxime Compounds;Unassigned
Praseodymium;Unassigned
Prazepam;Unassigned
Praziquantel;Unassigned
Prazosin;Unassigned
Pre-Eclampsia;Unassigned
Pre-Excitation Syndromes;Unassigned
Pre-Excitation, Mahaim-Type;Unassigned
Prealbumin;Unassigned
Precancerous Conditions;Unassigned
Chemical Precipitation;Unassigned
Precipitins;Unassigned
Prediabetic State;Unassigned
Prednimustine;Unassigned
Prednisolone;Stressor
Prednisone;Unassigned
Pregnadienediols;Unassigned
Pregnadienes;Unassigned
Pregnadienetriols;Unassigned
Pregnancy;Unassigned
Pregnancy Complications;Unassigned
Pregnancy Complications, Cardiovascular;Unassigned
Pregnancy Complications, Hematologic;Unassigned
Pregnancy Complications, Infectious;Unassigned
Pregnancy Complications, Neoplastic;Unassigned
Pregnancy in Adolescence;Unassigned
Pregnancy in Diabetics;Unassigned
Pregnancy Maintenance;Unassigned
Pregnancy Outcome;Unassigned
Pregnancy Proteins;Unassigned
Pregnancy Trimester, First;Unassigned
Pregnancy Trimester, Second;Unassigned
Pregnancy Trimester, Third;Unassigned
Pregnancy Trimesters;Unassigned
Pregnancy-Associated Plasma Protein-A;Unassigned
Pregnancy-Specific beta 1-Glycoproteins;Unassigned
Pregnancy, Abdominal;Unassigned
Pregnancy, Animal;Unassigned
Pregnancy, Ectopic;Unassigned
Pregnancy, Multiple;Unassigned
Pregnancy, Prolonged;Unassigned
Pregnancy, Tubal;Unassigned
Pregnancy, Unwanted;Unassigned
Pregnanediol;Unassigned
Pregnanediones;Unassigned
Pregnanes;Unassigned
Pregnanetriol;Unassigned
Pregnanolone;Unassigned
Pregnatrienes;Unassigned
Pregnenediones;Molecular
Pregnenes;Unassigned
Pregnenolone;Unassigned
Pregnenolone Carbonitrile;Unassigned
Prekallikrein;Unassigned
Preleukemia;Unassigned
Premenstrual Syndrome;Unassigned
Prenalterol;Unassigned
Prenatal Exposure Delayed Effects;Unassigned
Feprazone;Unassigned
Prenylamine;Unassigned
Preoptic Area;Unassigned
Prephenate Dehydratase;Unassigned
Prephenate Dehydrogenase;Unassigned
Presbycusis;Unassigned
Presbyopia;Unassigned
Preservatives, Pharmaceutical;Stressor
Pressoreceptors;Unassigned
Pressure;Unassigned
Priapism;Unassigned
Prilocaine;Stressor
Primaquine;Unassigned
Primidone;Unassigned
Prions;Unassigned
Pro-Opiomelanocortin;Unassigned
Proadifen;Unassigned
Probability;Unassigned
Probenecid;Unassigned
Probucol;Unassigned
Procainamide;Unassigned
Procaine;Unassigned
Procarbazine;Unassigned
Fenofibrate;Unassigned
Prochlorperazine;Unassigned
Procollagen;Unassigned
Procollagen N-Endopeptidase;Unassigned
Proctitis;Unassigned
Proctocolitis;Unassigned
Procyclidine;Unassigned
Prodigiosin;Unassigned
Prodigiozan;Unassigned
Prodrugs;Unassigned
Proestrus;Unassigned
Proflavine;Unassigned
Progeria;Unassigned
Progestins;Unassigned
Progesterone;Unassigned
Progesterone Reductase;Unassigned
Progesterone-Binding Globulin;Unassigned
Proglumide;Unassigned
Prognathism;Unassigned
Proinsulin;Unassigned
Prokaryotic Cells;Unassigned
Prolactin;Unassigned
Prolactin Release-Inhibiting Factors;Unassigned
Prolapse;Unassigned
Proline;Unassigned
Procollagen-Proline Dioxygenase;Unassigned
Proline Oxidase;Unassigned
Promazine;Unassigned
Promedol;Unassigned
Promegestone;Unassigned
Promethazine;Unassigned
Promethium;Unassigned
Prometryne;Unassigned
Promoter Regions, Genetic;Unassigned
Pronase;Unassigned
Pronation;Unassigned
Propafenone;Unassigned
Propane;Unassigned
Propanediol Dehydratase;Unassigned
Propylene Glycols;Unassigned
Propanidid;Unassigned
Propanil;Unassigned
Propanolamines;Unassigned
Propantheline;Unassigned
Properdin;Unassigned
Complement Factor B;Unassigned
Complement Factor D;Unassigned
Prophase;Unassigned
Propidium;Unassigned
Propiolactone;Unassigned
Propionates;Unassigned
Propiophenones;Unassigned
Proplast;Unassigned
Propolis;Stressor
Propoxycaine;Unassigned
Dextropropoxyphene;Unassigned
Propranolol;Unassigned
Proprioception;Unassigned
Propyl Gallate;Unassigned
Spermidine Synthase;Unassigned
Propylamines;Unassigned
Propylbenzilylcholine Mustard;Unassigned
Propyliodone;Unassigned
Propylthiouracil;Unassigned
Proscillaridin;Unassigned
Prospidium;Unassigned
Prostaglandin Antagonists;Unassigned
Prostaglandin Endoperoxides;Unassigned
Prostaglandin Endoperoxides, Synthetic;Unassigned
Prostaglandin-Endoperoxide Synthases;Unassigned
15-Oxoprostaglandin 13-Reductase;Unassigned
Prostaglandins;Unassigned
Prostaglandins A;Unassigned
Prostaglandins A, Synthetic;Unassigned
Prostaglandins B;Unassigned
Prostaglandins D;Unassigned
Prostaglandins E;Unassigned
Prostaglandins E, Synthetic;Unassigned
Prostaglandins F;Unassigned
Prostaglandins F, Synthetic;Unassigned
Prostaglandins G;Unassigned
Prostaglandins H;Unassigned
Epoprostenol;Unassigned
Prostaglandins, Synthetic;Unassigned
Prostanoic Acids;Unassigned
Prostate;Unassigned
Prostatic Diseases;Unassigned
Prostatic Hyperplasia;Unassigned
Prostatic Neoplasms;Unassigned
Prostatitis;Unassigned
Prosthesis Failure;Unassigned
Protactinium;Unassigned
Protamines;Unassigned
Protease Inhibitors;Unassigned
Protein-Arginine N-Methyltransferases;Unassigned
Protein Binding;Unassigned
Protein C;Unassigned
Protein Conformation;Unassigned
Protein Deficiency;Unassigned
Protein Denaturation;Unassigned
Protein Disulfide Reductase (Glutathione);Unassigned
Protein Hydrolysates;Unassigned
Protein Kinase C;Unassigned
Protein Kinases;Unassigned
Histone-Lysine N-Methyltransferase;Unassigned
Protein Methyltransferases;Unassigned
Protein O-Methyltransferase;Unassigned
Protein Precursors;Unassigned
Protein Processing, Post-Translational;Unassigned
Protein Synthesis Inhibitors;Unassigned
Protein-Energy Malnutrition;Unassigned
Transglutaminases;Unassigned
Protein-Losing Enteropathies;Unassigned
Protein-Tyrosine Kinases;Unassigned
Proteins;Unassigned
Proteinuria;Unassigned
Chondroitin Sulfate Proteoglycans;Unassigned
Proteoglycans;Unassigned
Proteolipids;Unassigned
Proteus Infections;Unassigned
Prothionamide;Unassigned
Prothrombin;Unassigned
Prothrombin Time;Unassigned
Proto-Oncogene Proteins;Unassigned
Proto-Oncogenes;Unassigned
Protocatechuate-3,4-Dioxygenase;Unassigned
Protochlorophyllide;Unassigned
Protons;Unassigned
Protoplasts;Unassigned
Protoporphyrins;Unassigned
Protoveratrines;Unassigned
Protozoan Infections;Unassigned
Protozoan Infections, Animal;Unassigned
Protriptyline;Unassigned
Proventriculus;Unassigned
Prune Belly Syndrome;Unassigned
Prurigo;Unassigned
Pruritus;Adverse Outcome
Pruritus Ani;Unassigned
Pruritus Vulvae;Unassigned
Pseudarthrosis;Unassigned
Pseudogenes;Unassigned
Pseudohypoaldosteronism;Unassigned
Pseudohypoparathyroidism;Unassigned
Pseudomonas Infections;Unassigned
Pseudomyxoma Peritonei;Unassigned
Pseudopodia;Unassigned
Pseudopregnancy;Unassigned
Pseudopseudohypoparathyroidism;Unassigned
Pseudorabies;Unassigned
Pseudotumor Cerebri;Unassigned
Pseudouridine;Unassigned
Pseudoxanthoma Elasticum;Unassigned
Psilocybin;Unassigned
Furocoumarins;Unassigned
Psoriasis;Adverse Outcome
Psychomotor Agitation;Unassigned
Psychomotor Disorders;Unassigned
Psychomotor Performance;Unassigned
Psychophysiologic Disorders;Unassigned
Psychoses, Alcoholic;Unassigned
Psychoses, Substance-Induced;Unassigned
Psychosine;Unassigned
Psychotropic Drugs;Unassigned
Psyllium;Unassigned
Pteridines;Unassigned
Pterins;Unassigned
gamma-Glutamyl Hydrolase;Unassigned
Pteroylpolyglutamic Acids;Unassigned
Pterygium;Unassigned
Pterygoid Muscles;Unassigned
Puberty;Unassigned
Puberty, Delayed;Unassigned
Puberty, Precocious;Unassigned
Pubic Bone;Unassigned
Pubic Symphysis;Unassigned
Puerperal Disorders;Unassigned
Puerperal Infection;Unassigned
Pulmonary Adenomatosis, Ovine;Unassigned
Pulmonary Alveolar Proteinosis;Unassigned
Pulmonary Alveoli;Unassigned
Pulmonary Artery;Unassigned
Pulmonary Circulation;Unassigned
Pulmonary Diffusing Capacity;Unassigned
Pulmonary Edema;Unassigned
Pulmonary Embolism;Unassigned
Pulmonary Emphysema;Unassigned
Pulmonary Eosinophilia;Unassigned
Pulmonary Fibrosis;Unassigned
Pulmonary Gas Exchange;Unassigned
Pulmonary Heart Disease;Unassigned
Pulmonary Stretch Receptors;Unassigned
Pulmonary Subvalvular Stenosis;Unassigned
Pulmonary Surfactants;Unassigned
Pulmonary Valve;Unassigned
Pulmonary Valve Insufficiency;Unassigned
Pulmonary Valve Stenosis;Unassigned
Pulmonary Veins;Unassigned
Pulmonary Veno-Occlusive Disease;Unassigned
Pulmonary Wedge Pressure;Unassigned
Pulpitis;Unassigned
Pulsatile Flow;Unassigned
Pulse;Unassigned
Pupa;Unassigned
Pupil;Unassigned
Pupil Disorders;Unassigned
Purine-Nucleoside Phosphorylase;Unassigned
Purine Nucleosides;Unassigned
Purine Nucleotides;Unassigned
Purine-Pyrimidine Metabolism, Inborn Errors;Unassigned
Purines;Unassigned
Purinones;Unassigned
Purkinje Cells;Unassigned
Purkinje Fibers;Unassigned
Puromycin;Unassigned
Puromycin Aminonucleoside;Unassigned
Purpura;Unassigned
Purpura, Hyperglobulinemic;Unassigned
IgA Vasculitis;Unassigned
Purpura, Thrombocytopenic;Unassigned
Purpura, Thrombotic Thrombocytopenic;Unassigned
Pursuit, Smooth;Unassigned
Putamen;Unassigned
Putrescine;Unassigned
Pyelitis;Unassigned
Pyelonephritis;Unassigned
Pyelonephritis, Xanthogranulomatous;Unassigned
Pyloric Antrum;Unassigned
Pyloric Stenosis;Unassigned
Pylorus;Unassigned
Pyocins;Unassigned
Pyocyanine;Unassigned
Pyoderma;Unassigned
Pyramidal Tracts;Unassigned
Pyran Copolymer;Unassigned
Pyrans;Unassigned
Pyrantel;Unassigned
Pyrantel Pamoate;Unassigned
Pyrantel Tartrate;Unassigned
Pyrazinamide;Unassigned
Pyrazines;Unassigned
Pyrazoles;Unassigned
Pyrenes;Unassigned
Pyrethrins;Unassigned
Pyridazines;Unassigned
Pyridines;Unassigned
Pyridinium Compounds;Unassigned
Pyridinolcarbamate;Unassigned
Pyridones;Unassigned
Pyridostigmine Bromide;Unassigned
Pyridoxal;Unassigned
Pyridoxal Kinase;Unassigned
Pyridoxal Phosphate;Unassigned
Pyridoxamine;Unassigned
Pyridoxaminephosphate Oxidase;Unassigned
Pyridoxic Acid;Unassigned
Pyridoxine;Unassigned
Pyrilamine;Unassigned
Pyrimethamine;Unassigned
Pyrimidine Dimers;Unassigned
Pyrimidine Nucleosides;Unassigned
Pyrimidine Nucleotides;Unassigned
Pyrimidines;Unassigned
Pyrimidinones;Unassigned
Pyrithiamine;Unassigned
Pyrithioxin;Unassigned
Pyrogallol;Unassigned
Pyrogens;Unassigned
Pyroglobulins;Unassigned
Pyroglutamyl-Peptidase I;Unassigned
Pyroglutamate Hydrolase;Unassigned
Pyrones;Unassigned
Pyronine;Unassigned
Pyrophosphatases;Unassigned
Diphosphates;Unassigned
Pyrroles;Unassigned
Pyrrolidines;Unassigned
Pyrrolidinones;Unassigned
Pyrrolidonecarboxylic Acid;Unassigned
Pyrroline Carboxylate Reductases;Unassigned
Pyrrolizidine Alkaloids;Unassigned
Pyrrolnitrin;Unassigned
Pyruvaldehyde;Unassigned
Pyruvate Carboxylase;Unassigned
Pyruvate Decarboxylase;Unassigned
Pyruvate Dehydrogenase Complex;Unassigned
Pyruvate Dehydrogenase (Lipoamide)-Phosphatase;Unassigned
Pyruvate Kinase;Unassigned
Pyruvate Oxidase;Unassigned
Pyruvate, Orthophosphate Dikinase;Unassigned
Pyruvates;Unassigned
Pyrvinium Compounds;Unassigned
Pyuria;Unassigned
Q beta Replicase;Unassigned
Q Fever;Unassigned
Quadriplegia;Unassigned
Quartz;Unassigned
Quercetin;Unassigned
Quinacrine;Unassigned
Quinacrine Mustard;Unassigned
Quinaldines;Unassigned
Quinazolines;Unassigned
Quinestrol;Unassigned
Quinic Acid;Unassigned
Quinidine;Unassigned
Quinine;Unassigned
Quinolines;Unassigned
Quinolinic Acids;Unassigned
Quinolinium Compounds;Unassigned
Quinolizines;Unassigned
Quinone Reductases;Unassigned
Quinones;Unassigned
Quinoxalines;Unassigned
Quinuclidines;Unassigned
Quinuclidinyl Benzilate;Unassigned
Quipazine;Unassigned
R Factors;Unassigned
Rabies;Unassigned
Rabies Vaccines;Unassigned
Radial Nerve;Unassigned
Radiation;Unassigned
Radiation Chimera;Unassigned
Radiation Dosage;Unassigned
Radiation Effects;Unassigned
Radiation Injuries;Unassigned
Radiation Injuries, Experimental;Unassigned
Radiation Tolerance;Unassigned
Radiation-Protective Agents;Unassigned
Radiation-Sensitizing Agents;Unassigned
Radiation, Ionizing;Unassigned
Radiation, Nonionizing;Unassigned
Radicular Cyst;Unassigned
Radiculopathy;Unassigned
Radio Waves;Unassigned
Radioactive Fallout;Unassigned
Radioactive Pollutants;Unassigned
Radioactive Tracers;Unassigned
Radioactive Waste;Unassigned
Radioactivity;Unassigned
Radiodermatitis;Unassigned
Radioisotopes;Unassigned
Radium;Unassigned
Radius;Unassigned
Radius Fractures;Unassigned
Radon;Unassigned
Raffinose;Unassigned
Rafoxanide;Unassigned
Rain;Unassigned
Ranitidine;Unassigned
Ranula;Unassigned
Ranvier's Nodes;Unassigned
Raphe Nuclei;Unassigned
Genes, ras;Unassigned
Rat-Bite Fever;Unassigned
Raynaud Disease;Unassigned
Razoxane;Unassigned
Reaction Time;Unassigned
Reagent Kits, Diagnostic;Unassigned
Reagent Strips;Unassigned
Reagins;Unassigned
Rec A Recombinases;Unassigned
Receptor Aggregation;Unassigned
Receptors, Adrenergic;Unassigned
Receptors, Adrenergic, alpha;Unassigned
Receptors, Adrenergic, beta;Unassigned
Receptors, Androgen;Unassigned
Receptors, Angiotensin;Unassigned
Receptors, Antigen;Unassigned
Receptors, Antigen, B-Cell;Unassigned
Receptors, Antigen, T-Cell;Unassigned
Receptors, Cholecystokinin;Unassigned
Receptors, Cholinergic;Unassigned
Receptors, Complement;Unassigned
Receptors, Concanavalin A;Unassigned
Receptors, Cyclic AMP;Unassigned
Receptors, Dopamine;Unassigned
Receptors, Drug;Unassigned
Receptors, Cell Surface;Unassigned
Receptors, Opioid;Unassigned
Receptors, Estradiol;Unassigned
Receptors, Estrogen;Unassigned
Receptors, Fc;Unassigned
Receptors, FSH;Unassigned
Receptors, GABA-A;Unassigned
Receptors, Gastrointestinal Hormone;Unassigned
Receptors, Glucocorticoid;Unassigned
Receptors, LHRH;Unassigned
Receptors, Gonadotropin;Unassigned
Receptors, Histamine;Unassigned
Receptors, Histamine H1;Unassigned
Receptors, Histamine H2;Unassigned
Receptors, Immunologic;Unassigned
Receptor, Insulin;Unassigned
Receptors, LDL;Unassigned
Receptors, LH;Unassigned
Receptors, Mitogen;Unassigned
Receptors, Muscarinic;Unassigned
Receptors, Nicotinic;Unassigned
Receptors, Pituitary Hormone;Unassigned
Receptors, Progesterone;Unassigned
Receptors, Prolactin;Unassigned
Receptors, Prostaglandin;Unassigned
Receptors, Purinergic;Unassigned
Sensory Receptor Cells;Unassigned
Receptors, Serotonin;Unassigned
Receptors, Somatotropin;Unassigned
Receptors, Steroid;Unassigned
Receptors, Thyroid Hormone;Unassigned
Receptors, Thyrotropin;Unassigned
Receptors, Transferrin;Unassigned
Receptors, Virus;Unassigned
Endosomes;Unassigned
Recombinant Fusion Proteins;Unassigned
Recombinant Proteins;Unassigned
Recombination, Genetic;Unassigned
Recruitment, Neurophysiological;Unassigned
Hyperacusis;Unassigned
Rectal Diseases;Unassigned
Rectal Fistula;Unassigned
Rectal Neoplasms;Unassigned
Rectal Prolapse;Unassigned
Rectovaginal Fistula;Unassigned
Rectum;Unassigned
Recurrence;Uncategorized
Recurrent Laryngeal Nerve;Unassigned
Red-Cell Aplasia, Pure;Unassigned
Red Nucleus;Unassigned
Reflex;Unassigned
Reflex Sympathetic Dystrophy;Unassigned
Reflex, Abdominal;Unassigned
Reflex, Abnormal;Unassigned
Reflex, Acoustic;Unassigned
Reflex, Monosynaptic;Unassigned
Reflex, Oculocardiac;Unassigned
Reflex, Pupillary;Unassigned
Reflex, Stretch;Unassigned
Reflex, Vestibulo-Ocular;Unassigned
Refraction, Ocular;Unassigned
Refractive Errors;Unassigned
Refractory Period, Electrophysiological;Unassigned
Refsum Disease;Unassigned
Regeneration;Unassigned
Regional Blood Flow;Unassigned
Regulatory Sequences, Nucleic Acid;Unassigned
Relapsing Fever;Unassigned
Relaxin;Unassigned
Remission, Spontaneous;Unassigned
Renal Agents;Unassigned
Renal Artery;Unassigned
Renal Artery Obstruction;Unassigned
Renal Circulation;Unassigned
Chronic Kidney Disease-Mineral and Bone Disorder;Unassigned
Renal Veins;Unassigned
Renin;Unassigned
Renin-Angiotensin System;Unassigned
Chymosin;Unassigned
Reoviridae Infections;Unassigned
Cumulative Trauma Disorders;Unassigned
Repetitive Sequences, Nucleic Acid;Unassigned
Replicon;Unassigned
Repressor Proteins;Unassigned
Reproduction;Unassigned
Reproduction, Asexual;Unassigned
Reproductive and Urinary Physiological Phenomena;Unassigned
Reproductive Control Agents;Unassigned
Batroxobin;Unassigned
Reserpine;Unassigned
Residual Volume;Unassigned
Resins, Plant;Stressor
Resins, Synthetic;Stressor
Resorcinols;Unassigned
Respiration;Unassigned
Respiration Disorders;Unassigned
Pulmonary Ventilation;Unassigned
Respiratory Center;Unassigned
Respiratory Dead Space;Unassigned
Respiratory Distress Syndrome, Newborn;Unassigned
Respiratory Distress Syndrome;Unassigned
Respiratory Hypersensitivity;Adverse Outcome
Respiratory Insufficiency;Unassigned
Respiratory Muscles;Unassigned
Respiratory Paralysis;Unassigned
Respiratory Sounds;Unassigned
Respiratory System;Unassigned
Respiratory Tract Diseases;Unassigned
Respiratory Tract Infections;Unassigned
Respiratory Tract Neoplasms;Unassigned
Respiratory Physiological Phenomena;Unassigned
Restless Legs Syndrome;Unassigned
Polymorphism, Restriction Fragment Length;Unassigned
Rete Testis;Unassigned
Reticular Formation;Unassigned
Reticulin;Unassigned
Reticulocytes;Unassigned
Mononuclear Phagocyte System;Unassigned
Reticulum;Unassigned
Retina;Unassigned
Retinal Artery;Unassigned
Retinal Degeneration;Unassigned
Retinal Detachment;Unassigned
Retinal Diseases;Unassigned
Retinal Ganglion Cells;Unassigned
Retinal Hemorrhage;Unassigned
Retinal Perforations;Unassigned
Retinal Pigments;Unassigned
Retinal Vein;Unassigned
Retinal Vein Occlusion;Unassigned
Retinal Vessels;Unassigned
Retinaldehyde;Unassigned
Retinitis;Unassigned
Retinitis Pigmentosa;Unassigned
Retinoblastoma;Unassigned
Retinoids;Unassigned
Retinol-Binding Proteins;Unassigned
Retinopathy of Prematurity;Unassigned
Retrocochlear Diseases;Unassigned
Retrograde Degeneration;Unassigned
Retroperitoneal Fibrosis;Unassigned
Retroperitoneal Neoplasms;Unassigned
Retroperitoneal Space;Unassigned
Retropneumoperitoneum;Unassigned
Retroviridae Proteins;Unassigned
Retroviridae Infections;Unassigned
RNA-Directed DNA Polymerase;Unassigned
Reye Syndrome;Unassigned
Rh Isoimmunization;Unassigned
Rh-Hr Blood-Group System;Unassigned
Rhabdomyolysis;Unassigned
Rhabdomyoma;Unassigned
Rhabdomyosarcoma;Unassigned
Rhamnose;Unassigned
Rhenium;Unassigned
Rheumatic Fever;Unassigned
Rheumatic Heart Disease;Unassigned
Rheumatic Nodule;Unassigned
Rheumatic Diseases;Unassigned
Rheumatoid Factor;Unassigned
Rheumatoid Nodule;Unassigned
Rhinitis;Unassigned
Rhinitis, Allergic, Perennial;Adverse Outcome
Rhinitis, Atrophic;Unassigned
Rhinitis, Vasomotor;Unassigned
Rhinophyma;Unassigned
Rhinoscleroma;Unassigned
Rhinosporidiosis;Unassigned
Rho Factor;Unassigned
Rhodamines;Unassigned
Rhodanine;Unassigned
Rhodium;Unassigned
Rhodopsin;Unassigned
Rhombencephalon;Unassigned
Rib Fractures;Unassigned
Ribavirin;Unassigned
Ribitol;Unassigned
Riboflavin;Unassigned
Riboflavin Deficiency;Unassigned
Riboflavin Synthase;Unassigned
Ribonuclease, Pancreatic;Unassigned
Ribonucleases;Unassigned
Ribonucleoproteins;Unassigned
Ribonucleoside Diphosphate Reductase;Unassigned
Ribonucleosides;Unassigned
Ribonucleotide Reductases;Unassigned
Ribonucleotides;Unassigned
Ribose;Unassigned
Ribosemonophosphates;Unassigned
Ribose-Phosphate Pyrophosphokinase;Unassigned
Ribosomal Proteins;Unassigned
Ribosomes;Unassigned
Ribostamycin;Unassigned
Ribs;Unassigned
Ribulose-Bisphosphate Carboxylase;Unassigned
Ribulosephosphates;Unassigned
Ricin;Unassigned
Ricinoleic Acids;Unassigned
Rickets;Unassigned
Rickettsia Infections;Unassigned
Rickettsiaceae Infections;Unassigned
Rickettsial Vaccines;Unassigned
Rifampin;Unassigned
Rifamycins;Unassigned
Rift Valley Fever;Unassigned
Rigor Mortis;Unassigned
Rimantadine;Unassigned
Rinderpest;Unassigned
Ring Chromosomes;Unassigned
Riot Control Agents, Chemical;Unassigned
Risk;Unassigned
Ristocetin;Unassigned
Ritodrine;Unassigned
RNA;Unassigned
RNA Cap Analogs;Unassigned
RNA Caps;Unassigned
RNA Nucleotidyltransferases;Unassigned
RNA Polymerase I;Unassigned
RNA Polymerase II;Unassigned
RNA Polymerase III;Unassigned
DNA-Directed RNA Polymerases;Unassigned
RNA Precursors;Unassigned
RNA Processing, Post-Transcriptional;Unassigned
RNA-Dependent RNA Polymerase;Unassigned
RNA Splicing;Unassigned
RNA Virus Infections;Unassigned
RNA, Bacterial;Unassigned
RNA, Double-Stranded;Unassigned
RNA, Fungal;Unassigned
RNA, Heterogeneous Nuclear;Unassigned
RNA, Messenger;Unassigned
RNA, Neoplasm;Unassigned
RNA, Ribosomal;Unassigned
RNA, Ribosomal, 16S;Unassigned
RNA, Ribosomal, 18S;Unassigned
RNA, Ribosomal, 23S;Unassigned
RNA, Ribosomal, 28S;Unassigned
RNA, Ribosomal, 5.8S;Unassigned
RNA, Ribosomal, 5S;Unassigned
RNA, Small Nuclear;Unassigned
RNA, Transfer;Unassigned
RNA, Transfer, Ala;Unassigned
RNA, Transfer, Amino Acid-Specific;Unassigned
RNA, Transfer, Amino Acyl;Unassigned
RNA, Transfer, Arg;Unassigned
RNA, Transfer, Asn;Unassigned
RNA, Transfer, Asp;Unassigned
RNA, Transfer, Cys;Unassigned
RNA, Transfer, Gln;Unassigned
RNA, Transfer, Glu;Unassigned
RNA, Transfer, Gly;Unassigned
RNA, Transfer, His;Unassigned
RNA, Transfer, Ile;Unassigned
RNA, Transfer, Leu;Unassigned
RNA, Transfer, Lys;Unassigned
RNA, Transfer, Met;Unassigned
tRNA Methyltransferases;Unassigned
RNA, Transfer, Phe;Unassigned
RNA, Transfer, Pro;Unassigned
RNA, Transfer, Ser;Unassigned
RNA, Transfer, Thr;Unassigned
RNA, Transfer, Trp;Unassigned
RNA, Transfer, Tyr;Unassigned
RNA, Transfer, Val;Unassigned
RNA, Viral;Unassigned
4-(3-Butoxy-4-methoxybenzyl)-2-imidazolidinone;Unassigned
2H-Benzo(a)quinolizin-2-ol, 2-Ethyl-1,3,4,6,7,11b-hexahydro-3-isobutyl-9,10-dimethoxy-;Unassigned
Robenidine;Unassigned
Rocky Mountain Spotted Fever;Unassigned
Rod Cell Outer Segment;Unassigned
Rodent Diseases;Unassigned
Rodenticides;Unassigned
Rolitetracycline;Unassigned
Ronidazole;Unassigned
Root Canal Filling Materials;Unassigned
Root Canal Irrigants;Unassigned
Root Resorption;Unassigned
Rosacea;Unassigned
Rosaniline Dyes;Unassigned
Rose Bengal;Unassigned
Rotation;Unassigned
Rotavirus Infections;Unassigned
Rotenone;Unassigned
Round Ligament of Uterus;Unassigned
Round Window, Ear;Unassigned
Roxarsone;Unassigned
rRNA Operon;Unassigned
Rubber;Stressor
Rubella;Unassigned
Rubella Syndrome, Congenital;Unassigned
Rubella Vaccine;Unassigned
Rubidium;Unassigned
Rubidium Radioisotopes;Unassigned
Rubinstein-Taybi Syndrome;Unassigned
Rubredoxins;Unassigned
Rumen;Unassigned
Running;Unassigned
Rupture;Unassigned
Rupture, Spontaneous;Unassigned
Rutamycin;Unassigned
Ruthenium;Unassigned
Ruthenium Radioisotopes;Unassigned
Ruthenium Red;Unassigned
Rutin;Unassigned
Ryanodine;Unassigned
S-Adenosylhomocysteine;Unassigned
S-Adenosylmethionine;Unassigned
Adenosylmethionine Decarboxylase;Unassigned
Saccades;Unassigned
Saccharin;Unassigned
Saccharopine Dehydrogenases;Unassigned
Saccule and Utricle;Unassigned
Sacrococcygeal Region;Unassigned
Sacroiliac Joint;Unassigned
Sacrum;Unassigned
Safflower Oil;Unassigned
Safrole;Unassigned
Salicylamides;Unassigned
Salicylanilides;Unassigned
Salicylates;Unassigned
Sulfasalazine;Unassigned
Saline Solution, Hypertonic;Unassigned
Saliva;Unassigned
Saliva, Artificial;Unassigned
Salivary Duct Calculi;Unassigned
Salivary Gland Diseases;Unassigned
Salivary Gland Fistula;Unassigned
Salivary Gland Neoplasms;Unassigned
Salivary Glands;Unassigned
Salivary Glands, Minor;Unassigned
Salivary Proteins and Peptides;Unassigned
Salivation;Unassigned
Salmine;Unassigned
Salmonella Food Poisoning;Unassigned
Salmonella Infections;Unassigned
Salmonella Infections, Animal;Unassigned
Salpingitis;Unassigned
Salsoline Alkaloids;Unassigned
Salt Gland;Unassigned
Salts;Unassigned
Samarium;Unassigned
Sandhoff Disease;Unassigned
Santonin;Unassigned
Saphenous Vein;Unassigned
Sapogenins;Unassigned
Saponins;Unassigned
Saralasin;Unassigned
Sarcoidosis;Unassigned
Sarcolemma;Unassigned
Sarcoma;Unassigned
Sarcoma 180;Unassigned
Sarcoma 37;Unassigned
Sarcoma, Ewing;Unassigned
Sarcoma, Experimental;Unassigned
Sarcoma, Kaposi;Unassigned
Mast-Cell Sarcoma;Unassigned
Osteosarcoma;Unassigned
Sarcoma, Yoshida;Unassigned
Sarcomeres;Unassigned
Sarcoplasmic Reticulum;Unassigned
Sarcosine;Unassigned
Sarcocystosis;Unassigned
Sarin;Unassigned
Saxitoxin;Unassigned
Dibenz(b,f)(1,4)oxazepine-10(11H)-carboxylic acid, 8-chloro-, 2-acetylhydrazide;Unassigned
Scabies;Unassigned
Scala Tympani;Unassigned
Scalp;Unassigned
Scalp Dermatoses;Adverse Outcome
Scandium;Unassigned
Scapula;Unassigned
Scarlet Fever;Unassigned
Scattering, Radiation;Unassigned
Scent Glands;Unassigned
Scheuermann Disease;Unassigned
Schiff Bases;Unassigned
Schistosomiasis;Unassigned
Schistosomiasis haematobia;Unassigned
Schistosomiasis japonica;Unassigned
Schistosomiasis mansoni;Unassigned
Schistosomicides;Unassigned
Sizofiran;Unassigned
Schwann Cells;Unassigned
Sciatic Nerve;Unassigned
Sciatica;Unassigned
Scimitar Syndrome;Unassigned
Sclera;Unassigned
Scleredema Adultorum;Unassigned
Sclerema Neonatorum;Unassigned
Scleroderma, Localized;Unassigned
Scleroderma, Systemic;Unassigned
Scleroproteins;Unassigned
Sclerosing Solutions;Unassigned
Sclerosis;Unassigned
Scoliosis;Unassigned
Scopolamine;Unassigned
Scopolamine Derivatives;Unassigned
Scopoletin;Unassigned
Scorpion Venoms;Unassigned
Scotoma;Unassigned
Scrapie;Unassigned
Screw Worm Infection;Unassigned
Scrotum;Unassigned
Scrub Typhus;Unassigned
Scurvy;Unassigned
Sea-Blue Histiocyte Syndrome;Unassigned
Seasons;Unassigned
Seawater;Unassigned
Sebaceous Gland Diseases;Unassigned
Sebaceous Gland Neoplasms;Unassigned
Sebaceous Glands;Unassigned
Dermatitis, Seborrheic;Unassigned
Sebum;Unassigned
Secobarbital;Unassigned
Secosteroids;Unassigned
Secretin;Unassigned
Bodily Secretions;Unassigned
Secretory Component;Unassigned
Secretory Rate;Unassigned
Seeds;Unassigned
Seizures;Unassigned
Selection, Genetic;Unassigned
Selegiline;Unassigned
Selenium;Unassigned
Selenium Radioisotopes;Unassigned
Selenomethionine;Unassigned
Self Mutilation;Unassigned
Sella Turcica;Unassigned
Semen;Unassigned
Semicarbazides;Unassigned
Semicarbazones;Unassigned
Semicircular Canals;Unassigned
Lunate Bone;Unassigned
Trigeminal Ganglion;Unassigned
Seminal Vesicles;Unassigned
Seminiferous Epithelium;Unassigned
Seminiferous Tubules;Unassigned
Semustine;Unassigned
Senna Extract;Unassigned
Sensation;Unassigned
Sensation Disorders;Unassigned
Sense Organs;Unassigned
Sensitivity and Specificity;Uncategorized
Sepharose;Unassigned
Septal Nuclei;Unassigned
Septum Pellucidum;Unassigned
Sequence Homology, Nucleic Acid;Unassigned
Serine;Unassigned
L-Serine Dehydratase;Unassigned
Glycine Hydroxymethyltransferase;Unassigned
Serine Endopeptidases;Unassigned
Serositis;Unassigned
Serotonin;Unassigned
Serotonin Antagonists;Unassigned
Serous Membrane;Unassigned
Sertoli Cell Tumor;Unassigned
Sertoli Cells;Unassigned
Serum Albumin;Unassigned
Serum Albumin, Bovine;Unassigned
Serum Albumin, Radio-Iodinated;Unassigned
Serum Globulins;Unassigned
Serum Sickness;Unassigned
Serine-tRNA Ligase;Unassigned
Sesame Oil;Unassigned
Sesamoid Bones;Unassigned
Sesquiterpenes;Stressor
Setariasis;Unassigned
Carbaryl;Unassigned
Sewage;Unassigned
Sex;Unassigned
Sex Attractants;Unassigned
Sex Characteristics;Unassigned
Sex Chromatin;Unassigned
Sex Chromosome Aberrations;Unassigned
Sex Chromosomes;Unassigned
Sex Differentiation;Unassigned
Disorders of Sex Development;Unassigned
Sexual Dysfunction, Physiological;Unassigned
Sex Hormone-Binding Globulin;Unassigned
Gonadal Steroid Hormones;Unassigned
Sexual Maturation;Unassigned
Sex Ratio;Unassigned
Sexually Transmitted Diseases;Unassigned
Sezary Syndrome;Unassigned
Sheep Diseases;Unassigned
Shellfish;Unassigned
Shikimic Acid;Unassigned
Pasteurellosis, Pneumonic;Unassigned
Shivering;Unassigned
Shock;Unassigned
Shock, Cardiogenic;Unassigned
Shock, Hemorrhagic;Unassigned
Shock, Septic;Unassigned
Shock, Surgical;Unassigned
Shock, Traumatic;Unassigned
Short Bowel Syndrome;Unassigned
Short Rib-Polydactyly Syndrome;Unassigned
Shoulder;Unassigned
Shoulder Dislocation;Unassigned
Shoulder Fractures;Unassigned
Shoulder Joint;Unassigned
Showdomycin;Unassigned
Shwartzman Phenomenon;Unassigned
Shy-Drager Syndrome;Unassigned
Sialadenitis;Unassigned
Sialic Acids;Unassigned
Sialoglycoproteins;Unassigned
Sialometaplasia, Necrotizing;Unassigned
Sialorrhea;Unassigned
Sialyltransferases;Unassigned
Sick Sinus Syndrome;Unassigned
Sickle Cell Trait;Unassigned
Siderosis;Unassigned
Sigma Factor;Unassigned
Colon, Sigmoid;Unassigned
Sigmoid Diseases;Unassigned
Sigmoid Neoplasms;Unassigned
Signs and Symptoms;Unassigned
Signs and Symptoms, Digestive;Unassigned
Signs and Symptoms, Respiratory;Unassigned
Silage;Unassigned
Silanes;Unassigned
Silicon Dioxide;Unassigned
Silicate Cement;Unassigned
Silicic Acid;Unassigned
Silicon;Unassigned
Silicone Elastomers;Unassigned
Silicone Oils;Unassigned
Silicones;Unassigned
Silicosis;Unassigned
Silicotuberculosis;Unassigned
Silo Filler's Disease;Unassigned
Siloxanes;Unassigned
Silver;Unassigned
Silver Nitrate;Unassigned
Silver Proteins;Unassigned
Silver Sulfadiazine;Unassigned
Silymarin;Unassigned
Simazine;Unassigned
Simethicone;Unassigned
Sincalide;Unassigned
Sinoatrial Block;Unassigned
Sinoatrial Node;Unassigned
Sinus of Valsalva;Unassigned
Sinus Thrombosis, Intracranial;Unassigned
Sinusitis;Unassigned
Sisomicin;Unassigned
Sister Chromatid Exchange;Unassigned
Sitosterols;Unassigned
4-Acetamido-4'-isothiocyanatostilbene-2,2'-disulfonic Acid;Unassigned
Situs Inversus;Unassigned
Sjogren's Syndrome;Unassigned
Skatole;Unassigned
Skeleton;Unassigned
Skin;Organ
Skin Abnormalities;Unassigned
Skin Absorption;Unassigned
Skin Diseases;Adverse Outcome
Skin Diseases, Vesiculobullous;Unassigned
Skin Diseases, Genetic;Unassigned
Skin Diseases, Infectious;Unassigned
Skin Diseases, Metabolic;Unassigned
Skin Diseases, Parasitic;Unassigned
Skin Manifestations;Unassigned
Skin Neoplasms;Adverse Outcome
Skin Physiological Phenomena;Unassigned
Skin Pigmentation;Unassigned
Skin Temperature;Unassigned
Skin Ulcer;Unassigned
Skinfold Thickness;Unassigned
Skull;Unassigned
Skull Fractures;Unassigned
Skull Neoplasms;Unassigned
Sleep;Unassigned
Sleep Apnea Syndromes;Unassigned
Sleep Deprivation;Unassigned
Sleep Wake Disorders;Unassigned
Sleep Stages;Unassigned
Sleep, REM;Unassigned
Slow Virus Diseases;Unassigned
Autacoids;Unassigned
Smallpox;Unassigned
Smallpox Vaccine;Unassigned
Smegma;Unassigned
Smell;Unassigned
Smog;Unassigned
Smoke;Unassigned
Snake Bites;Unassigned
Snake Venoms;Unassigned
Sneezing;Unassigned
Snoring;Unassigned
Snow;Unassigned
Soaps;Unassigned
Sodium;Unassigned
Sodium Chloride;Unassigned
Sodium Cyanide;Unassigned
Sodium Dodecyl Sulfate;Stressor
Etidronic Acid;Unassigned
Sodium Fluoride;Unassigned
Sodium Glutamate;Unassigned
Gold Sodium Thiosulfate;Stressor
Sodium Hydroxide;Unassigned
Sodium Hypochlorite;Unassigned
Sodium Iodide;Unassigned
Sodium Isotopes;Unassigned
Sodium Morrhuate;Unassigned
Sodium Nitrite;Unassigned
Sodium Oxybate;Unassigned
Sodium Radioisotopes;Unassigned
Sodium Salicylate;Unassigned
Sodium Tetradecyl Sulfate;Unassigned
Sodium, Dietary;Unassigned
Soft Tissue Neoplasms;Unassigned
Soil;Unassigned
Soil Pollutants;Unassigned
Soil Pollutants, Radioactive;Unassigned
Solanaceous Alkaloids;Unassigned
Solanine;Unassigned
Solar Energy;Unassigned
Solubility;Unassigned
Solutions;Unassigned
Solvents;Unassigned
Soman;Unassigned
Somatomedins;Unassigned
Somatosensory Cortex;Unassigned
Somatostatin;Unassigned
Somatostatinoma;Unassigned
Growth Hormone;Unassigned
Growth Hormone-Releasing Hormone;Unassigned
Somatotypes;Unassigned
Somnambulism;Unassigned
Sorbic Acid;Unassigned
Sorbitol;Unassigned
Sorbose;Unassigned
SOS Response, Genetics;Unassigned
Sotalol;Unassigned
Sound;Unassigned
Sound Localization;Unassigned
Soybean Oil;Unassigned
Sparganosis;Unassigned
Sparsomycin;Unassigned
Sparteine;Unassigned
Spasm;Unassigned
Spasms, Infantile;Unassigned
Species Specificity;Unassigned
Specific Gravity;Unassigned
Specific Pathogen-Free Organisms;Unassigned
Spectrin;Unassigned
Speech;Unassigned
Speech Acoustics;Unassigned
Speech Disorders;Unassigned
Speech Intelligibility;Unassigned
Speech Perception;Unassigned
Sperm Agglutination;Unassigned
Sperm Capacitation;Unassigned
Sperm Count;Unassigned
Sperm Head;Unassigned
Sperm Immobilizing Agents;Unassigned
Sperm Maturation;Unassigned
Sperm Motility;Unassigned
Sperm Tail;Unassigned
Sperm Transport;Unassigned
Sperm-Ovum Interactions;Unassigned
Spermatic Cord;Unassigned
Spermatic Cord Torsion;Unassigned
Spermatids;Unassigned
Spermatocele;Unassigned
Spermatocidal Agents;Unassigned
Spermatocytes;Unassigned
Spermatogenesis;Unassigned
Spermatogenesis-Blocking Agents;Unassigned
Spermatogonia;Unassigned
Spermatozoa;Unassigned
Spermidine;Unassigned
Spermine;Unassigned
Spermine Synthase;Unassigned
Sphenoid Bone;Unassigned
Sphenoid Sinus;Unassigned
Spherocytes;Unassigned
Spherocytosis, Hereditary;Unassigned
Spheroplasts;Unassigned
Sphingolipidoses;Unassigned
Sphingolipids;Unassigned
Sphingomyelin Phosphodiesterase;Unassigned
Sphingomyelins;Unassigned
Sphingosine;Unassigned
Spider Venoms;Unassigned
Spin Labels;Unassigned
Spinal Canal;Unassigned
Spinal Cord;Unassigned
Spinal Cord Compression;Unassigned
Spinal Cord Diseases;Unassigned
Spinal Cord Injuries;Unassigned
Spinal Cord Neoplasms;Unassigned
Spinal Curvatures;Unassigned
Spinal Diseases;Unassigned
Spinal Injuries;Unassigned
Spinal Neoplasms;Unassigned
Spinal Nerve Roots;Unassigned
Spinal Nerves;Unassigned
Spinal Osteophytosis;Unassigned
Spinal Stenosis;Unassigned
Spine;Unassigned
Spinocerebellar Degenerations;Unassigned
Spinothalamic Tracts;Unassigned
Spiperone;Unassigned
Spiral Ganglion;Unassigned
Spiral Lamina;Unassigned
Spiro Compounds;Unassigned
Spirochaetales Infections;Unassigned
Spironolactone;Unassigned
Spirostans;Unassigned
Splanchnic Circulation;Unassigned
Splanchnic Nerves;Unassigned
Spleen;Unassigned
Splenic Artery;Unassigned
Splenic Diseases;Unassigned
Splenic Infarction;Unassigned
Splenic Neoplasms;Unassigned
Splenic Rupture;Unassigned
Splenic Vein;Unassigned
Splenomegaly;Unassigned
Spondylitis;Unassigned
Spondylitis, Ankylosing;Unassigned
Spondylolisthesis;Unassigned
Spondylolysis;Unassigned
Spores;Unassigned
Spores, Bacterial;Unassigned
Spores, Fungal;Unassigned
Sporidesmins;Unassigned
Sporotrichosis;Unassigned
Sprains and Strains;Unassigned
Cortical Spreading Depression;Unassigned
Sprue, Tropical;Unassigned
Sputum;Unassigned
5-Amino-3-((5-nitro-2-furyl)vinyl)-1,2,4-oxadiazole;Unassigned
Squalene;Unassigned
Farnesyl-Diphosphate Farnesyltransferase;Unassigned
SRS-A;Unassigned
Stainless Steel;Stressor
Dihydrotestosterone;Unassigned
Stanozolol;Unassigned
Stapedius;Unassigned
Stapes;Unassigned
Staphylococcal Food Poisoning;Unassigned
Staphylococcal Infections;Unassigned
Staphylococcal Protein A;Unassigned
Staphylococcal Scalded Skin Syndrome;Unassigned
Staphylococcal Skin Infections;Unassigned
Staphylococcal Toxoid;Unassigned
Staphylococcal Vaccines;Unassigned
Starch;Unassigned
Starch Synthase;Unassigned
Reflex, Startle;Unassigned
Starvation;Unassigned
Status Asthmaticus;Unassigned
Status Epilepticus;Unassigned
Steam;Unassigned
Stearates;Unassigned
Stearic Acids;Unassigned
Stearoyl-CoA Desaturase;Unassigned
Steatitis;Unassigned
Steel;Unassigned
Stellate Ganglion;Unassigned
Stem Cells;Unassigned
Stereoisomerism;Unassigned
Sterigmatocystin;Unassigned
Sternoclavicular Joint;Unassigned
Sternocostal Joints;Unassigned
Sternum;Unassigned
Steroid Hydroxylases;Unassigned
Steroid Isomerases;Unassigned
Steroid 11-beta-Hydroxylase;Unassigned
Steroid 12-alpha-Hydroxylase;Unassigned
Steroid 17-alpha-Hydroxylase;Unassigned
Steroid 21-Hydroxylase;Unassigned
Steroids;Unassigned
Steroids, Brominated;Unassigned
Steroids, Chlorinated;Unassigned
Steroids, Fluorinated;Unassigned
Steroids, Heterocyclic;Unassigned
Sterols;Unassigned
Stevens-Johnson Syndrome;Unassigned
Stifle;Unassigned
Stigmasterol;Unassigned
Stilbamidines;Unassigned
Stilbenes;Unassigned
Stimulation, Chemical;Unassigned
Stochastic Processes;Unassigned
Stomach;Unassigned
Gastric Dilatation;Unassigned
Stomach Diseases;Unassigned
Diverticulum, Stomach;Unassigned
Stomach Neoplasms;Unassigned
Stomach Rupture;Unassigned
Stomach Ulcer;Unassigned
Stomach Volvulus;Unassigned
Stomach, Avian;Unassigned
Stomach, Ruminant;Unassigned
Stomatitis;Organ
Stomatitis, Aphthous;Unassigned
Stomatitis, Denture;Unassigned
Stomatitis, Herpetic;Unassigned
Stomatognathic System;Unassigned
Strabismus;Unassigned
Illicit Drugs;Unassigned
Streptococcal Infections;Unassigned
Streptodornase and Streptokinase;Unassigned
Streptokinase;Unassigned
Streptolysins;Unassigned
Streptomycin;Unassigned
Streptonigrin;Unassigned
Streptothricins;Unassigned
Streptovaricin;Unassigned
Streptozocin;Unassigned
Stress, Physiological;Unassigned
Stress, Mechanical;Unassigned
Stria Vascularis;Unassigned
Stroke Volume;Unassigned
Strongyle Infections, Equine;Unassigned
Strongyloidiasis;Unassigned
Strontium;Unassigned
Strontium Isotopes;Unassigned
Strontium Radioisotopes;Unassigned
Strophanthidin;Unassigned
Strophanthins;Unassigned
Structure-Activity Relationship;Unassigned
Struma Ovarii;Unassigned
Strychnine;Unassigned
Sturge-Weber Syndrome;Unassigned
Stuttering;Unassigned
Styrenes;Unassigned
Subacute Sclerosing Panencephalitis;Unassigned
Subarachnoid Hemorrhage;Unassigned
Subarachnoid Space;Unassigned
Subcellular Fractions;Unassigned
Subclavian Artery;Unassigned
Subclavian Steal Syndrome;Unassigned
Subclavian Vein;Unassigned
Subcommissural Organ;Unassigned
Subcutaneous Emphysema;Unassigned
Subdural Effusion;Unassigned
Empyema, Subdural;Unassigned
Subdural Space;Unassigned
Subfornical Organ;Unassigned
Sublingual Gland;Unassigned
Sublingual Gland Neoplasms;Unassigned
Submandibular Gland;Unassigned
Submandibular Gland Diseases;Unassigned
Submandibular Gland Neoplasms;Unassigned
Submitochondrial Particles;Unassigned
Submucous Plexus;Unassigned
Subphrenic Abscess;Unassigned
Substance P;Unassigned
Substance Withdrawal Syndrome;Unassigned
Substantia Gelatinosa;Unassigned
Substantia Innominata;Unassigned
Substantia Nigra;Unassigned
Substrate Specificity;Unassigned
Subtalar Joint;Unassigned
Subtilisins;Unassigned
Succinate Cytochrome c Oxidoreductase;Unassigned
Succinate Dehydrogenase;Unassigned
Succinates;Unassigned
Succinic Anhydrides;Unassigned
Succinimides;Unassigned
Succinate-CoA Ligases;Unassigned
Succinylcholine;Unassigned
Sucralfate;Unassigned
Sucrase;Unassigned
Sucrase-Isomaltase Complex;Unassigned
Sucrose;Unassigned
Sudden Infant Death;Unassigned
Sugar Acids;Unassigned
Sugar Alcohol Dehydrogenases;Unassigned
Sugar Alcohols;Unassigned
Sugar Phosphates;Unassigned
Sulbactam;Unassigned
Sulbenicillin;Unassigned
Sulfacetamide;Unassigned
Sulfachlorpyridazine;Unassigned
Sulfadiazine;Unassigned
Sulfadimethoxine;Unassigned
Sulfadoxine;Unassigned
Sulfaguanidine;Unassigned
Sulfalene;Unassigned
Sulfamerazine;Unassigned
Sulfameter;Unassigned
Sulfamethazine;Unassigned
Sulfamethizole;Unassigned
Sulfamethoxazole;Unassigned
Sulfamethoxypyridazine;Unassigned
Sulfamonomethoxine;Unassigned
Sulfamoxole;Unassigned
Sulfanilamides;Unassigned
Sulfanilic Acids;Unassigned
Sulfaphenazole;Unassigned
Sulfapyridine;Unassigned
Sulfaquinoxaline;Unassigned
Sulfatases;Unassigned
Sulfate Adenylyltransferase;Unassigned
Sulfates;Unassigned
Sulfathiazoles;Unassigned
Sulfoglycosphingolipids;Unassigned
Sulfenic Acids;Unassigned
Sulfhemoglobin;Unassigned
Sulfhemoglobinemia;Unassigned
Carbon-Sulfur Lyases;Unassigned
Sulfhydryl Compounds;Unassigned
Sulfhydryl Reagents;Unassigned
Sulfides;Unassigned
Sulfinic Acids;Unassigned
Sulfinpyrazone;Unassigned
Sulfisomidine;Unassigned
Sulfisoxazole;Unassigned
Sulfites;Unassigned
Sulfobromophthalein;Unassigned
Sulfonamides;Unassigned
Sulfones;Unassigned
Sulfonic Acids;Unassigned
Sulfonium Compounds;Unassigned
Sulfonylurea Compounds;Unassigned
Sulfoxides;Unassigned
Sulfur;Unassigned
Sulfur Acids;Unassigned
Sulfur Compounds;Unassigned
Sulfur Dioxide;Unassigned
Sulfur Hexafluoride;Unassigned
Sulfur Isotopes;Unassigned
Sulfur Oxides;Unassigned
Sulfur Radioisotopes;Unassigned
Sulfuric Acid Esters;Unassigned
Sulfuric Acids;Unassigned
Sulfurtransferases;Unassigned
Sulindac;Unassigned
Suloctidil;Unassigned
Sulpiride;Unassigned
Sunburn;Unassigned
Sunlight;Stressor
Sunscreening Agents;Stressor
Sunstroke;Unassigned
Superfetation;Unassigned
Superior Colliculi;Unassigned
Superior Mesenteric Artery Syndrome;Unassigned
Superior Vena Cava Syndrome;Unassigned
Superovulation;Unassigned
Superoxides;Unassigned
Superoxide Dismutase;Unassigned
Supination;Unassigned
Suppositories;Unassigned
Suppression, Genetic;Unassigned
Suppressor Factors, Immunologic;Unassigned
Suppuration;Unassigned
Suprachiasmatic Nucleus;Unassigned
Supranuclear Palsy, Progressive;Unassigned
Supraoptic Nucleus;Unassigned
Suprofen;Unassigned
Sural Nerve;Unassigned
Suramin;Unassigned
Surface Properties;Unassigned
Surface Tension;Unassigned
Surface-Active Agents;Stressor
Surgical Flaps;Unassigned
Surgical Wound Dehiscence;Unassigned
Surgical Wound Infection;Unassigned
Suspensions;Unassigned
Swayback;Unassigned
Sweat;Unassigned
Sweat Gland Diseases;Unassigned
Sweat Gland Neoplasms;Unassigned
Sweat Glands;Unassigned
Sweating;Unassigned
Sweating, Gustatory;Unassigned
Sweetening Agents;Unassigned
Swimming;Unassigned
Swine Diseases;Unassigned
Swine Erysipelas;Unassigned
Swine Vesicular Disease;Unassigned
Sydnones;Unassigned
Symbiosis;Unassigned
Sympathetic Nervous System;Unassigned
Sympatholytics;Unassigned
Sympathomimetics;Unassigned
Pathological Conditions, Signs and Symptoms;Unassigned
Synapses;Unassigned
Synaptic Membranes;Unassigned
Synaptic Vesicles;Unassigned
Synaptonemal Complex;Unassigned
Synaptosomes;Unassigned
Syncope;Unassigned
Syndactyly;Unassigned
Syndrome;Unassigned
Synephrine;Unassigned
Synostosis;Unassigned
Synovial Cyst;Unassigned
Synovial Fluid;Unassigned
Synovial Membrane;Unassigned
Sarcoma, Synovial;Unassigned
Synovitis;Unassigned
Synovitis, Pigmented Villonodular;Unassigned
Syphilis;Unassigned
Syphilis, Cardiovascular;Unassigned
Syphilis, Congenital;Unassigned
Syphilis, Cutaneous;Unassigned
Syphilis, Latent;Unassigned
Syringomyelia;Unassigned
Systole;Unassigned
T-Lymphocytes;Cellular
T-Lymphocytes, Cytotoxic;Unassigned
T-2 Toxin;Unassigned
Tabes Dorsalis;Unassigned
Tablets;Unassigned
Tablets, Enteric-Coated;Unassigned
Tachycardia;Unassigned
Tachycardia, Atrioventricular Nodal Reentry;Unassigned
Tachycardia, Ectopic Atrial;Unassigned
Tachycardia, Ectopic Junctional;Unassigned
Tachycardia, Paroxysmal;Unassigned
Tachycardia, Sinoatrial Nodal Reentry;Unassigned
Tachycardia, Sinus;Unassigned
Tachycardia, Supraventricular;Unassigned
Tachyphylaxis;Unassigned
Tacrine;Unassigned
Taeniasis;Unassigned
Tail;Unassigned
Takayasu Arteritis;Unassigned
Talampicillin;Unassigned
Talc;Unassigned
Talus;Unassigned
Tamoxifen;Unassigned
Tangier Disease;Unassigned
Tannins;Unassigned
Tantalum;Unassigned
Tars;Stressor
Tarsal Bones;Unassigned
Tarsal Joints;Unassigned
Tarsal Tunnel Syndrome;Unassigned
Tarsus, Animal;Unassigned
Tartrates;Unassigned
Tartrazine;Unassigned
Tartronates;Unassigned
Taste;Unassigned
Taste Buds;Unassigned
Taste Disorders;Unassigned
Taste Threshold;Unassigned
Taurine;Unassigned
Taurochenodeoxycholic Acid;Unassigned
Taurocholic Acid;Unassigned
Taurodeoxycholic Acid;Unassigned
Taurolithocholic Acid;Unassigned
Tay-Sachs Disease;Unassigned
Tea;Unassigned
Tear Gases;Unassigned
Tears;Unassigned
Technetium;Unassigned
Technetium Tc 99m Aggregated Albumin;Unassigned
Technetium Tc 99m Medronate;Unassigned
Sodium Pertechnetate Tc 99m;Unassigned
Technetium Tc 99m Sulfur Colloid;Unassigned
Tectorial Membrane;Unassigned
Tegmentum Mesencephali;Unassigned
Teichoic Acids;Unassigned
Telangiectasia, Hereditary Hemorrhagic;Unassigned
Telangiectasis;Unassigned
Telencephalon;Unassigned
Tellurium;Unassigned
Telophase;Unassigned
Temazepam;Unassigned
Temperature;Unassigned
Thermosensing;Unassigned
Templates, Genetic;Unassigned
Temporal Arteries;Unassigned
Giant Cell Arteritis;Unassigned
Temporal Bone;Unassigned
Temporal Lobe;Unassigned
Temporal Muscle;Unassigned
Temporomandibular Joint;Unassigned
Temporomandibular Joint Disorders;Unassigned
Temporomandibular Joint Dysfunction Syndrome;Unassigned
Tendon Injuries;Unassigned
Tendons;Unassigned
Teniposide;Unassigned
Tennis Elbow;Unassigned
Tenosynovitis;Unassigned
Tensile Strength;Unassigned
Tensor Tympani;Unassigned
Tenuazonic Acid;Unassigned
Triethylenephosphoramide;Unassigned
Teprotide;Unassigned
Teratogens;Unassigned
Teratoma;Unassigned
Terbium;Unassigned
Terbutaline;Unassigned
Terminator Regions, Genetic;Unassigned
Terpenes;Stressor
Terphenyl Compounds;Unassigned
Testicular Diseases;Unassigned
Androgen-Insensitivity Syndrome;Unassigned
Testicular Hormones;Unassigned
Testicular Neoplasms;Unassigned
Testis;Unassigned
Testolactone;Unassigned
Testosterone;Unassigned
3-Oxo-5-alpha-Steroid 4-Dehydrogenase;Unassigned
Tetanus;Unassigned
Tetanus Antitoxin;Unassigned
Tetanus Toxin;Unassigned
Tetanus Toxoid;Unassigned
Tetany;Unassigned
Tetrabenazine;Unassigned
Tetracaine;Stressor
Tetrachloroethylene;Unassigned
Tetrachlorvinphos;Unassigned
Tetracycline;Unassigned
Tetracycline Resistance;Unassigned
Tetracyclines;Unassigned
Tetradecanoylphorbol Acetate;Unassigned
Tetraethyl Lead;Unassigned
Tetraethylammonium Compounds;Unassigned
Tetragastrin;Unassigned
Dronabinol;Unassigned
Tetrahydrocortisol;Unassigned
Tetrahydrocortisone;Unassigned
Tetrahydrofolate Dehydrogenase;Unassigned
Tetrahydrofolates;Unassigned
Tetrahydronaphthalenes;Unassigned
Tetrahydropapaveroline;Unassigned
5-Methyltetrahydrofolate-Homocysteine S-Methyltransferase;Unassigned
Tetrahydrouridine;Unassigned
Tetraisopropylpyrophosphamide;Unassigned
Tetralogy of Fallot;Unassigned
Tetramethylphenylenediamine;Unassigned
Tetramisole;Unassigned
Tetranitromethane;Unassigned
Tetraphenylborate;Unassigned
Tetrathionic Acid;Unassigned
Tetrazoles;Unassigned
Tetrazolium Salts;Unassigned
Tetrodotoxin;Unassigned
Tetroses;Unassigned
Thalamic Diseases;Unassigned
Thalamic Nuclei;Unassigned
Thalamus;Unassigned
Thalassemia;Unassigned
Thalidomide;Unassigned
Thallium;Unassigned
Thallium Radioisotopes;Unassigned
Thanatophoric Dysplasia;Unassigned
Thebaine;Unassigned
Thecoma;Unassigned
Theca Cells;Unassigned
Theileriasis;Unassigned
Thenoyltrifluoroacetone;Unassigned
Theobromine;Unassigned
Theophylline;Unassigned
Therapeutic Equivalency;Unassigned
Thermal Conductivity;Unassigned
Thermodynamics;Unassigned
Thermolysin;Unassigned
Thermoreceptors;Unassigned
Theta Rhythm;Unassigned
Thiabendazole;Unassigned
Thioacetazone;Unassigned
Thiadiazines;Unassigned
Thiadiazoles;Unassigned
Thiamine;Unassigned
Thiamine Deficiency;Unassigned
Thiamine Monophosphate;Unassigned
Thiamine Pyrophosphatase;Unassigned
Thiamine Pyrophosphate;Unassigned
Thiamin Pyrophosphokinase;Unassigned
Thiamin-Triphosphatase;Unassigned
Thiamine Triphosphate;Unassigned
Thiamphenicol;Unassigned
Thiamylal;Unassigned
Thiazepines;Unassigned
Thiazines;Unassigned
Thiazoles;Molecular
Thienamycins;Unassigned
Thiepins;Unassigned
Thiethylperazine;Unassigned
Thigh;Unassigned
Thimerosal;Stressor
Thinness;Unassigned
Thiotepa;Unassigned
Thioacetamide;Unassigned
Thioamides;Unassigned
Thiobarbiturates;Unassigned
Thiocarbamates;Unassigned
Thiocholine;Unassigned
Thiocyanates;Unassigned
Thiogalactosides;Unassigned
Thioglucosides;Unassigned
Thioglycolates;Unassigned
Thioglycosides;Unassigned
Thioguanine;Unassigned
Thiohydantoins;Unassigned
Thioinosine;Unassigned
Thiolester Hydrolases;Unassigned
Thiomalates;Unassigned
Thiones;Unassigned
Thionucleosides;Unassigned
Thionucleotides;Unassigned
Thiopental;Unassigned
Thiophanate;Unassigned
Thiophenes;Unassigned
Thioredoxins;Unassigned
Thioredoxin-Disulfide Reductase;Unassigned
Thioridazine;Unassigned
Thiosemicarbazones;Unassigned
Thiostrepton;Unassigned
Thiosulfate Sulfurtransferase;Unassigned
Thiosulfates;Unassigned
Thiosulfonic Acids;Unassigned
Thiothixene;Unassigned
Thiouracil;Unassigned
Thiourea;Stressor
Thiouridine;Unassigned
Thioxanthenes;Unassigned
Thiram;Stressor
Thoracic Arteries;Unassigned
Thoracic Diseases;Unassigned
Thoracic Duct;Unassigned
Thoracic Injuries;Unassigned
Thoracic Neoplasms;Unassigned
Thoracic Nerves;Unassigned
Thoracic Outlet Syndrome;Unassigned
Thoracic Vertebrae;Unassigned
Thorax;Unassigned
Thorium;Unassigned
Thorium Dioxide;Unassigned
Threonine;Unassigned
Threonine Dehydratase;Unassigned
Threonine-tRNA Ligase;Unassigned
Thrombasthenia;Unassigned
Thrombin;Unassigned
Thrombin Time;Unassigned
Thromboangiitis Obliterans;Unassigned
Thrombocythemia, Essential;Unassigned
Thrombocytopenia;Unassigned
Thrombocytosis;Unassigned
Thromboembolism;Unassigned
Thrombophlebitis;Unassigned
Thromboplastin;Unassigned
Thrombopoietin;Unassigned
Thrombosis;Unassigned
Thromboxane A2;Unassigned
Thromboxane B2;Unassigned
Thromboxane-A Synthase;Unassigned
Thromboxanes;Unassigned
Thulium;Unassigned
Thumb;Unassigned
Thymic Factor, Circulating;Unassigned
Thymidine;Unassigned
Thymidine Kinase;Unassigned
Thymidine Monophosphate;Unassigned
Thymidine Phosphorylase;Unassigned
Thymidylate Synthase;Unassigned
Thymine;Unassigned
Thymine Nucleotides;Unassigned
Thymol;Unassigned
Thymolphthalein;Unassigned
Thymoma;Unassigned
Thymopoietins;Unassigned
Thymosin;Unassigned
Moxisylyte;Unassigned
Thymus Extracts;Unassigned
Thymus Gland;Unassigned
Thymus Hormones;Unassigned
Thymus Hyperplasia;Unassigned
Thymus Neoplasms;Unassigned
Thyroglobulin;Unassigned
Thyroglossal Cyst;Unassigned
Antithyroid Agents;Unassigned
Thyroid Cartilage;Unassigned
Thyroid Crisis;Unassigned
Thyroid Diseases;Unassigned
Thyroid Gland;Unassigned
Thyroid (USP);Unassigned
Thyroid Hormones;Unassigned
Thyroid Neoplasms;Unassigned
Thyroiditis;Unassigned
Thyroiditis, Autoimmune;Unassigned
Thyroiditis, Subacute;Unassigned
Thyroiditis, Suppurative;Unassigned
Thyronines;Unassigned
Thyrotoxicosis;Unassigned
Thyrotropin;Unassigned
Thyrotropin-Releasing Hormone;Unassigned
Thyroxine;Unassigned
Thyroxine-Binding Proteins;Unassigned
Tiapamil Hydrochloride;Unassigned
Tibia;Unassigned
Tibial Fractures;Unassigned
Tibial Nerve;Unassigned
Tic Disorders;Unassigned
Ticarcillin;Unassigned
Tick Infestations;Unassigned
Tick Paralysis;Unassigned
Tick Toxicoses;Unassigned
Ticlopidine;Unassigned
Ticrynafen;Unassigned
Tidal Volume;Unassigned
Tietze's Syndrome;Unassigned
Tiletamine;Unassigned
Tilidine;Unassigned
Tilorone;Unassigned
Time;Unassigned
Time Factors;Uncategorized
Timolol;Stressor
Tin;Unassigned
Tin Fluorides;Unassigned
Tin Polyphosphates;Unassigned
Tin Radioisotopes;Unassigned
Tinea;Unassigned
Tinea Capitis;Unassigned
Tinea Favosa;Unassigned
Tinea Pedis;Unassigned
Onychomycosis;Unassigned
Tinea Versicolor;Unassigned
Tinidazole;Unassigned
Tinnitus;Unassigned
1,2-Dihydroxybenzene-3,5-Disulfonic Acid Disodium Salt;Unassigned
Tissue Adhesives;Unassigned
Tissue Distribution;Unassigned
Tissue Extracts;Unassigned
Tissue Survival;Unassigned
Tissues;Unassigned
Titanium;Unassigned
Tobacco Smoke Pollution;Unassigned
Tobacco Use Disorder;Unassigned
Tobramycin;Unassigned
Todralazine;Unassigned
Toe Joint;Unassigned
Toes;Unassigned
Togaviridae Infections;Unassigned
Tolazamide;Unassigned
Tolazoline;Unassigned
Tolbutamide;Unassigned
Tolmetin;Unassigned
Tolnaftate;Unassigned
Tolonium Chloride;Unassigned
Tolperisone;Unassigned
Toluene;Unassigned
Toluene 2,4-Diisocyanate;Unassigned
Toluidines;Unassigned
Tomatine;Unassigned
Tongue;Unassigned
Tongue Diseases;Unassigned
Tongue Neoplasms;Unassigned
Tongue, Fissured;Unassigned
Tongue, Hairy;Unassigned
Palatine Tonsil;Unassigned
Tonsillar Neoplasms;Unassigned
Tonsillitis;Unassigned
Tooth;Unassigned
Tooth Abnormalities;Unassigned
Tooth Abrasion;Unassigned
Tooth Calcification;Unassigned
Tooth Discoloration;Unassigned
Tooth Diseases;Unassigned
Tooth Erosion;Unassigned
Tooth Eruption;Unassigned
Tooth Eruption, Ectopic;Unassigned
Tooth Exfoliation;Unassigned
Tooth Fractures;Unassigned
Tooth Germ;Unassigned
Tooth Avulsion;Unassigned
Tooth Migration;Unassigned
Tooth Mobility;Unassigned
Tooth Permeability;Unassigned
Tooth Resorption;Unassigned
Tooth Root;Unassigned
Tooth, Deciduous;Unassigned
Tooth, Impacted;Unassigned
Tooth, Supernumerary;Unassigned
Tooth, Unerupted;Unassigned
Toothache;Unassigned
Toothpastes;Stressor
Torsion Abnormality;Unassigned
Torticollis;Unassigned
Tosyl Compounds;Unassigned
Tosylarginine Methyl Ester;Unassigned
Tosyllysine Chloromethyl Ketone;Unassigned
Tosylphenylalanyl Chloromethyl Ketone;Unassigned
Total Lung Capacity;Unassigned
Touch;Unassigned
Toxaphene;Unassigned
Toxemia;Unassigned
Toxiferine;Unassigned
Toxins, Biological;Unassigned
Toxocariasis;Unassigned
Toxoids;Unassigned
Toxoplasmosis;Unassigned
Toxoplasmosis, Animal;Unassigned
Toxoplasmosis, Congenital;Unassigned
Toxoplasmosis, Ocular;Unassigned
Toyocamycin;Unassigned
Chromomycin A3;Unassigned
Trabecular Meshwork;Unassigned
Trace Elements;Molecular
Trachea;Unassigned
Tracheal Diseases;Unassigned
Tracheal Neoplasms;Unassigned
Tracheal Stenosis;Unassigned
Tracheitis;Unassigned
Tracheobronchomegaly;Unassigned
Tracheoesophageal Fistula;Unassigned
Trachoma;Unassigned
Tragacanth;Unassigned
Tramadol;Unassigned
Tranexamic Acid;Unassigned
Tranquilizing Agents;Unassigned
Antipsychotic Agents;Unassigned
Anti-Anxiety Agents;Unassigned
Transaldolase;Unassigned
Transcobalamins;Unassigned
Transcortin;Unassigned
Transcription Factors;Unassigned
Transcription, Genetic;Unassigned
Transduction, Genetic;Unassigned
Transfection;Unassigned
Transfer Factor;Unassigned
Transferases;Unassigned
Transferrin;Unassigned
Transformation, Bacterial;Unassigned
Transformation, Genetic;Unassigned
Transketolase;Unassigned
Protein Biosynthesis;Unassigned
Translocation, Genetic;Unassigned
Neurotransmitter Uptake Inhibitors;Unassigned
Transplantation Immunology;Unassigned
Transposition of Great Vessels;Unassigned
Tranylcypromine;Unassigned
Trapidil;Unassigned
Trazodone;Unassigned
Trehalase;Unassigned
Trehalose;Unassigned
Trematode Infections;Unassigned
Tremor;Unassigned
Tremorine;Unassigned
Trenbolone Acetate;Unassigned
Trench Fever;Unassigned
Treponemal Infections;Unassigned
Tretinoin;Unassigned
Tretoquinol;Unassigned
Triallate;Unassigned
Triacetin;Unassigned
Triacetoneamine-N-Oxyl;Unassigned
Troleandomycin;Unassigned
Trial of Labor;Unassigned
Trialkyltin Compounds;Unassigned
Triamcinolone;Unassigned
Triamcinolone Acetonide;Unassigned
Triamterene;Unassigned
Triazenes;Unassigned
Triazines;Stressor
Triaziquone;Unassigned
Triazolam;Unassigned
Triazoles;Unassigned
Tricarboxylic Acids;Unassigned
Trichinellosis;Unassigned
Trichlorfon;Unassigned
Trichlormethiazide;Unassigned
Trichloroacetic Acid;Unassigned
Trichloroepoxypropane;Unassigned
Trichloroethanes;Unassigned
Trichloroethylene;Unassigned
Trichodermin;Unassigned
Trichomonas Infections;Unassigned
Trichomonas Vaginitis;Unassigned
Trichophytin;Unassigned
Trichostrongyloidiasis;Unassigned
Trichostrongylosis;Unassigned
Trichothecenes;Unassigned
Trichuriasis;Unassigned
Triclosan;Unassigned
Tricuspid Valve;Unassigned
Tricuspid Valve Insufficiency;Unassigned
Tricuspid Valve Prolapse;Unassigned
Tricuspid Valve Stenosis;Unassigned
Triethylenemelamine;Unassigned
Trientine;Unassigned
Triethyltin Compounds;Unassigned
Trifluoperazine;Unassigned
Trifluoroacetic Acid;Unassigned
Trifluoroethanol;Unassigned
Trifluridine;Unassigned
Trifluperidol;Unassigned
Triflupromazine;Unassigned
Trifluralin;Unassigned
Trigeminal Caudal Nucleus;Unassigned
Trigeminal Nerve;Unassigned
Trigeminal Neuralgia;Unassigned
Trigeminal Nuclei;Unassigned
Trigeminal Nucleus, Spinal;Unassigned
Triglycerides;Unassigned
Trihexosylceramides;Unassigned
Trihexyphenidyl;Unassigned
Triiodobenzoic Acids;Unassigned
Triiodothyronine;Unassigned
Triiodothyronine, Reverse;Unassigned
Trilogy of Fallot;Unassigned
Trimebutine;Unassigned
Trimecaine;Unassigned
Trimedoxime;Unassigned
Metipranolol;Unassigned
Trimeprazine;Unassigned
Trimetazidine;Unassigned
Trimethadione;Unassigned
Trimethaphan;Unassigned
Trimethoprim;Unassigned
Trimethoprim Resistance;Unassigned
Trimethylsilyl Compounds;Unassigned
Trimethyltin Compounds;Unassigned
Trimipramine;Unassigned
Trinitrobenzenes;Unassigned
Trinitrobenzenesulfonic Acid;Unassigned
Trinitrotoluene;Unassigned
Triolein;Unassigned
Triose-Phosphate Isomerase;Unassigned
Trioses;Unassigned
Trioxsalen;Unassigned
Triparanol;Unassigned
Tripelennamine;Unassigned
Triprolidine;Unassigned
Trisaccharides;Unassigned
Trismus;Unassigned
Trisomy;Unassigned
Triterpenes;Unassigned
Tritium;Unassigned
Tritolyl Phosphates;Unassigned
Triphenylmethyl Compounds;Unassigned
Trochlear Nerve;Unassigned
Trombiculiasis;Unassigned
Tromethamine;Unassigned
Tropanes;Unassigned
Trophoblasts;Unassigned
Trophoblastic Neoplasms;Unassigned
Tropical Climate;Unassigned
Tropicamide;Unassigned
Tropocollagen;Unassigned
Tropoelastin;Unassigned
Tropolone;Unassigned
Tropomyosin;Unassigned
Troponin;Unassigned
Truncus Arteriosus;Unassigned
Truncus Arteriosus, Persistent;Unassigned
Trypan Blue;Unassigned
Trypanocidal Agents;Unassigned
Trypanosomiasis;Unassigned
Trypanosomiasis, African;Unassigned
Trypanosomiasis, Bovine;Unassigned
Chagas Disease;Unassigned
Trypsin;Unassigned
Trypsin Inhibitor, Bowman-Birk Soybean;Unassigned
Trypsin Inhibitor, Kazal Pancreatic;Unassigned
Trypsin Inhibitor, Kunitz Soybean;Unassigned
Trypsin Inhibitors;Unassigned
Trypsinogen;Unassigned
Tryptamines;Unassigned
Tryptophan;Unassigned
Tryptophan Hydroxylase;Unassigned
Tryptophan Oxygenase;Unassigned
Tryptophan Synthase;Unassigned
Tryptophanase;Unassigned
Tryptophan-tRNA Ligase;Unassigned
Tuber Cinereum;Unassigned
Tubercidin;Unassigned
Tuberculin;Unassigned
Tuberculoma;Unassigned
Tuberculosis;Unassigned
Tuberculosis, Avian;Unassigned
Tuberculosis, Bovine;Unassigned
Tuberculosis, Cardiovascular;Unassigned
Tuberculosis, Cutaneous;Unassigned
Tuberculosis, Endocrine;Unassigned
Tuberculosis, Female Genital;Unassigned
Tuberculosis, Gastrointestinal;Unassigned
Tuberculosis, Hepatic;Unassigned
Tuberculosis, Laryngeal;Unassigned
Tuberculosis, Lymph Node;Unassigned
Tuberculosis, Male Genital;Unassigned
Tuberculosis, Meningeal;Unassigned
Tuberculosis, Miliary;Unassigned
Tuberculosis, Ocular;Unassigned
Tuberculosis, Oral;Unassigned
Tuberculosis, Osteoarticular;Unassigned
Peritonitis, Tuberculous;Unassigned
Tuberculosis, Pleural;Unassigned
Tuberculosis, Pulmonary;Unassigned
Tuberculosis, Renal;Unassigned
Tuberculosis, Spinal;Unassigned
Tuberculosis, Splenic;Unassigned
Tuberculosis, Urogenital;Unassigned
Tuberous Sclerosis;Unassigned
Tubocurarine;Unassigned
Tubulin;Unassigned
Tuftsin;Unassigned
Tularemia;Unassigned
Tumor Cells, Cultured;Unassigned
Biomarkers, Tumor;Unassigned
Tumor Necrosis Factor-alpha;Unassigned
Neoplastic Stem Cells;Unassigned
Tumor Virus Infections;Unassigned
Tungsten;Unassigned
Tunicamycin;Unassigned
Turbinates;Unassigned
Turner Syndrome;Unassigned
Turpentine;Unassigned
Twins, Conjoined;Unassigned
Tympanic Membrane;Unassigned
Typhoid Fever;Unassigned
Typhoid-Paratyphoid Vaccines;Unassigned
Typhus, Endemic Flea-Borne;Unassigned
Typhus, Epidemic Louse-Borne;Unassigned
Tyramine;Unassigned
Tyrocidine;Unassigned
Tyropanoate;Unassigned
Monophenol Monooxygenase;Unassigned
Tyrosine;Unassigned
Tyrosine Transaminase;Unassigned
Tyrosine Decarboxylase;Unassigned
Tyrosine 3-Monooxygenase;Unassigned
Tyrosine Phenol-Lyase;Unassigned
Tyrosine-tRNA Ligase;Unassigned
Tyrothricin;Unassigned
Electron Transport Complex III;Unassigned
Ubiquinone;Unassigned
Ubiquitins;Unassigned
Glucuronosyltransferase;Unassigned
Ulcer;Unassigned
Ulna;Unassigned
Ulna Fractures;Unassigned
Ulnar Nerve;Unassigned
Ultimobranchial Body;Unassigned
Ultrafiltration;Unassigned
Ultraviolet Rays;Stressor
Umbelliferones;Unassigned
Umbilical Arteries;Unassigned
Umbilical Cord;Unassigned
Umbilical Veins;Unassigned
Umbilicus;Unassigned
Unconsciousness;Unassigned
Uncoupling Agents;Unassigned
Undecylenic Acids;Unassigned
Unithiol;Unassigned
Urachal Cyst;Unassigned
Urachus;Unassigned
Uracil;Unassigned
Uracil Mustard;Unassigned
Uracil Nucleotides;Unassigned
Uranium;Unassigned
Uranyl Nitrate;Unassigned
Urate Oxidase;Unassigned
Urea;Molecular
Urease;Unassigned
Uremia;Unassigned
Ureohydrolases;Unassigned
Ureter;Unassigned
Ureteral Calculi;Unassigned
Ureteral Diseases;Unassigned
Ureteral Neoplasms;Unassigned
Ureteral Obstruction;Unassigned
Ureterocele;Unassigned
Urethane;Unassigned
Urethra;Unassigned
Urethral Diseases;Unassigned
Urethral Neoplasms;Unassigned
Urethral Obstruction;Unassigned
Urethral Stricture;Unassigned
Urethritis;Unassigned
Uric Acid;Unassigned
Uricosuric Agents;Unassigned
Uridine;Unassigned
Uridine Diphosphate;Unassigned
Uridine Diphosphate Galactose;Unassigned
Uridine Diphosphate Glucose;Unassigned
Uridine Diphosphate Glucose Dehydrogenase;Unassigned
UDPglucose 4-Epimerase;Unassigned
Uridine Diphosphate Glucuronic Acid;Unassigned
Uridine Diphosphate N-Acetylgalactosamine;Unassigned
Uridine Diphosphate N-Acetylglucosamine;Unassigned
Uridine Diphosphate N-Acetylmuramic Acid;Unassigned
Uridine Diphosphate Sugars;Unassigned
Uridine Diphosphate Xylose;Unassigned
Uridine Kinase;Unassigned
Uridine Monophosphate;Unassigned
Uridine Phosphorylase;Unassigned
Uridine Triphosphate;Unassigned
Urinary Calculi;Unassigned
Urinary Fistula;Unassigned
Urinary Incontinence;Unassigned
Urinary Incontinence, Stress;Unassigned
Urinary Tract;Unassigned
Urinary Tract Infections;Unassigned
Urinary Tract Physiological Phenomena;Unassigned
Urination;Unassigned
Urination Disorders;Unassigned
Urine;Unassigned
Urobilin;Unassigned
Urobilinogen;Unassigned
Urocanate Hydratase;Unassigned
Urocanic Acid;Unassigned
Urodynamics;Unassigned
Urogenital Abnormalities;Unassigned
Urogenital Neoplasms;Unassigned
Urogenital System;Unassigned
Urokinase-Type Plasminogen Activator;Unassigned
Urologic Diseases;Unassigned
Urologic Neoplasms;Unassigned
Uronic Acids;Unassigned
Uroporphyrinogen Decarboxylase;Unassigned
Uroporphyrinogen III Synthetase;Unassigned
Uroporphyrinogens;Unassigned
Uroporphyrins;Unassigned
Urotensins;Unassigned
Ursodeoxycholic Acid;Unassigned
Urticaria;Tissue
Urticaria Pigmentosa;Unassigned
Uterine Contraction;Unassigned
Uterine Diseases;Unassigned
Uterine Hemorrhage;Unassigned
Uterine Inertia;Unassigned
Uterine Neoplasms;Unassigned
Uterine Perforation;Unassigned
Uterine Prolapse;Unassigned
Uterine Rupture;Unassigned
Uteroglobin;Unassigned
Uterus;Unassigned
Uvea;Unassigned
Uveal Diseases;Unassigned
Uveal Neoplasms;Unassigned
Uveitis;Unassigned
Uveitis, Anterior;Unassigned
Uveomeningoencephalitic Syndrome;Unassigned
Uveoparotid Fever;Unassigned
Uvula;Unassigned
Vaccines;Unassigned
Vaccines, Attenuated;Unassigned
Vaccines, Synthetic;Unassigned
Vaccinia;Unassigned
Vacuoles;Unassigned
Vacuum;Unassigned
Vagina;Unassigned
Vaginal Creams, Foams, and Jellies;Unassigned
Vaginal Diseases;Unassigned
Vaginal Fistula;Unassigned
Vaginal Neoplasms;Unassigned
Vaginitis;Unassigned
Vagus Nerve;Unassigned
Valerates;Unassigned
Valine;Unassigned
Valinomycin;Unassigned
Valproic Acid;Unassigned
Valsalva Maneuver;Unassigned
Valine-tRNA Ligase;Unassigned
Vanadates;Unassigned
Vanadium;Unassigned
Vancomycin;Unassigned
Vanillic Acid;Unassigned
Vanilmandelic Acid;Unassigned
Variant Surface Glycoproteins, Trypanosoma;Unassigned
Genetic Variation;Unassigned
Varicocele;Unassigned
Varicose Ulcer;Unassigned
Varicose Veins;Unassigned
Vas Deferens;Unassigned
Vasa Nervorum;Unassigned
Vasa Vasorum;Unassigned
Vascular Diseases;Unassigned
Vascular Headaches;Unassigned
Vascular Patency;Unassigned
Vascular Resistance;Unassigned
Vasculitis;Unassigned
Vasoactive Intestinal Peptide;Unassigned
Vasoconstriction;Unassigned
Vasoconstrictor Agents;Unassigned
Nasal Decongestants;Unassigned
Vasodilation;Unassigned
Vasodilator Agents;Unassigned
Vasomotor System;Unassigned
Vasopressins;Unassigned
Vasotocin;Unassigned
Ampulla of Vater;Unassigned
Vecuronium Bromide;Unassigned
Plant Proteins, Dietary;Unassigned
Vegetables;Unassigned
Diet, Vegetarian;Unassigned
Pharmaceutical Vehicles;Unassigned
Veins;Unassigned
Velopharyngeal Insufficiency;Unassigned
Vena Cava, Inferior;Unassigned
Vena Cava, Superior;Unassigned
Venae Cavae;Unassigned
Venereal Tumors, Veterinary;Unassigned
Venoms;Unassigned
Venous Insufficiency;Unassigned
Venous Pressure;Unassigned
Ventilation-Perfusion Ratio;Unassigned
Ventricular Fibrillation;Unassigned
Ventricular Outflow Obstruction;Unassigned
Ventromedial Hypothalamic Nucleus;Unassigned
Venturicidins;Unassigned
Venules;Unassigned
Verapamil;Unassigned
Veratridine;Unassigned
Veratrine;Unassigned
Veratrum Alkaloids;Unassigned
Vernix Caseosa;Unassigned
Vero Cells;Unassigned
Vertebral Artery;Unassigned
Vertebrobasilar Insufficiency;Unassigned
Vertigo;Unassigned
Vesico-Ureteral Reflux;Unassigned
Vesicovaginal Fistula;Unassigned
Vesicular Exanthema of Swine;Unassigned
Vestibule, Labyrinth;Unassigned
Vestibular Aqueduct;Unassigned
Vestibular Nerve;Unassigned
Vestibular Nuclei;Unassigned
Vibration;Unassigned
Vibrio Infections;Unassigned
Vibrissae;Unassigned
Vidarabine;Unassigned
Viloxazine;Unassigned
Vimentin;Unassigned
Vinblastine;Unassigned
Vinca Alkaloids;Unassigned
Vincamine;Unassigned
Vincristine;Unassigned
Vindesine;Unassigned
Vinyl Chloride;Unassigned
Vinyl Compounds;Unassigned
Viologens;Unassigned
Viomycin;Unassigned
Viper Venoms;Unassigned
Viral Core Proteins;Unassigned
Viral Envelope Proteins;Unassigned
Viral Fusion Proteins;Unassigned
Viral Hepatitis Vaccines;Unassigned
Viral Interference;Unassigned
Viral Matrix Proteins;Unassigned
Viral Proteins;Unassigned
Viral Vaccines;Unassigned
Viremia;Unassigned
Virginiamycin;Unassigned
Virilism;Unassigned
Virion;Unassigned
Virulence;Unassigned
Virus Activation;Unassigned
Virus Diseases;Unassigned
Virus Replication;Unassigned
Viscera;Unassigned
Visceral Prolapse;Unassigned
Viscosity;Unassigned
Vision, Ocular;Unassigned
Vision Disorders;Unassigned
Vision, Entoptic;Unassigned
Visual Acuity;Unassigned
Visual Cortex;Unassigned
Visual Fields;Unassigned
Visual Pathways;Unassigned
Vital Capacity;Unassigned
Vitallium;Unassigned
Vitamin A;Unassigned
Vitamin A Deficiency;Unassigned
Vitamin B Complex;Unassigned
Vitamin B Deficiency;Unassigned
Vitamin B 12;Unassigned
Vitamin B 12 Deficiency;Unassigned
Vitamin D;Unassigned
Vitamin D Deficiency;Unassigned
Vitamin D-Binding Protein;Unassigned
Vitamin E;Unassigned
Vitamin E Deficiency;Unassigned
Vitamin K;Unassigned
Vitamin K Deficiency;Unassigned
Vitamin U;Unassigned
Vitamins;Unassigned
Vitelline Duct;Unassigned
Vitelline Membrane;Unassigned
Vitellogenesis;Unassigned
Vitellogenins;Unassigned
Vitiligo;Unassigned
Vitreous Body;Unassigned
Vitreous Hemorrhage;Unassigned
Vocal Cord Paralysis;Unassigned
Vocal Cords;Unassigned
Voice;Unassigned
Voice Disorders;Unassigned
Voice Quality;Unassigned
Volatilization;Unassigned
Vomiting;Unassigned
Vomiting, Anticipatory;Unassigned
von Willebrand Factor;Unassigned
von Willebrand Diseases;Unassigned
Vulva;Unassigned
Vulvar Diseases;Unassigned
Vulvar Neoplasms;Unassigned
Vulvitis;Unassigned
Vulvovaginitis;Unassigned
Waardenburg Syndrome;Unassigned
Wakefulness;Unassigned
Lateral Medullary Syndrome;Unassigned
Wallerian Degeneration;Unassigned
Warfarin;Unassigned
Warts;Unassigned
Wasp Venoms;Unassigned
Waste Products;Unassigned
Water;Unassigned
Water Intoxication;Unassigned
Water Loss, Insensible;Tissue
Water Movements;Unassigned
Water Pollutants;Unassigned
Water Pollutants, Chemical;Unassigned
Water Pollutants, Radioactive;Unassigned
Water-Electrolyte Balance;Unassigned
Water-Electrolyte Imbalance;Unassigned
Waterhouse-Friderichsen Syndrome;Unassigned
Waxes;Unassigned
Weaning;Unassigned
Weather;Unassigned
Granulomatosis with Polyangiitis;Unassigned
Weightlessness;Unassigned
Weil Disease;Unassigned
Spinal Muscular Atrophies of Childhood;Unassigned
Werner Syndrome;Unassigned
Wernicke Encephalopathy;Unassigned
West Nile Fever;Unassigned
Wetting Agents;Unassigned
Wheat Germ Agglutinins;Unassigned
Whiplash Injuries;Unassigned
White Muscle Disease;Unassigned
Whole Blood Coagulation Time;Unassigned
Whooping Cough;Unassigned
Wind;Unassigned
Wine;Unassigned
Wings, Animal;Unassigned
Wiskott-Aldrich Syndrome;Unassigned
Wissler's Syndrome;Unassigned
Wolff-Parkinson-White Syndrome;Unassigned
Wolffian Ducts;Unassigned
Wolfram Syndrome;Unassigned
Wood;Stressor
Wool;Unassigned
Work of Breathing;Unassigned
Wound Healing;Unassigned
Wound Infection;Unassigned
Wounds and Injuries;Unassigned
Wounds, Gunshot;Unassigned
Wounds, Nonpenetrating;Unassigned
Wounds, Penetrating;Unassigned
Wounds, Stab;Unassigned
Wrist;Unassigned
Wrist Injuries;Unassigned
Wrist Joint;Unassigned
X Chromosome;Unassigned
X-Ray Diffraction;Unassigned
X-Rays;Unassigned
Xanthenes;Unassigned
Xanthine Dehydrogenase;Unassigned
Xanthine Oxidase;Unassigned
Xanthines;Unassigned
Xanthinol Niacinate;Unassigned
Xanthogranuloma, Juvenile;Unassigned
Xanthomatosis;Unassigned
Lutein;Unassigned
Xanthopterin;Unassigned
Xanthurenates;Unassigned
Xenon;Unassigned
Xenon Isotopes;Unassigned
Xenon Radioisotopes;Unassigned
Xeroderma Pigmentosum;Unassigned
Xerophthalmia;Unassigned
Xerostomia;Unassigned
Xipamide;Unassigned
Xiphoid Bone;Unassigned
Xylans;Unassigned
Xylazine;Unassigned
Xylenes;Unassigned
Xylitol;Unassigned
Xylose;Unassigned
Xylosidases;Unassigned
Xylulose;Unassigned
XYY Karyotype;Unassigned
Y Chromosome;Unassigned
Yawning;Unassigned
Yaws;Unassigned
Yeast, Dried;Unassigned
Yellow Fever;Unassigned
Yersinia Infections;Unassigned
Yersinia pseudotuberculosis Infections;Unassigned
Yogurt;Unassigned
Yohimbine;Unassigned
Yolk Sac;Unassigned
Ytterbium;Unassigned
Yttrium;Unassigned
Yttrium Isotopes;Unassigned
Yttrium Radioisotopes;Unassigned
Zearalenone;Unassigned
Zeatin;Unassigned
Zein;Unassigned
Zeranol;Unassigned
Zimeldine;Unassigned
Zinc;Unassigned
Zinc Isotopes;Unassigned
Zinc Oxide;Unassigned
Zinc Oxide-Eugenol Cement;Unassigned
Zinc Phosphate Cement;Unassigned
Zinc Radioisotopes;Unassigned
Zineb;Unassigned
Ziram;Unassigned
Zirconium;Unassigned
Zolazepam;Unassigned
Zollinger-Ellison Syndrome;Unassigned
Zona Pellucida;Unassigned
Zoonoses;Unassigned
Zoxazolamine;Unassigned
Zygoma;Unassigned
Zygomatic Fractures;Unassigned
Zygote;Unassigned
Zymosan;Unassigned
1-Carboxyglutamic Acid;Unassigned
1-Methyl-3-isobutylxanthine;Unassigned
1-Naphthylamine;Unassigned
1-Naphthylisothiocyanate;Unassigned
1-Sarcosine-8-Isoleucine Angiotensin II;Unassigned
1,2-Dipalmitoylphosphatidylcholine;Unassigned
1,4-alpha-Glucan Branching Enzyme;Unassigned
11-Hydroxycorticosteroids;Unassigned
16,16-Dimethylprostaglandin E2;Unassigned
17-Hydroxycorticosteroids;Unassigned
17-Hydroxysteroid Dehydrogenases;Unassigned
17-Ketosteroids;Unassigned
18-Hydroxycorticosterone;Unassigned
18-Hydroxydesoxycorticosterone;Unassigned
19-Iodocholesterol;Unassigned
2-Acetolactate Mutase;Unassigned
2-Acetylaminofluorene;Unassigned
2-Aminoadipic Acid;Unassigned
2-Aminopurine;Unassigned
2-Hydroxy-5-nitrobenzyl Bromide;Unassigned
2-Hydroxyphenethylamine;Unassigned
2-Isopropylmalate Synthase;Unassigned
Mesna;Unassigned
2-Naphthylamine;Unassigned
2,2'-Dipyridyl;Unassigned
2,3-Diketogulonic Acid;Unassigned
2,4-Dichlorophenoxyacetic Acid;Unassigned
2,4,5-Trichlorophenoxyacetic Acid;Unassigned
2,6-Dichloroindophenol;Unassigned
2',3'-Cyclic-Nucleotide Phosphodiesterases;Unassigned
2',5'-Oligoadenylate Synthetase;Unassigned
20-Hydroxysteroid Dehydrogenases;Unassigned
25-Hydroxyvitamin D3 1-alpha-Hydroxylase;Unassigned
beta-Alanine;Unassigned
3-Deazauridine;Unassigned
Meglutol;Unassigned
3-Hydroxyacyl CoA Dehydrogenases;Unassigned
3-Hydroxyanthranilic Acid;Unassigned
3-Hydroxysteroid Dehydrogenases;Unassigned
3-Mercaptopropionic Acid;Unassigned
3-Methoxy-4-hydroxyphenylethanol;Unassigned
3-Oxoacyl-(Acyl-Carrier-Protein) Synthase;Unassigned
3,3'-Diaminobenzidine;Unassigned
3,3'-Dichlorobenzidine;Unassigned
3,4-Dihydroxyphenylacetic Acid;Unassigned
Droxidopa;Unassigned
3,4-Methylenedioxyamphetamine;Unassigned
3',5'-Cyclic-AMP Phosphodiesterases;Unassigned
3',5'-Cyclic-GMP Phosphodiesterases;Unassigned
4-Butyrolactone;Unassigned
4-Hydroxyaminoquinoline-1-oxide;Unassigned
4-Hydroxybenzoate-3-Monooxygenase;Unassigned
4-Hydroxycoumarins;Unassigned
4-Hydroxyphenylpyruvate Dioxygenase;Unassigned
4-Nitroquinoline-1-oxide;Unassigned
Androstane-3,17-diol;Unassigned
Androstenediol;Unassigned
5,6-Dihydroxytryptamine;Unassigned
5,7-Dihydroxytryptamine;Unassigned
5,8,11,14-Eicosatetraynoic Acid;Unassigned
Eicosapentaenoic Acid;Unassigned
Aminocaproic Acid;Unassigned
6-Aminonicotinamide;Unassigned
6-Ketoprostaglandin F1 alpha;Unassigned
Mercaptopurine;Unassigned
7,8-Dihydro-7,8-dihydroxybenzo(a)pyrene 9,10-oxide;Unassigned
8-Bromo Cyclic Adenosine Monophosphate;Unassigned
Oxyquinoline;Unassigned
8,11,14-Eicosatrienoic Acid;Unassigned
9,10-Dimethyl-1,2-benzanthracene;Unassigned
RNA, Nuclear;Unassigned
Dementia, Vascular;Unassigned
Tocolytic Agents;Unassigned
Esophageal Motility Disorders;Unassigned
Esophageal Spasm, Diffuse;Unassigned
Hydrops Fetalis;Unassigned
Dementia, Multi-Infarct;Unassigned
Superinfection;Unassigned
Vaccines, Inactivated;Unassigned
Lightning Injuries;Unassigned
Cerebrospinal Fluid Pressure;Unassigned
Supratentorial Neoplasms;Unassigned
Epidural Neoplasms;Unassigned
Prolactinoma;Unassigned
Colorectal Neoplasms;Unassigned
Infratentorial Neoplasms;Unassigned
Designer Drugs;Unassigned
Osteoarthritis, Hip;Unassigned
Smoke Inhalation Injury;Unassigned
Cholangitis, Sclerosing;Unassigned
Arthritis, Gouty;Unassigned
Zellweger Syndrome;Unassigned
Inflammatory Bowel Diseases;Unassigned
Neuroimmunomodulation;Unassigned
Antigens, Differentiation, Myelomonocytic;Unassigned
Zidovudine;Unassigned
Cholesterol Ester Storage Disease;Unassigned
Hyperostosis, Sternocostoclavicular;Unassigned
Substrate Cycling;Unassigned
Calcium Channels;Unassigned
Potassium Channels;Unassigned
Sodium Channels;Unassigned
Wolman Disease;Unassigned
Dideoxynucleosides;Unassigned
Dinucleoside Phosphates;Unassigned
Lipid Peroxidation;Unassigned
Hypertriglyceridemia;Unassigned
Sexually Transmitted Diseases, Viral;Unassigned
Prostaglandin D2;Unassigned
Sexually Transmitted Diseases, Bacterial;Unassigned
Dinoprostone;Unassigned
HLA-A Antigens;Unassigned
HLA-B Antigens;Unassigned
HLA-C Antigens;Unassigned
Dinoprost;Unassigned
Sulfotransferases;Unassigned
Arylsulfotransferase;Unassigned
Phorbol 12,13-Dibutyrate;Unassigned
Fibrinogens, Abnormal;Unassigned
Ofloxacin;Unassigned
Cholesterol, VLDL;Unassigned
Thiorphan;Unassigned
Deoxyribonuclease BamHI;Unassigned
Deoxyribonuclease EcoRI;Unassigned
Deoxyribonuclease HindIII;Unassigned
Gemfibrozil;Unassigned
Aclarubicin;Unassigned
Epirubicin;Unassigned
Deoxyribonucleases, Type II Site-Specific;Unassigned
Deoxyribonucleases, Type I Site-Specific;Unassigned
DNA Modification Methylases;Unassigned
Idarubicin;Unassigned
Coenzyme A-Transferases;Unassigned
DNA-Cytosine Methylases;Unassigned
Acid Rain;Unassigned
Dopamine Agents;Unassigned
Neprilysin;Unassigned
Xenobiotics;Unassigned
Deoxyribonucleases, Type III Site-Specific;Unassigned
Site-Specific DNA-Methyltransferase (Adenine-Specific);Unassigned
Carcinoma, Merkel Cell;Unassigned
Churg-Strauss Syndrome;Unassigned
Mycobacterium avium-intracellulare Infection;Unassigned
Tumor Lysis Syndrome;Unassigned
DNA Restriction-Modification Enzymes;Unassigned
Cefmenoxime;Unassigned
Octreotide;Unassigned
Citalopram;Unassigned
Kassinin;Unassigned
Neurokinin B;Unassigned
Neurokinin A;Unassigned
Leukotrienes;Unassigned
Second Messenger Systems;Unassigned
Transforming Growth Factors;Unassigned
Glycoprotein Hormones, alpha Subunit;Unassigned
Transducin;Unassigned
Antigens, Tumor-Associated, Carbohydrate;Unassigned
Ceftizoxime;Unassigned
Discitis;Unassigned
Biogenic Monoamines;Unassigned
Anaerobic Threshold;Unassigned
Cefotiam;Unassigned
Cefmetazole;Unassigned
Hemodialysis Solutions;Unassigned
Cefotetan;Unassigned
Dialysis Solutions;Unassigned
Biogenic Polyamines;Unassigned
Fructose Metabolism, Inborn Errors;Unassigned
Fructose-1,6-Diphosphatase Deficiency;Unassigned
Tachykinins;Unassigned
Gene Rearrangement;Unassigned
Gene Rearrangement, B-Lymphocyte;Unassigned
Pyruvate Metabolism, Inborn Errors;Unassigned
Pyruvate Carboxylase Deficiency Disease;Unassigned
Pyruvate Dehydrogenase Complex Deficiency Disease;Unassigned
Gene Rearrangement, B-Lymphocyte, Heavy Chain;Unassigned
Gene Rearrangement, B-Lymphocyte, Light Chain;Unassigned
Gene Rearrangement, T-Lymphocyte;Unassigned
Gene Rearrangement, alpha-Chain T-Cell Antigen Receptor;Unassigned
Gene Rearrangement, beta-Chain T-Cell Antigen Receptor;Unassigned
Gene Rearrangement, gamma-Chain T-Cell Antigen Receptor;Unassigned
Molecular Probes;Unassigned
Nucleic Acid Probes;Unassigned
DNA Probes;Unassigned
DNA Probes, HLA;Unassigned
DNA Probes, HPV;Unassigned
Oligonucleotide Probes;Unassigned
RNA Probes;Unassigned
Contrast Sensitivity;Unassigned
Dry Eye Syndromes;Unassigned
Vision, Low;Unassigned
Glaucoma, Neovascular;Unassigned
Retinal Artery Occlusion;Unassigned
Vision Disparity;Unassigned
Child Nutrition Disorders;Unassigned
Quinolones;Unassigned
Enoxacin;Unassigned
Pefloxacin;Unassigned
Receptors, Interleukin-2;Unassigned
Nimustine;Unassigned
Cilastatin;Unassigned
Imipenem;Unassigned
Zona Fasciculata;Unassigned
Zona Glomerulosa;Unassigned
Zona Reticularis;Unassigned
Hazardous Substances;Unassigned
Egg Proteins, Dietary;Unassigned
Organelles;Unassigned
Molecular Structure;Unassigned
Histocompatibility Antigens Class I;Unassigned
Signal Transduction;Cellular
Gastrinoma;Unassigned
Biomarkers;Unassigned
Maillard Reaction;Unassigned
Hereditary Sensory and Motor Neuropathy;Unassigned
Optic Atrophies, Hereditary;Unassigned
Spastic Paraplegia, Hereditary;Unassigned
Scleral Diseases;Unassigned
Scleritis;Unassigned
Reperfusion Injury;Unassigned
Myocardial Reperfusion Injury;Unassigned
Weight Gain;Unassigned
Weight Loss;Unassigned
Glomerulonephritis, Membranoproliferative;Unassigned
Glomerulonephritis, Membranous;Unassigned
Panniculitis;Unassigned
Panniculitis, Lupus Erythematosus;Unassigned
Panniculitis, Peritoneal;Unassigned
Leprosy, Borderline;Unassigned
Leprosy, Lepromatous;Unassigned
Leprosy, Tuberculoid;Unassigned
Exercise;Unassigned
Leukemia, B-Cell;Unassigned
Leukemia, Lymphocytic, Chronic, B-Cell;Unassigned
Precursor B-Cell Lymphoblastic Leukemia-Lymphoma;Unassigned
Leukemia, Biphenotypic, Acute;Unassigned
Leukemia, T-Cell;Unassigned
Leukemia-Lymphoma, Adult T-Cell;Unassigned
Leukemia, Prolymphocytic, T-Cell;Unassigned
Leukemia, Prolymphocytic;Unassigned
Leukemia, Myelogenous, Chronic, BCR-ABL Positive;Unassigned
Leukemia, Myeloid, Accelerated Phase;Unassigned
Leukemia, Myeloid, Chronic-Phase;Unassigned
Leukemia, Neutrophilic, Chronic;Unassigned
Leukemia, Myeloid, Acute;Unassigned
Leukemia, Basophilic, Acute;Unassigned
Leukemia, Eosinophilic, Acute;Unassigned
Leukemia, Promyelocytic, Acute;Unassigned
Isotretinoin;Unassigned
Leukemia, Myelomonocytic, Chronic;Unassigned
Antigens, Heterophile;Unassigned
Leukemia, Myelomonocytic, Acute;Unassigned
Deltaretrovirus Antibodies;Unassigned
HTLV-I Antibodies;Unassigned
HTLV-II Antibodies;Unassigned
HIV Antibodies;Unassigned
Deltaretrovirus Antigens;Unassigned
HTLV-I Antigens;Unassigned
HTLV-II Antigens;Unassigned
HIV Antigens;Unassigned
HTLV-I Infections;Unassigned
HTLV-II Infections;Unassigned
Paraparesis, Tropical Spastic;Unassigned
Salivary Gland Calculi;Unassigned
CD4-Positive T-Lymphocytes;Unassigned
Renal Tubular Transport, Inborn Errors;Unassigned
Chloramphenicol O-Acetyltransferase;Unassigned
Drugs, Investigational;Unassigned
Nasal Obstruction;Unassigned
Goat Diseases;Unassigned
Oncogene Proteins;Unassigned
Oncogene Proteins, Fusion;Unassigned
Rett Syndrome;Unassigned
Bone Density;Unassigned
Ethmoid Sinusitis;Unassigned
Frontal Sinusitis;Unassigned
Maxillary Sinusitis;Unassigned
Sphenoid Sinusitis;Unassigned
Fatty Acids, Omega-3;Unassigned
AIDS Dementia Complex;Unassigned
Choledochal Cyst;Unassigned
Nuclear Matrix;Unassigned
Rehydration Solutions;Unassigned
Transcriptional Activation;Unassigned
Trans-Activators;Unassigned
Arthritis, Psoriatic;Unassigned
Down-Regulation;Unassigned
Nitrosation;Unassigned
Platelet Activation;Unassigned
Inositol 1,4,5-Trisphosphate;Unassigned
Cell Degranulation;Unassigned
Autoimmunity;Unassigned
Josamycin;Unassigned
Follicular Fluid;Unassigned
Spiramycin;Unassigned
Roxithromycin;Unassigned
Hyperostosis;Unassigned
Retinal Drusen;Unassigned
Optic Disk Drusen;Unassigned
Skin Aging;Unassigned
Pregnancy Complications, Parasitic;Unassigned
Keratinocytes;Cellular
Cowpox;Unassigned
Organotechnetium Compounds;Unassigned
Histiocytosis;Unassigned
Cystic Adenomatoid Malformation of Lung, Congenital;Unassigned
Histiocytosis, Non-Langerhans-Cell;Unassigned
Histiocytosis, Sinus;Unassigned
Respiratory System Abnormalities;Unassigned
Histiocytic Disorders, Malignant;Unassigned
Epithelioid Cells;Unassigned
Diet, Macrobiotic;Unassigned
Lambert-Eaton Myasthenic Syndrome;Unassigned
1-Methyl-4-phenyl-1,2,3,6-tetrahydropyridine;Unassigned
Extravascular Lung Water;Unassigned
Magnesium Chloride;Unassigned
Cytochalasin D;Unassigned
Ion Channel Gating;Unassigned
Erythromycin Ethylsuccinate;Unassigned
Miocamycin;Unassigned
Tylosin;Unassigned
2,3,4,5-Tetrahydro-7,8-dihydroxy-1-phenyl-1H-3-benzazepine;Unassigned
Pentostatin;Unassigned
24,25-Dihydroxyvitamin D 3;Unassigned
Mycotoxicosis;Unassigned
25-Hydroxyvitamin D 2;Unassigned
1-Methyl-4-phenylpyridinium;Unassigned
Respiratory Mechanics;Unassigned
Respiratory Transport;Unassigned
HIV Infections;Unassigned
7-Alkoxycoumarin O-Dealkylase;Unassigned
Trimethoprim, Sulfamethoxazole Drug Combination;Unassigned
Osteoporosis, Postmenopausal;Unassigned
Erythroid Precursor Cells;Unassigned
Fatigue Syndrome, Chronic;Unassigned
Mammary Neoplasms, Animal;Unassigned
Osteocalcin;Unassigned
Osteonectin;Unassigned
Viral Structural Proteins;Unassigned
Fusion Proteins, gag-onc;Unassigned
Retroviridae Proteins, Oncogenic;Unassigned
Gene Products, gag;Unassigned
Gene Products, pol;Unassigned
Fusion Proteins, gag-pol;Unassigned
Gene Products, env;Unassigned
Cell Hypoxia;Unassigned
Oncogene Protein pp60(v-src);Unassigned
Oncogene Protein p21(ras);Unassigned
Gene Products, nef;Unassigned
Gene Products, rev;Unassigned
Gene Products, tat;Unassigned
Genomic Library;Unassigned
HIV Envelope Protein gp120;Unassigned
HIV Envelope Protein gp41;Unassigned
Near Drowning;Unassigned
Antigens, CD;Unassigned
CD4 Antigens;Unassigned
HN Protein;Unassigned
Corneal Edema;Unassigned
Peptide T;Unassigned
Fibrin Tissue Adhesive;Unassigned
Single-Strand Specific DNA and RNA Endonucleases;Unassigned
5'-Nucleotidase;Unassigned
Diphtheria-Tetanus-Pertussis Vaccine;Unassigned
Gene Library;Unassigned
Fluconazole;Unassigned
Giant Cells;Unassigned
Receptors, HIV;Unassigned
Mifepristone;Unassigned
Felodipine;Unassigned
Nisoldipine;Unassigned
Famotidine;Unassigned
Nocodazole;Unassigned
Calcitonin Gene-Related Peptide;Unassigned
Metribolone;Unassigned
Propofol;Unassigned
Giant Cells, Foreign-Body;Unassigned
Giant Cells, Langhans;Unassigned
Granuloma, Foreign-Body;Unassigned
Abdominal Pain;Unassigned
Genes, gag;Unassigned
Genes, pol;Unassigned
Genes, env;Unassigned
Genes, nef;Unassigned
Genes, tat;Unassigned
Genes, rev;Unassigned
Ionomycin;Unassigned
Alfentanil;Unassigned
4-Aminopyridine;Unassigned
2-Chloroadenosine;Unassigned
2-Amino-5-phosphonovalerate;Unassigned
Bepridil;Unassigned
Almitrine;Unassigned
Albendazole;Unassigned
Mefloquine;Unassigned
Granuloma, Respiratory Tract;Unassigned
4,5-Dihydro-1-(3-(trifluoromethyl)phenyl)-1H-pyrazol-3-amine;Unassigned
Enalaprilat;Unassigned
Ganciclovir;Unassigned
Fractures, Stress;Unassigned
Keratoderma, Palmoplantar, Diffuse;Unassigned
Eicosanoids;Unassigned
Minor Histocompatibility Antigens;Unassigned
Carbapenems;Unassigned
Aniridia;Unassigned
Betaxolol;Unassigned
Eye Diseases, Hereditary;Unassigned
Cytochromes b5;Unassigned
Erythema Chronicum Migrans;Unassigned
HLA-A1 Antigen;Unassigned
HLA-A2 Antigen;Unassigned
Cefonicid;Unassigned
HLA-A3 Antigen;Unassigned
Retinal Dysplasia;Unassigned
HLA-B7 Antigen;Unassigned
Choroideremia;Unassigned
HLA-B8 Antigen;Unassigned
HLA-B27 Antigen;Unassigned
HLA-B35 Antigen;Unassigned
HLA-DR1 Antigen;Unassigned
Gyrate Atrophy;Unassigned
Protozoan Proteins;Unassigned
Helminth Proteins;Unassigned
HLA-DR2 Antigen;Unassigned
HLA-DR3 Antigen;Unassigned
HLA-DR4 Antigen;Unassigned
HLA-DR5 Antigen;Unassigned
Eye Injuries, Penetrating;Unassigned
HLA-DR6 Antigen;Unassigned
HLA-DR7 Antigen;Unassigned
Linkage Disequilibrium;Unassigned
Iris Neoplasms;Unassigned
Glaucoma, Angle-Closure;Unassigned
Ocular Hypotension;Unassigned
Cell Adhesion Molecules;Unassigned
Cell Adhesion Molecules, Neuronal;Unassigned
Eye Infections;Unassigned
Eye Infections, Bacterial;Unassigned
Substance Abuse, Intravenous;Unassigned
Cadherins;Unassigned
Eye Infections, Fungal;Unassigned
Eye Infections, Parasitic;Unassigned
Acanthamoeba Keratitis;Unassigned
Blood-Air Barrier;Unassigned
Chromosomes, Fungal;Unassigned
Langer-Giedion Syndrome;Unassigned
Onchocerciasis, Ocular;Unassigned
Eye Infections, Viral;Unassigned
Uveitis, Suppurative;Unassigned
Osteochondroma;Unassigned
Cochlear Diseases;Unassigned
Ocular Motility Disorders;Unassigned
Vestibular Diseases;Unassigned
Chondromatosis, Synovial;Unassigned
Oculomotor Nerve Diseases;Unassigned
Enophthalmos;Unassigned
Serine Proteinase Inhibitors;Unassigned
Serpins;Unassigned
Heparin Cofactor II;Unassigned
Tonic Pupil;Unassigned
Monokines;Unassigned
Interleukin-4;Unassigned
Interleukin-5;Unassigned
Plasminogen Inactivators;Unassigned
Interleukin-6;Unassigned
Interleukin-7;Unassigned
Eukaryotic Initiation Factor-2;Unassigned
Cysteine Proteinase Inhibitors;Unassigned
Up-Regulation;Unassigned
Anisometropia;Unassigned
Retinal Neovascularization;Unassigned
Choroid Diseases;Unassigned
Iridocyclitis;Unassigned
Panuveitis;Unassigned
Uveitis, Posterior;Unassigned
Uveitis, Intermediate;Unassigned
Pars Planitis;Unassigned
Gene Expression;Unassigned
Anisocoria;Unassigned
Miosis;Unassigned
Mydriasis;Unassigned
Myosin Subfragments;Unassigned
Retinal Necrosis Syndrome, Acute;Unassigned
Cystatins;Unassigned
Genome, Human;Unassigned
Dental Implants;Unassigned
Complement C1q;Unassigned
Complement C1r;Unassigned
Complement C3a;Unassigned
Complement C3c;Unassigned
Complement C3d;Unassigned
Complement C4a;Unassigned
Complement C4b;Unassigned
Complement C5a;Unassigned
Complement C5a, des-Arginine;Unassigned
Complement Membrane Attack Complex;Unassigned
Kitasamycin;Unassigned
Factor VIIa;Unassigned
Factor Va;Unassigned
Factor VIIIa;Unassigned
Factor XIa;Unassigned
Ethylene Dibromide;Unassigned
Factor IXa;Unassigned
Factor Xa;Unassigned
Factor XIIa;Unassigned
Gene Expression Regulation, Bacterial;Unassigned
Gene Expression Regulation, Fungal;Unassigned
Gene Expression Regulation, Viral;Unassigned
Gene Expression Regulation, Enzymologic;Unassigned
Gene Expression Regulation, Neoplastic;Unassigned
Gene Expression Regulation, Leukemic;Unassigned
Eukaryotic Initiation Factor-1;Unassigned
Trichosanthin;Unassigned
Killer Cells, Lymphokine-Activated;Unassigned
Body Mass Index;Unassigned
Statistical Distributions;Unassigned
Chi-Square Distribution;Unassigned
Binomial Distribution;Unassigned
Normal Distribution;Unassigned
Poisson Distribution;Unassigned
Odds Ratio;Unassigned
Integrins;Unassigned
Receptors, Cytoadhesin;Unassigned
Receptors, Leukocyte-Adhesion;Unassigned
Receptors, Very Late Antigen;Unassigned
Fusion Proteins, bcr-abl;Unassigned
Zalcitabine;Unassigned
Dideoxyadenosine;Unassigned
Didanosine;Unassigned
Protozoan Vaccines;Unassigned
RNA, Protozoan;Unassigned
DNA, Protozoan;Unassigned
Urinary Retention;Unassigned
Immunodominant Epitopes;Unassigned
Evoked Potentials, Auditory, Brain Stem;Unassigned
Range of Motion, Articular;Unassigned
Porosity;Unassigned
Blood Loss, Surgical;Unassigned
Myoelectric Complex, Migrating;Unassigned
Pleural Effusion, Malignant;Unassigned
Arachnoid Cysts;Unassigned
Moon;Unassigned
Solar System;Unassigned
Planets;Unassigned
Bronchoconstriction;Unassigned
Bronchoconstrictor Agents;Unassigned
Simian Acquired Immunodeficiency Syndrome;Unassigned
Gerstmann-Straussler-Scheinker Disease;Unassigned
Spinal Fractures;Unassigned
Oligohydramnios;Unassigned
Methicillin Resistance;Unassigned
Epidermolysis Bullosa Acquisita;Unassigned
Epidermolysis Bullosa Dystrophica;Unassigned
Epidermolysis Bullosa, Junctional;Unassigned
Epidermolysis Bullosa Simplex;Unassigned
Sjogren-Larsson Syndrome;Unassigned
Ichthyosis Vulgaris;Unassigned
Ichthyosiform Erythroderma, Congenital;Unassigned
Ichthyosis, X-Linked;Unassigned
Albinism, Oculocutaneous;Unassigned
Piebaldism;Unassigned
Albinism, Ocular;Unassigned
Anterior Cruciate Ligament;Unassigned
Posterior Cruciate Ligament;Unassigned
Brachiocephalic Veins;Unassigned
Brachiocephalic Trunk;Unassigned
Heart Valve Prolapse;Unassigned
Lymphocyte Subsets;Unassigned
Spinal Dysraphism;Unassigned
Spina Bifida Occulta;Unassigned
Spina Bifida Cystica;Unassigned
Walking;Unassigned
Holoprosencephaly;Unassigned
Genes, Tumor Suppressor;Unassigned
Genes, Suppressor;Unassigned
Digestive System Fistula;Unassigned
Oral Fistula;Unassigned
Respiratory Tract Fistula;Unassigned
Vascular Fistula;Unassigned
Genes, p53;Unassigned
Tumor Suppressor Protein p53;Unassigned
Retinoblastoma Protein;Unassigned
Genes, Retinoblastoma;Unassigned
Genes, Wilms Tumor;Unassigned
Genes, DCC;Unassigned
Free Radical Scavengers;Unassigned
Integrin alphaXbeta2;Unassigned
Lymphocyte Function-Associated Antigen-1;Unassigned
Accelerated Idioventricular Rhythm;Unassigned
Torsades de Pointes;Unassigned
Macrophage Colony-Stimulating Factor;Unassigned
B-Lymphocyte Subsets;Unassigned
T-Lymphocyte Subsets;Unassigned
Macrophage-1 Antigen;Unassigned
Granulocyte-Macrophage Colony-Stimulating Factor;Unassigned
Granulocyte Colony-Stimulating Factor;Unassigned
Lentivirus Infections;Unassigned
Feline Acquired Immunodeficiency Syndrome;Unassigned
Visna;Unassigned
Murine Acquired Immunodeficiency Syndrome;Unassigned
Receptors, Colony-Stimulating Factor;Unassigned
Receptors, Interleukin-3;Unassigned
Receptor, Macrophage Colony-Stimulating Factor;Unassigned
Receptors, Granulocyte-Macrophage Colony-Stimulating Factor;Unassigned
Receptors, Granulocyte Colony-Stimulating Factor;Unassigned
Dystrophin;Unassigned
Carboplatin;Unassigned
Resting Phase, Cell Cycle;Unassigned
G1 Phase;Unassigned
Receptors, N-Methyl-D-Aspartate;Unassigned
G2 Phase;Unassigned
S Phase;Unassigned
Maturation-Promoting Factor;Unassigned
Receptors, Lymphocyte Homing;Unassigned
N-Methylaspartate;Unassigned
CDC2 Protein Kinase;Unassigned
Cytokines;Molecular
Interleukin-8;Unassigned
Methacholine Chloride;Unassigned
Transforming Growth Factor alpha;Unassigned
Transforming Growth Factor beta;Unassigned
Cyclins;Unassigned
Macrophage-Activating Factors;Unassigned
Fibroblast Growth Factor 1;Unassigned
Fibroblast Growth Factor 2;Unassigned
Phosphorus, Dietary;Unassigned
Benzoquinones;Unassigned
Endothelial Growth Factors;Unassigned
Amyloid beta-Peptides;Unassigned
Endothelins;Unassigned
Kallikrein-Kinin System;Unassigned
Genes, fms;Unassigned
Guanosine 5'-O-(3-Thiotriphosphate);Unassigned
Lymphocytes, Tumor-Infiltrating;Unassigned
Mutagenesis, Insertional;Unassigned
Anistreplase;Unassigned
Lewis X Antigen;Unassigned
Fura-2;Unassigned
Genes, mos;Unassigned
Genes, myc;Unassigned
Monocytes, Activated Killer;Unassigned
Postpoliomyelitis Syndrome;Unassigned
AIDS-Associated Nephropathy;Unassigned
Dextran Sulfate;Unassigned
Milk Hypersensitivity;Unassigned
Proto-Oncogene Proteins c-myc;Unassigned
Oncogene Protein p55(v-myc);Unassigned
Atrial Function;Unassigned
Ventricular Function;Unassigned
Ventricular Function, Left;Unassigned
Ventricular Function, Right;Unassigned
Atrial Function, Left;Unassigned
Atrial Function, Right;Unassigned
Oncogene Protein gp140(v-fms);Unassigned
Aspartic Acid Endopeptidases;Unassigned
Proto-Oncogene Proteins p21(ras);Unassigned
Technetium Tc 99m Pentetate;Unassigned
Iloprost;Unassigned
Dizocilpine Maleate;Unassigned
Moricizine;Unassigned
Mutagenesis;Unassigned
Hematopoietic Cell Growth Factors;Unassigned
Alveolar Bone Loss;Unassigned
Thymopentin;Unassigned
Enkephalin, Leucine-2-Alanine;Unassigned
Genes, abl;Unassigned
Ethylketocyclazocine;Unassigned
Proto-Oncogene Proteins c-abl;Unassigned
Guanfacine;Unassigned
Quisqualic Acid;Unassigned
HIV Enhancer;Unassigned
Sequence Tagged Sites;Unassigned
HIV Long Terminal Repeat;Unassigned
Extracellular Matrix Proteins;Unassigned
NF-kappa B;Unassigned
Sp1 Transcription Factor;Unassigned
HIV Protease;Unassigned
Genes, vpr;Unassigned
Zinc Fingers;Unassigned
Gene Products, vpr;Unassigned
RNA, Catalytic;Unassigned
Genes, vpu;Unassigned
Genes, vif;Unassigned
Gene Products, vif;Unassigned
Osseointegration;Unassigned
Leucine Zippers;Unassigned
Genes, pX;Unassigned
Gene Products, tax;Unassigned
Reading Frames;Unassigned
Open Reading Frames;Unassigned
Frameshift Mutation;Unassigned
Smear Layer;Unassigned
Gene Products, rex;Unassigned
RNA, Antisense;Unassigned
DNA, Antisense;Unassigned
Oncogene Proteins v-abl;Unassigned
Antisense Elements (Genetics);Unassigned
Oligonucleotides, Antisense;Unassigned
Consensus Sequence;Unassigned
TATA Box;Unassigned
Tooth Loss;Unassigned
Genes, src;Unassigned
Proto-Oncogene Proteins pp60(c-src);Unassigned
Lymphoma, B-Cell;Unassigned
Lymphoma, T-Cell;Unassigned
Lymphoma, Large-Cell, Immunoblastic;Unassigned
Lymphoma, Large B-Cell, Diffuse;Unassigned
Lymphoma, T-Cell, Cutaneous;Unassigned
Lymphoma, T-Cell, Peripheral;Unassigned
Prosthesis-Related Infections;Unassigned
Granuloma Annulare;Unassigned
Sweet Syndrome;Unassigned
Lysosomal Storage Diseases;Unassigned
CHO Cells;Unassigned
Fungemia;Unassigned
Bacteremia;Unassigned
Ovarian Hyperstimulation Syndrome;Unassigned
Motor Neuron Disease;Unassigned
Gallbladder Emptying;Unassigned
Weight-Bearing;Unassigned
3T3 Cells;Unassigned
Urinary Reservoirs, Continent;Unassigned
Helicobacter Infections;Unassigned
Lymphoma, AIDS-Related;Unassigned
Head Injuries, Closed;Unassigned
Peripheral Vascular Diseases;Unassigned
Neurites;Unassigned
Pemphigus, Benign Familial;Unassigned
Corneal Neovascularization;Unassigned
Severe Combined Immunodeficiency;Unassigned
Ankle Injuries;Unassigned
Genes, Neurofibromatosis 1;Unassigned
Genes, Neurofibromatosis 2;Unassigned
CD4-CD8 Ratio;Unassigned
Neurofibromatosis 2;Unassigned
Foot Ulcer;Unassigned
Antigenic Modulation;Unassigned
Mucopolysaccharidosis II;Unassigned
Cardiac Output, High;Unassigned
Bronchial Hyperreactivity;Unassigned
Gangliosidosis, GM1;Unassigned
Mucopolysaccharidosis VII;Unassigned
Reed-Sternberg Cells;Unassigned
Central Nervous System Neoplasms;Unassigned
Choroid Plexus Neoplasms;Unassigned
Kinesins;Unassigned
Prosencephalon;Unassigned
Purpura, Thrombocytopenic, Idiopathic;Unassigned
Tacrolimus;Stressor
Amyloid beta-Protein Precursor;Unassigned
Organoselenium Compounds;Unassigned
Nizatidine;Unassigned
Drugs, Generic;Unassigned
Blepharophimosis;Unassigned
Bruch Membrane;Unassigned
Neural Networks, Computer;Unassigned
Cyclosporine;Stressor
Agrochemicals;Unassigned
Hidradenitis;Unassigned
Fleroxacin;Unassigned
Crack Cocaine;Unassigned
Leukemia, Feline;Unassigned
Enzootic Bovine Leukosis;Unassigned
Vaginosis, Bacterial;Unassigned
Granular Cell Tumor;Unassigned
Antimutagenic Agents;Unassigned
Anticarcinogenic Agents;Unassigned
Astemizole;Unassigned
Aphidicolin;Unassigned
Terfenadine;Unassigned
Misoprostol;Unassigned
Vinculin;Unassigned
Trimetrexate;Unassigned
RNA-Binding Proteins;Unassigned
Needlestick Injuries;Unassigned
Eosinophilia-Myalgia Syndrome;Unassigned
Aflatoxin B1;Unassigned
Thyroid Nodule;Unassigned
Aflatoxin M1;Unassigned
Talin;Unassigned
Neoplasms, Second Primary;Unassigned
Telomere;Unassigned
Enprostil;Unassigned
Ion Pumps;Unassigned
Oxidopamine;Unassigned
Rioprostil;Unassigned
Lewy Bodies;Unassigned
Apolipoprotein A-I;Unassigned
Apolipoprotein A-II;Unassigned
Critical Illness;Unassigned
Diabetes, Gestational;Unassigned
Bupropion;Unassigned
Encephalopathy, Bovine Spongiform;Unassigned
Canthaxanthin;Unassigned
Primary Ovarian Insufficiency;Unassigned
Fluorescein-5-isothiocyanate;Unassigned
Lithium Carbonate;Unassigned
Genes, RAG-1;Unassigned
HIV Core Protein p24;Unassigned
Cerebral Amyloid Angiopathy;Unassigned
Psoas Muscles;Unassigned
Psoas Abscess;Unassigned
NAD(P)H Dehydrogenase (Quinone);Unassigned
Virus Integration;Unassigned
Fluvoxamine;Unassigned
Bacterial Capsules;Unassigned
Gabexate;Unassigned
Zenker Diverticulum;Unassigned
Macrophages, Alveolar;Unassigned
Tocainide;Unassigned
Genome;Unassigned
Genome, Viral;Unassigned
Genome, Bacterial;Unassigned
Genome, Fungal;Unassigned
Lupus Coagulation Inhibitor;Unassigned
Supine Position;Unassigned
Prone Position;Unassigned
Mitomycin;Unassigned
Monocrotaline;Unassigned
Polydioxanone;Unassigned
Receptors, Antigen, T-Cell, gamma-delta;Unassigned
Receptors, Antigen, T-Cell, alpha-beta;Unassigned
Gene Rearrangement, delta-Chain T-Cell Antigen Receptor;Unassigned
Glycosyltransferases;Unassigned
Herpes Zoster Oticus;Unassigned
Technetium Tc 99m Pyrophosphate;Unassigned
Encainide;Unassigned
Synapsins;Unassigned
Still's Disease, Adult-Onset;Unassigned
Synaptophysin;Unassigned
Yin Deficiency;Unassigned
Yang Deficiency;Unassigned
Mupirocin;Unassigned
Ritanserin;Unassigned
Proteus Syndrome;Unassigned
PC12 Cells;Unassigned
Arachidonic Acid;Unassigned
Pneumocystis Infections;Unassigned
Cermet Cements;Unassigned
Bone Remodeling;Unassigned
Empyema, Pleural;Unassigned
Plasma Cell Granuloma, Pulmonary;Unassigned
Orbital Pseudotumor;Unassigned
Leuprolide;Unassigned
Erythema Infectiosum;Unassigned
Antiphospholipid Syndrome;Unassigned
Alagille Syndrome;Unassigned
Minor Lymphocyte Stimulatory Loci;Unassigned
Minor Lymphocyte Stimulatory Antigens;Unassigned
Stiff-Person Syndrome;Unassigned
Hepatitis E;Unassigned
Interleukin-10;Unassigned
Proto-Oncogene Proteins c-jun;Unassigned
Immunoglobulins, Intravenous;Unassigned
Death, Sudden, Cardiac;Unassigned
Genes, jun;Unassigned
Oncogene Protein p65(gag-jun);Unassigned
Proto-Oncogene Proteins c-fos;Unassigned
Oncogene Proteins v-fos;Unassigned
Genes, fos;Unassigned
Cell Polarity;Unassigned
Feline Infectious Peritonitis;Unassigned
Caroli Disease;Unassigned
Embolism and Thrombosis;Unassigned
Ciliophora Infections;Unassigned
Leishmaniasis, Cutaneous;Unassigned
Leishmaniasis, Diffuse Cutaneous;Unassigned
Blastocystis Infections;Unassigned
Malaria, Falciparum;Unassigned
Malaria, Cerebral;Unassigned
Malaria, Vivax;Unassigned
Toxoplasmosis, Cerebral;Unassigned
Antigens, Human Platelet;Unassigned
CD8 Antigens;Unassigned
Keratitis, Herpetic;Unassigned
Limbus Corneae;Unassigned
Muromonab-CD3;Unassigned
Hypocapnia;Unassigned
Lipoxygenase Inhibitors;Unassigned
CD4 Immunoadhesins;Unassigned
Cyclooxygenase Inhibitors;Unassigned
Tuberculoma, Intracranial;Unassigned
Bacillaceae Infections;Unassigned
Li-Fraumeni Syndrome;Unassigned
Bacteroidaceae Infections;Unassigned
Immunocompromised Host;Unassigned
Serratia Infections;Unassigned
Ureaplasma Infections;Unassigned
Neisseriaceae Infections;Unassigned
Pasteurellaceae Infections;Unassigned
Ehrlichiosis;Unassigned
Neurofibrillary Tangles;Unassigned
tau Proteins;Unassigned
Metal Ceramic Alloys;Unassigned
Oxidants;Unassigned
POEMS Syndrome;Unassigned
Anisotropy;Unassigned
Microsporidiosis;Unassigned
ISCOMs;Unassigned
Diabetic Ketoacidosis;Unassigned
Polyendocrinopathies, Autoimmune;Unassigned
Angiodysplasia;Unassigned
Endometrial Neoplasms;Unassigned
Encephalitozoonosis;Unassigned
Polycystic Kidney, Autosomal Dominant;Unassigned
Carotid Stenosis;Unassigned
Culture Media, Serum-Free;Unassigned
Respiratory Burst;Unassigned
Interferon-alpha;Unassigned
Interferon-beta;Unassigned
Neurofilament Proteins;Unassigned
Gram-Negative Bacterial Infections;Unassigned
Interleukin-9;Unassigned
Gram-Positive Bacterial Infections;Unassigned
Tibial Arteries;Unassigned
Levonorgestrel;Unassigned
Ribonuclease H;Unassigned
AIDS Vaccines;Unassigned
Joint Deformities, Acquired;Unassigned
Angiomatosis, Bacillary;Unassigned
Arthritis, Reactive;Unassigned
Meningitis, Cryptococcal;Unassigned
Meningitis, Bacterial;Unassigned
Meningitis, Fungal;Unassigned
Cellular Senescence;Unassigned
Cell Death;Unassigned
Tooth Demineralization;Unassigned
Rotator Cuff;Unassigned
Swainsonine;Unassigned
Protein Tyrosine Phosphatases;Unassigned
Epilepsy, Complex Partial;Unassigned
Epilepsy, Frontal Lobe;Unassigned
Pravastatin;Unassigned
Epilepsia Partialis Continua;Unassigned
Dinitrogenase Reductase;Unassigned
Mannosyl-Glycoprotein Endo-beta-N-Acetylglucosaminidase;Unassigned
Phenylketonuria, Maternal;Unassigned
Chalazion;Unassigned
Polycystic Kidney, Autosomal Recessive;Unassigned
Neostriatum;Unassigned
Common Variable Immunodeficiency;Unassigned
Culture Media, Conditioned;Unassigned
Exercise Tolerance;Unassigned
Portal Pressure;Unassigned
Otoacoustic Emissions, Spontaneous;Unassigned
alpha-Thalassemia;Unassigned
beta-Thalassemia;Unassigned
AIDS-Related Opportunistic Infections;Unassigned
Ankyrin Repeat;Unassigned
Colitis, Ischemic;Unassigned
Porphyria, Erythropoietic;Unassigned
Liver Failure;Unassigned
Porphyrias, Hepatic;Unassigned
Prion Diseases;Unassigned
Electric Impedance;Unassigned
IgA Deficiency;Unassigned
IgG Deficiency;Unassigned
Fracture Healing;Unassigned
Akathisia, Drug-Induced;Unassigned
Liver Failure, Acute;Unassigned
Low Back Pain;Unassigned
Porphyria, Acute Intermittent;Unassigned
Porphyria Cutanea Tarda;Unassigned
Nystagmus, Optokinetic;Unassigned
Porphyria, Hepatoerythropoietic;Unassigned
Conserved Sequence;Unassigned
Genes, Protozoan;Unassigned
Glycation End Products, Advanced;Unassigned
Anisakiasis;Unassigned
Desogestrel;Unassigned
Ion Transport;Unassigned
Nonoxynol;Unassigned
Antibodies, Catalytic;Unassigned
Antibodies, Antiphospholipid;Unassigned
Antibodies, Anticardiolipin;Unassigned
Stromal Cells;Unassigned
Wettability;Unassigned
Neoplasms, Post-Traumatic;Unassigned
Tachycardia, Ventricular;Unassigned
Adenophorea Infections;Unassigned
Enoplida Infections;Unassigned
Secernentea Infections;Unassigned
Ascaridida Infections;Unassigned
Skin Diseases, Bacterial;Unassigned
Skin Diseases, Viral;Unassigned
Oxyurida Infections;Unassigned
Adolescent Nutritional Physiological Phenomena;Unassigned
Rhabditida Infections;Unassigned
Virus Shedding;Unassigned
Myocardial Ischemia;Unassigned
Angelman Syndrome;Unassigned
Spirurida Infections;Unassigned
Strongylida Infections;Unassigned
Apoptosis;Unassigned
Root Caries;Unassigned
Gastric Outlet Obstruction;Unassigned
Dentin-Bonding Agents;Unassigned
Toxascariasis;Unassigned
Hepatocyte Growth Factor;Unassigned
Enterobiasis;Unassigned
Proto-Oncogene Proteins c-mos;Unassigned
Oncogene Proteins v-mos;Unassigned
Mitochondrial Encephalomyopathies;Unassigned
Genes, Helminth;Unassigned
Paclitaxel;Unassigned
Mitochondrial Myopathies;Unassigned
MELAS Syndrome;Unassigned
Complement Factor H;Unassigned
MERRF Syndrome;Unassigned
Complement Factor I;Unassigned
Foscarnet;Unassigned
Ophthalmoplegia, Chronic Progressive External;Unassigned
Caliciviridae Infections;Unassigned
CD3 Complex;Unassigned
Neurofibromatoses;Unassigned
Leukemic Infiltration;Unassigned
Acitretin;Unassigned
Technetium Tc 99m Sestamibi;Unassigned
Ramipril;Unassigned
Medroxyprogesterone Acetate;Unassigned
Dimaprit;Unassigned
Receptor-CD3 Complex, Antigen, T-Cell;Unassigned
Glycosylphosphatidylinositols;Unassigned
Siderophores;Unassigned
Technetium Tc 99m Mertiatide;Unassigned
Procaterol;Unassigned
Lipoprotein(a);Unassigned
Craniomandibular Disorders;Unassigned
Celiprolol;Unassigned
Goserelin;Unassigned
Nafarelin;Unassigned
Isradipine;Unassigned
Friction;Unassigned
Selenocysteine;Unassigned
Tick-Borne Diseases;Unassigned
Polymyositis;Unassigned
Pain Threshold;Unassigned
Menogaril;Unassigned
Clarithromycin;Unassigned
Doxazosin;Unassigned
Protein S;Unassigned
Ondansetron;Unassigned
Bisoprolol;Unassigned
Rod Opsins;Unassigned
Pipecuronium;Unassigned
Ca(2+) Mg(2+)-ATPase;Unassigned
Annexins;Unassigned
Annexin A5;Unassigned
Annexin A1;Unassigned
Annexin A2;Unassigned
Xamoterol;Unassigned
Etodolac;Unassigned
Annexin A7;Unassigned
Amlodipine;Unassigned
Toremifene;Unassigned
Fenretinide;Unassigned
Annexin A4;Unassigned
Cilazapril;Unassigned
Fadrozole;Unassigned
Annexin A6;Unassigned
Annexin A3;Unassigned
Photosensitizing Agents;Stressor
HIV Protease Inhibitors;Unassigned
Dihematoporphyrin Ether;Unassigned
Hematoporphyrin Derivative;Unassigned
Hepatitis B Vaccines;Unassigned
Fosinopril;Unassigned
Triptorelin Pamoate;Unassigned
Remoxipride;Unassigned
Cetirizine;Unassigned
Teicoplanin;Unassigned
Enoximone;Unassigned
Loratadine;Unassigned
Sermorelin;Unassigned
Cladribine;Unassigned
Etanidazole;Unassigned
Genes, Plant;Unassigned
Genes, Insect;Unassigned
Protein Serine-Threonine Kinases;Unassigned
N-Acetylhexosaminyltransferases;Unassigned
N-Acetylgalactosaminyltransferases;Unassigned
N-Acetylglucosaminyltransferases;Unassigned
Gene Deletion;Unassigned
Point Mutation;Unassigned
Cell Wall Skeleton;Unassigned
HELLP Syndrome;Unassigned
Viral Nonstructural Proteins;Unassigned
Cyclic AMP Response Element-Binding Protein;Unassigned
Collagenases;Unassigned
Spices;Unassigned
Serotonin Receptor Agonists;Unassigned
Selective Serotonin Reuptake Inhibitors;Unassigned
Protein Prenylation;Unassigned
Interleukin-11;Unassigned
8-Hydroxy-2-(di-n-propylamino)tetralin;Unassigned
Cyproterone Acetate;Unassigned
Paroxetine;Unassigned
Viral Tail Proteins;Unassigned
Quinolinic Acid;Unassigned
Hypertrophy, Left Ventricular;Unassigned
Hypertrophy, Right Ventricular;Unassigned
Spliceosomes;Unassigned
Reactive Oxygen Species;Unassigned
Sequence Deletion;Unassigned
Sequence Homology;Unassigned
Sequence Homology, Amino Acid;Unassigned
Thiobarbituric Acid Reactive Substances;Unassigned
RNA Editing;Unassigned
RNA, Guide, Kinetoplastida;Unassigned
Plasminogen Activator Inhibitor 1;Unassigned
Plasminogen Activator Inhibitor 2;Unassigned
Prefrontal Cortex;Unassigned
Alternative Splicing;Unassigned
Chlorofluorocarbons;Unassigned
Herpes Simplex Virus Protein Vmw65;Unassigned
Sufentanil;Unassigned
Ribonucleoproteins, Small Nuclear;Unassigned
Ribonucleoprotein, U1 Small Nuclear;Unassigned
Ribonucleoprotein, U2 Small Nuclear;Unassigned
Ribonucleoprotein, U4-U6 Small Nuclear;Unassigned
Ribonucleoprotein, U5 Small Nuclear;Unassigned
Potassium, Dietary;Unassigned
Prostate-Specific Antigen;Unassigned
Genes, MCC;Unassigned
Protein Structure, Secondary;Unassigned
Protein Structure, Tertiary;Unassigned
Kallmann Syndrome;Unassigned
Skin and Connective Tissue Diseases;Unassigned
Bisphenol A-Glycidyl Methacrylate;Unassigned
Cicatrix, Hypertrophic;Unassigned
Photoperiod;Unassigned
Necrobiotic Disorders;Unassigned
Histamine Agonists;Unassigned
Skin Diseases, Eczematous;Unassigned
Skin Diseases, Papulosquamous;Unassigned
Skin Diseases, Vascular;Unassigned
Impromidine;Unassigned
Receptors, Dopamine D1;Unassigned
Receptors, Dopamine D2;Unassigned
Dermatitis, Allergic Contact;Adverse Outcome
Receptors, Opioid, mu;Unassigned
Receptors, Somatomedin;Unassigned
Receptors, IgG;Unassigned
Dermatitis, Irritant;Adverse Outcome
Dermatitis, Photoallergic;Adverse Outcome
Receptors, IgE;Unassigned
Adenovirus Early Proteins;Unassigned
Receptors, Albumin;Unassigned
Receptors, Amino Acid;Unassigned
Receptors, Atrial Natriuretic Factor;Unassigned
Receptors, Complement 3b;Unassigned
Receptors, Complement 3d;Unassigned
Receptors, Opioid, delta;Unassigned
Receptors, Endothelin;Unassigned
Receptors, Erythropoietin;Unassigned
Receptors, Fibroblast Growth Factor;Unassigned
Receptors, Fibronectin;Unassigned
Receptors, Glutamate;Unassigned
Receptors, Interferon;Unassigned
Receptors, Interleukin-1;Unassigned
Receptors, Opioid, kappa;Unassigned
Receptors, Laminin;Unassigned
Receptors, Nerve Growth Factor;Unassigned
Receptors, Neuropeptide Y;Unassigned
Receptors, Phencyclidine;Unassigned
Receptors, Platelet-Derived Growth Factor;Unassigned
Receptors, sigma;Unassigned
Receptors, Somatostatin;Unassigned
Receptors, Thromboxane;Unassigned
Receptors, Vasopressin;Unassigned
Dermatitis, Phototoxic;Adverse Outcome
1-Deoxynojirimycin;Unassigned
Acneiform Eruptions;Unassigned
Ankyrins;Unassigned
Hyperkeratosis, Epidermolytic;Unassigned
CDC28 Protein Kinase, S cerevisiae;Unassigned
Ichthyosis, Lamellar;Unassigned
Genes, APC;Unassigned
Keratosis, Seborrheic;Unassigned
Leukocyte Common Antigens;Unassigned
Proton Pumps;Unassigned
Hyperpigmentation;Unassigned
Hypopigmentation;Unassigned
Hidradenitis Suppurativa;Unassigned
Adenovirus E1 Proteins;Unassigned
Porokeratosis;Unassigned
Adenovirus E1A Proteins;Unassigned
Adenovirus E1B Proteins;Unassigned
Adenovirus E2 Proteins;Unassigned
Adenovirus E3 Proteins;Unassigned
Adenovirus E4 Proteins;Unassigned
H(+)-K(+)-Exchanging ATPase;Unassigned
Protein Folding;Unassigned
Pyoderma Gangrenosum;Unassigned
Lichenoid Eruptions;Unassigned
Lichen Nitidus;Unassigned
Pityriasis Lichenoides;Unassigned
Pityriasis Rosea;Unassigned
Mucinoses;Unassigned
Receptor, IGF Type 1;Unassigned
Receptor, IGF Type 2;Unassigned
Radial Artery;Unassigned
Ulnar Artery;Unassigned
Carotid Artery, Common;Unassigned
Mesenteric Artery, Inferior;Unassigned
Mesenteric Artery, Superior;Unassigned
Tunica Intima;Unassigned
Tunica Media;Unassigned
Aneurysm, False;Unassigned
Aneurysm, Ruptured;Unassigned
Iliac Aneurysm;Unassigned
Aortic Aneurysm, Abdominal;Unassigned
Aortic Aneurysm, Thoracic;Unassigned
Solitary Nucleus;Unassigned
Phosphorus Compounds;Unassigned
Carbon Compounds, Inorganic;Unassigned
Technetium Compounds;Unassigned
Ventral Tegmental Area;Unassigned
Postcholecystectomy Syndrome;Unassigned
Lung Diseases, Interstitial;Unassigned
Radiation Pneumonitis;Unassigned
Sarcoidosis, Pulmonary;Unassigned
Microvascular Angina;Unassigned
Rectus Abdominis;Unassigned
MyoD Protein;Unassigned
Leukotriene A4;Unassigned
Focal Epithelial Hyperplasia;Unassigned
Parasystole;Unassigned
Daptomycin;Unassigned
Cutaneous Fistula;Unassigned
Immunoglobulin Class Switching;Unassigned
Hyperandrogenism;Unassigned
Myelinolysis, Central Pontine;Unassigned
Kleine-Levin Syndrome;Unassigned
Renal Plasma Flow;Unassigned
Renal Plasma Flow, Effective;Unassigned
Renal Blood Flow, Effective;Unassigned
Neuroectodermal Tumors;Unassigned
Neuroectodermal Tumor, Melanotic;Unassigned
Oxygen Compounds;Unassigned
Bromine Compounds;Unassigned
Chlorine Compounds;Unassigned
Aluminum Compounds;Unassigned
Chromium Compounds;Unassigned
Barium Compounds;Unassigned
Calcium Compounds;Unassigned
Fluorine Compounds;Unassigned
Gold Compounds;Unassigned
Iodine Compounds;Unassigned
Enteric Nervous System;Unassigned
Magnesium Compounds;Unassigned
Periodontal Attachment Loss;Unassigned
WAGR Syndrome;Unassigned
Cochlear Nucleus;Unassigned
Microglia;Unassigned
Gap Junctions;Unassigned
Connexins;Unassigned
Asbestos, Serpentine;Unassigned
Magnesium Silicates;Unassigned
Self Tolerance;Unassigned
Clonal Anergy;Unassigned
Asbestos, Amphibole;Unassigned
Clonal Deletion;Unassigned
Asbestos, Crocidolite;Unassigned
Asbestos, Amosite;Unassigned
Silicates;Unassigned
Zeolites;Unassigned
Organosilicon Compounds;Unassigned
Silicon Compounds;Unassigned
Autoreceptors;Unassigned
Receptors, Presynaptic;Unassigned
Peplomycin;Unassigned
Hydroxyl Radical;Unassigned
Deuterium Oxide;Unassigned
Adipocytes;Unassigned
Mercury Compounds;Unassigned
Sodium Compounds;Unassigned
Platinum Compounds;Unassigned
Nitrogen Compounds;Unassigned
Sodium Chloride, Dietary;Unassigned
Hypophosphatemia;Unassigned
CREST Syndrome;Unassigned
Lichen Planus, Oral;Unassigned
Potassium Compounds;Unassigned
Hypereosinophilic Syndrome;Unassigned
Myocardial Stunning;Unassigned
Radon Daughters;Unassigned
Cholera Morbus;Unassigned
Polydactyly;Unassigned
Sodium Bicarbonate;Unassigned
Soft Tissue Injuries;Unassigned
Myopathies, Nemaline;Unassigned
Premenopause;Unassigned
Postmenopause;Unassigned
Pelvic Pain;Unassigned
Embolism, Cholesterol;Unassigned
Reticulocyte Count;Unassigned
Retropharyngeal Abscess;Unassigned
Baroreflex;Unassigned
Lignans;Unassigned
Lisinopril;Unassigned
Fractals;Unassigned
Community-Acquired Infections;Unassigned
Diabetic Foot;Unassigned
Ventricular Pressure;Unassigned
Cytomegalovirus Retinitis;Unassigned
Lymphoma, Large-Cell, Anaplastic;Unassigned
Presynaptic Terminals;Unassigned
Ki-1 Antigen;Unassigned
Lymphomatoid Papulosis;Unassigned
Leukoplakia, Hairy;Unassigned
Bile Ducts, Extrahepatic;Unassigned
Virus Latency;Unassigned
Macrophages, Peritoneal;Unassigned
Alkanesulfonic Acids;Unassigned
Arylsulfonic Acids;Unassigned
Medical Waste Disposal;Unassigned
Joint Capsule;Unassigned
Seafood;Unassigned
Greenhouse Effect;Unassigned
Ecosystem;Unassigned
Fractures, Malunited;Unassigned
Bone Malalignment;Unassigned
Nadroparin;Unassigned
Acid Anhydride Hydrolases;Unassigned
Ulnar Nerve Compression Syndromes;Unassigned
Lifting;Unassigned
Amyloid Neuropathies;Unassigned
Pelvic Floor;Unassigned
Long-Term Potentiation;Unassigned
Autonomic Pathways;Unassigned
Parasympathetic Fibers, Postganglionic;Unassigned
Vaccines, Combined;Unassigned
Sympathetic Fibers, Postganglionic;Unassigned
Malaria Vaccines;Unassigned
Genes, Immediate-Early;Unassigned
Superior Cervical Ganglion;Unassigned
Photons;Unassigned
Granuloma, Pyogenic;Unassigned
Furcation Defects;Unassigned
Bone Cysts, Aneurysmal;Unassigned
Canavan Disease;Unassigned
Machado-Joseph Disease;Unassigned
Rifabutin;Unassigned
Granisetron;Unassigned
Octoxynol;Unassigned
Visceral Afferents;Unassigned
Nedocromil;Unassigned
Ligamentum Flavum;Unassigned
Lateral Ligament, Ankle;Unassigned
Longitudinal Ligaments;Unassigned
Patellar Ligament;Unassigned
Phosphotransferases (Carboxyl Group Acceptor);Unassigned
Phosphotransferases (Nitrogenous Group Acceptor);Unassigned
Phosphotransferases (Alcohol Group Acceptor);Unassigned
Diphosphotransferases;Unassigned
Transferases (Other Substituted Phosphate Groups);Unassigned
Phosphotransferases (Phosphate Group Acceptor);Unassigned
Phosphotransferases (Paired Acceptors);Unassigned
Cyclic Nucleotide-Regulated Protein Kinases;Unassigned
Cyclic AMP-Dependent Protein Kinases;Unassigned
Cyclic GMP-Dependent Protein Kinases;Unassigned
Calcium-Calmodulin-Dependent Protein Kinases;Unassigned
Immediate-Early Proteins;Unassigned
Phosphotransferases (Phosphomutases);Unassigned
4,4'-Diisothiocyanostilbene-2,2'-Disulfonic Acid;Unassigned
Isothiocyanates;Unassigned
Limb Deformities, Congenital;Unassigned
Collateral Ligaments;Unassigned
Durapatite;Unassigned
Ossification of Posterior Longitudinal Ligament;Unassigned
Medial Collateral Ligament, Knee;Unassigned
Exfoliation Syndrome;Unassigned
Splenosis;Unassigned
Osmium Compounds;Unassigned
Manganese Compounds;Unassigned
Phosphites;Unassigned
Antiporters;Unassigned
Sodium-Hydrogen Exchangers;Unassigned
Genes, Reporter;Unassigned
DNA Primers;Unassigned
Peripheral Nervous System;Unassigned
Cytochrome a Group;Unassigned
Cytochrome d Group;Unassigned
Nitric Acid;Unassigned
Retinal Rod Photoreceptor Cells;Unassigned
Retinal Cone Photoreceptor Cells;Unassigned
Ganglia, Sensory;Unassigned
Antigen Presentation;Unassigned
Ganglia, Invertebrate;Unassigned
Isocyanates;Stressor
Photoreceptor Cells, Invertebrate;Unassigned
alpha-Linolenic Acid;Unassigned
Azithromycin;Unassigned
Itraconazole;Unassigned
gamma-Linolenic Acid;Unassigned
Pyramidal Cells;Unassigned
Zinc Compounds;Unassigned
Vanadium Compounds;Unassigned
Thorium Compounds;Unassigned
Tin Compounds;Unassigned
Tungsten Compounds;Unassigned
Uranium Compounds;Unassigned
Ruthenium Compounds;Unassigned
Phosphorus Acids;Unassigned
Receptors, Growth Factor;Unassigned
Gold Colloid;Unassigned
Receptors, Neurotransmitter;Unassigned
Receptors, Biogenic Amine;Unassigned
Receptors, Catecholamine;Unassigned
Enoxaparin;Unassigned
Dalteparin;Unassigned
Leukotriene C4;Unassigned
Leukotriene D4;Unassigned
Leukotriene E4;Unassigned
Receptors, Peptide;Unassigned
Receptors, Bradykinin;Unassigned
Receptors, Calcitonin;Unassigned
Receptors, Bombesin;Unassigned
Receptors, Vasoactive Intestinal Peptide;Unassigned
Myogenic Regulatory Factors;Unassigned
Myogenin;Unassigned
Receptors, Glycine;Unassigned
Receptors, Invertebrate Peptide;Unassigned
Chalcogens;Unassigned
Receptors, Neuropeptide;Unassigned
Receptors, Calcitonin Gene-Related Peptide;Unassigned
Receptors, Parathyroid Hormone;Unassigned
Receptors, Pituitary Hormone-Regulating Hormone;Unassigned
Receptors, Corticotropin-Releasing Hormone;Unassigned
Lithium Compounds;Unassigned
Lithium Chloride;Unassigned
HIV Seronegativity;Unassigned
Receptors, Thyrotropin-Releasing Hormone;Unassigned
Receptors, Pancreatic Hormone;Unassigned
Receptors, Glucagon;Unassigned
Receptors, Neurotensin;Unassigned
Rho(D) Immune Globulin;Unassigned
Silver Compounds;Unassigned
Connexin 43;Unassigned
Antibodies, Bispecific;Unassigned
Olfactory Receptor Neurons;Unassigned
Receptors, Odorant;Unassigned
Selenium Compounds;Unassigned
Sodium Selenite;Unassigned
Receptors, Tachykinin;Unassigned
Receptors, Neurokinin-1;Unassigned
Receptors, Neurokinin-2;Unassigned
Receptors, Neurokinin-3;Unassigned
Receptors, Corticotropin;Unassigned
Receptors, Oxytocin;Unassigned
Protein C Inhibitor;Unassigned
Receptors, Purinergic P1;Unassigned
Receptors, Purinergic P2;Unassigned
Arsenites;Unassigned
Hydrobromic Acid;Unassigned
Receptors, Eicosanoid;Unassigned
Hemorheology;Unassigned
Dental Waste;Unassigned
Tympanic Membrane Perforation;Unassigned
Hair Cells, Vestibular;Unassigned
Hair Cells, Auditory, Outer;Unassigned
Haemophilus Vaccines;Unassigned
Vaccines, Conjugate;Unassigned
RNA, Complementary;Unassigned
DNA, Complementary;Unassigned
Receptors, Leukotriene;Unassigned
Receptors, Prostaglandin E;Unassigned
Receptors, GABA;Unassigned
Receptors, GABA-B;Unassigned
Kringles;Unassigned
Regulon;Unassigned
Glutamate Dehydrogenase (NADP+);Unassigned
Plastids;Unassigned
Tuberculosis, Multidrug-Resistant;Unassigned
Superantigens;Unassigned
Receptors, AMPA;Unassigned
Receptors, Kainic Acid;Unassigned
Gelatinases;Unassigned
Receptors, Metabotropic Glutamate;Unassigned
Germ-Line Mutation;Unassigned
Receptors, Histamine H3;Unassigned
Receptors, Leukotriene B4;Unassigned
DNA, Kinetoplast;Unassigned
CD28 Antigens;Unassigned
Receptors, Lipoprotein;Unassigned
Chloride Channels;Unassigned
Stavudine;Unassigned
Finasteride;Unassigned
Receptors, Cytokine;Unassigned
B7-1 Antigen;Unassigned
Receptors, Interleukin;Unassigned
Receptors, Tumor Necrosis Factor;Unassigned
Receptors, Transforming Growth Factor beta;Unassigned
Odontodysplasia;Unassigned
Tumor Necrosis Factor Receptor Superfamily, Member 7;Unassigned
Phosphatidylinositol Phosphates;Unassigned
Diamond;Unassigned
Glucose Intolerance;Unassigned
Endolymphatic Hydrops;Unassigned
Receptors, Cytoplasmic and Nuclear;Unassigned
Receptors, Mineralocorticoid;Unassigned
Receptors, Calcitriol;Unassigned
Receptors, Retinoic Acid;Unassigned
Sumatriptan;Unassigned
Agrin;Unassigned
Circoviridae Infections;Unassigned
Arterivirus Infections;Unassigned
Birnaviridae Infections;Unassigned
Torovirus Infections;Unassigned
Flavivirus Infections;Unassigned
Flaviviridae Infections;Unassigned
Receptors, Thrombin;Unassigned
Thrombomodulin;Unassigned
Pestivirus Infections;Unassigned
Paramyxoviridae Infections;Unassigned
Morbillivirus Infections;Unassigned
Pneumovirus Infections;Unassigned
Cardiovirus Infections;Unassigned
Neoplasm, Lymphatic Tissue;Unassigned
Lymphangioma, Cystic;Unassigned
Lymphangioleiomyomatosis;Unassigned
Neoplasms, Complex and Mixed;Unassigned
Adenomyoma;Unassigned
Adenosarcoma;Unassigned
Carcinoma, Adenosquamous;Unassigned
Hepatoblastoma;Unassigned
Mixed Tumor, Malignant;Unassigned
Mixed Tumor, Mesodermal;Unassigned
Mixed Tumor, Mullerian;Unassigned
Nephroma, Mesoblastic;Unassigned
Pulmonary Blastoma;Unassigned
Sarcoma, Endometrial Stromal;Unassigned
Neoplasms, Connective and Soft Tissue;Unassigned
Neoplasms, Adipose Tissue;Unassigned
Angiolipoma;Unassigned
Angiomyolipoma;Unassigned
Liposarcoma, Myxoid;Unassigned
Myelolipoma;Unassigned
Chondromatosis;Unassigned
Chondrosarcoma, Mesenchymal;Unassigned
Giant Cell Tumor of Bone;Unassigned
Neoplasms, Bone Tissue;Unassigned
Fibroma, Ossifying;Unassigned
Osteoblastoma;Unassigned
Osteochondromatosis;Unassigned
Osteosarcoma, Juxtacortical;Unassigned
Neoplasms, Fibrous Tissue;Unassigned
Histiocytoma, Benign Fibrous;Unassigned
Fibroma, Desmoplastic;Unassigned
Fibromatosis, Abdominal;Unassigned
Desmoid Tumors;Unassigned
Dermatofibrosarcoma;Unassigned
Myofibromatosis;Unassigned
Neoplasms, Fibroepithelial;Unassigned
Fibroadenoma;Unassigned
Sarcoma, Clear Cell;Unassigned
Sarcoma, Small Cell;Unassigned
Angiomyoma;Unassigned
Leiomyoma, Epithelioid;Unassigned
Leiomyomatosis;Unassigned
Rhabdomyosarcoma, Alveolar;Unassigned
Rhabdomyosarcoma, Embryonal;Unassigned
Sarcoma, Alveolar Soft Part;Unassigned
Smooth Muscle Tumor;Unassigned
Carcinoma, Embryonal;Unassigned
Germinoma;Unassigned
Gonadoblastoma;Unassigned
Seminoma;Unassigned
Endodermal Sinus Tumor;Unassigned
Neuroectodermal Tumors, Primitive, Peripheral;Unassigned
Neuroectodermal Tumors, Primitive;Unassigned
Teratocarcinoma;Unassigned
Chromosomes, Artificial, Yeast;Unassigned
Trophoblastic Tumor, Placental Site;Unassigned
Adrenocortical Adenoma;Unassigned
Adenoma, Liver Cell;Unassigned
Adenoma, Oxyphilic;Unassigned
Acrospiroma;Unassigned
Hidrocystoma;Unassigned
Syringoma;Unassigned
Adenoma, Villous;Unassigned
Adenomatoid Tumor;Unassigned
Adenomatosis, Pulmonary;Unassigned
Adenomatous Polyps;Unassigned
Helix-Loop-Helix Motifs;Unassigned
Gelsolin;Unassigned
Mesothelioma, Cystic;Unassigned
Adenocarcinoma, Clear Cell;Unassigned
Adenocarcinoma, Follicular;Unassigned
Carcinoma, Papillary, Follicular;Unassigned
Adenocarcinoma, Sebaceous;Unassigned
Carcinoma, Acinar Cell;Unassigned
Adrenocortical Carcinoma;Unassigned
Carcinoma, Endometrioid;Unassigned
Carcinoma, Ductal, Breast;Unassigned
Signal Recognition Particle;Unassigned
Porins;Unassigned
Carcinoma, Islet Cell;Unassigned
Carcinoma, Lobular;Unassigned
Carcinoma, Medullary;Unassigned
Carcinoma, Mucoepidermoid;Unassigned
Carcinoma, Neuroendocrine;Unassigned
Carcinoma, Signet Ring Cell;Unassigned
Carcinoma, Skin Appendage;Unassigned
Cholangiocarcinoma;Unassigned
Cystadenocarcinoma, Mucinous;Unassigned
Cystadenocarcinoma, Papillary;Unassigned
Cystadenocarcinoma, Serous;Unassigned
Klatskin Tumor;Unassigned
Carcinoma, Giant Cell;Unassigned
Carcinoma, Large Cell;Unassigned
Carcinoma, Small Cell;Unassigned
Carcinoma, Verrucous;Unassigned
Cystadenoma, Mucinous;Unassigned
Cystadenoma, Papillary;Unassigned
Cystadenoma, Serous;Unassigned
Neoplasms, Adnexal and Skin Appendage;Unassigned
Neoplasms, Basal Cell;Unassigned
Pilomatrixoma;Unassigned
Neoplasms, Cystic, Mucinous, and Serous;Unassigned
Mucoepidermoid Tumor;Unassigned
Neoplasms, Ductal, Lobular, and Medullary;Unassigned
Papilloma, Intraductal;Unassigned
Neoplasms, Mesothelial;Unassigned
Neoplasms, Neuroepithelial;Unassigned
Ganglioglioma;Unassigned
Esthesioneuroblastoma, Olfactory;Unassigned
Ganglioneuroblastoma;Unassigned
Neurocytoma;Unassigned
Neoplasms, Squamous Cell;Unassigned
Papilloma, Inverted;Unassigned
Neoplasms, Gonadal Tissue;Unassigned
Sertoli-Leydig Cell Tumor;Unassigned
Luteoma;Unassigned
Sex Cord-Gonadal Stromal Tumors;Unassigned
Glioma, Subependymal;Unassigned
Gliosarcoma;Unassigned
Nerve Sheath Neoplasms;Unassigned
Neurofibroma, Plexiform;Unassigned
Neurofibrosarcoma;Unassigned
Neurothekeoma;Unassigned
Angiofibroma;Unassigned
Hemangioendothelioma, Epithelioid;Unassigned
Hemangioma, Capillary;Unassigned
Hemangioblastoma;Unassigned
Nevi and Melanomas;Unassigned
Hutchinson's Melanotic Freckle;Unassigned
Melanoma, Amelanotic;Unassigned
Nevus, Blue;Unassigned
Nevus, Intradermal;Unassigned
Nevus, Spindle Cell;Unassigned
Nevus, Epithelioid and Spindle Cell;Unassigned
Odontogenic Cyst, Calcifying;Unassigned
Rhabdoid Tumor;Unassigned
Receptors, Aryl Hydrocarbon;Unassigned
Receptors, Adrenergic, alpha-1;Unassigned
Receptors, Adrenergic, alpha-2;Unassigned
Receptors, Adrenergic, beta-1;Unassigned
Receptors, Adrenergic, beta-2;Unassigned
T-Lymphocytopenia, Idiopathic CD4-Positive;Unassigned
Hepadnaviridae Infections;Unassigned
alpha-Amino-3-hydroxy-5-methyl-4-isoxazolepropionic Acid;Unassigned
Coronavirus Infections;Unassigned
Rhabdoviridae Infections;Unassigned
Alphavirus Infections;Unassigned
Rubivirus Infections;Unassigned
Respiratory Syncytial Virus Infections;Unassigned
Neuroendocrine Tumors;Unassigned
Neoplasm, Residual;Unassigned
Vasculitis, Leukocytoclastic, Cutaneous;Unassigned
Leukocyte-Adhesion Deficiency Syndrome;Unassigned
Peripheral Nervous System Agents;Unassigned
LLC-PK1 Cells;Unassigned
Neutrophil Activation;Unassigned
Cardiovascular Abnormalities;Unassigned
Neurotransmitter Agents;Unassigned
Thyroid Hormone Resistance Syndrome;Unassigned
Bay-Region, Polycyclic Aromatic Hydrocarbon;Unassigned
Oxidative Stress;Unassigned
Centrosome;Unassigned
Kinetochores;Unassigned
Codon, Initiator;Unassigned
Codon, Terminator;Unassigned
Codon, Nonsense;Unassigned
Genomic Imprinting;Unassigned
CA-125 Antigen;Unassigned
CA-19-9 Antigen;Unassigned
Mucin-1;Unassigned
Homeodomain Proteins;Unassigned
Isochromosomes;Unassigned
Virus Physiological Phenomena;Unassigned
Bacterial Physiological Phenomena;Unassigned
Foot Injuries;Unassigned
Pneumonia, Bacterial;Unassigned
CD8-Positive T-Lymphocytes;Unassigned
Th1 Cells;Cellular
Th2 Cells;Cellular
Primate Diseases;Unassigned
Ape Diseases;Unassigned
Cholesteatoma, Middle Ear;Unassigned
Drug Resistance, Multiple;Unassigned
ATP Binding Cassette Transporter, Subfamily B;Unassigned
Brown-Sequard Syndrome;Unassigned
Blue Toe Syndrome;Unassigned
beta-Lactam Resistance;Unassigned
Biofilms;Unassigned
Lymphoma, B-Cell, Marginal Zone;Unassigned
SAIDS Vaccines;Unassigned
Disease Progression;Unassigned
Homosexuality, Male;Unassigned
Homosexuality, Female;Unassigned
Protein S Deficiency;Unassigned
Placenta, Retained;Unassigned
Persistent Vegetative State;Unassigned
Lichen Sclerosus et Atrophicus;Unassigned
Fractures, Comminuted;Unassigned
Soft Tissue Infections;Unassigned
Gravity Sensing;Unassigned
Positive-Pressure Respiration, Intrinsic;Unassigned
Gravity, Altered;Unassigned
Hypergravity;Unassigned
Hypogravity;Unassigned
Head-Down Tilt;Unassigned
Hypokinesia;Unassigned
Convection;Unassigned
Muscle, Skeletal;Unassigned
Diaphyses;Unassigned
Muscle Fibers, Skeletal;Unassigned
Ventricular Dysfunction, Left;Unassigned
Bone Demineralization, Pathologic;Unassigned
Space Motion Sickness;Unassigned
Serotonin Agents;Unassigned
Dopamine Agonists;Unassigned
Dopamine Antagonists;Unassigned
Cardiovascular Deconditioning;Unassigned
Histamine Agents;Unassigned
Fluid Shifts;Unassigned
Hyperoxia;Unassigned
Ventricular Dysfunction, Right;Unassigned
Linear Energy Transfer;Unassigned
Diabetes Insipidus, Nephrogenic;Unassigned
Antirheumatic Agents;Unassigned
Genome, Protozoan;Unassigned
Ecological Systems, Closed;Unassigned
Gene Expression Regulation, Plant;Unassigned
Gene Expression Regulation, Developmental;Unassigned
DNA, Helminth;Unassigned
RNA, Helminth;Unassigned
Parasitemia;Unassigned
Plant Structures;Unassigned
Plant Leaves;Unassigned
Pulvinus;Unassigned
Plant Roots;Unassigned
Plant Root Cap;Unassigned
Meristem;Unassigned
Plant Shoots;Unassigned
Plant Physiological Phenomena;Unassigned
Gravitropism;Unassigned
Tropism;Unassigned
Phototropism;Unassigned
Germination;Unassigned
Plant Transpiration;Unassigned
ATP-Binding Cassette Transporters;Unassigned
Gastric Stump;Unassigned
Biomass;Unassigned
Earth, Planet;Unassigned
Mars;Unassigned
Venus;Unassigned
Mercury, Planet;Unassigned
Jupiter;Unassigned
Saturn;Unassigned
Uranus;Unassigned
Neptune;Unassigned
Pluto;Unassigned
Minor Planets;Unassigned
Hypocotyl;Unassigned
Plant Stems;Unassigned
Cotyledon;Unassigned
Cryptogenic Organizing Pneumonia;Unassigned
Cephalosporin Resistance;Unassigned
Crops, Agricultural;Unassigned
Food-Drug Interactions;Unassigned
Pregnancy, High-Risk;Unassigned
Breast Neoplasms, Male;Unassigned
Crown-Rump Length;Unassigned
Pliability;Unassigned
Gastroparesis;Unassigned
Minisatellite Repeats;Unassigned
King's Evil;Unassigned
Milk Sickness;Unassigned
Spontaneous Combustion;Unassigned
Sweating Sickness;Unassigned
PrPSc Proteins;Unassigned
PrPC Proteins;Unassigned
PrP 27-30 Protein;Unassigned
Retroelements;Unassigned
Gene Dosage;Unassigned
Vitreoretinopathy, Proliferative;Unassigned
ras Proteins;Unassigned
Pulmonary Atresia;Unassigned
Hypoplastic Left Heart Syndrome;Unassigned
Contact Lens Solutions;Unassigned
Stomatognathic System Abnormalities;Unassigned
Absinthe;Unassigned
Amber;Unassigned
Ambergris;Unassigned
Lymphocyte Count;Unassigned
Muscle Fibers, Fast-Twitch;Unassigned
Muscle Fibers, Slow-Twitch;Unassigned
Ventricular Septal Rupture;Unassigned
Adrenergic Agents;Unassigned
Interleukin-12;Unassigned
Adrenergic Antagonists;Unassigned
Tooth Injuries;Unassigned
Cholinergic Agents;Unassigned
Cholinergic Agonists;Unassigned
Cholinergic Antagonists;Unassigned
Anesthetics, General;Unassigned
GABA Agents;Unassigned
Excitatory Amino Acid Agents;Unassigned
Glycine Agents;Unassigned
Anesthetics, Inhalation;Unassigned
Anesthetics, Intravenous;Unassigned
Antidepressive Agents, Second-Generation;Unassigned
Sensory System Agents;Unassigned
Excitatory Amino Acid Agonists;Unassigned
Excitatory Amino Acid Antagonists;Unassigned
Antimanic Agents;Unassigned
Neuroprotective Agents;Unassigned
Nootropic Agents;Unassigned
Glutamic Acid;Unassigned
Coated Vesicles;Unassigned
Mononegavirales Infections;Unassigned
Filoviridae Infections;Unassigned
Founder Effect;Unassigned
Volcanic Eruptions;Unassigned
Analgesics, Non-Narcotic;Unassigned
Molecular Mimicry;Unassigned
Purple Membrane;Unassigned
Receptor, ErbB-2;Unassigned
Muscarinic Agonists;Unassigned
Nicotinic Agonists;Unassigned
Bethanechol;Unassigned
Tar-Water;Unassigned
Anti-Dyskinesia Agents;Unassigned
Muscarinic Antagonists;Unassigned
Entorhinal Cortex;Unassigned
Nicotinic Antagonists;Unassigned
Genes, erbB-2;Unassigned
DNA Adducts;Unassigned
Hand Strength;Unassigned
Hexamethonium;Unassigned
Oncogene Proteins v-erbB;Unassigned
Genetic Heterogeneity;Unassigned
Replication Origin;Unassigned
DNA, Chloroplast;Unassigned
DNA, Plant;Unassigned
Genome, Plant;Unassigned
Systemic Inflammatory Response Syndrome;Unassigned
RNA, Chloroplast;Unassigned
RNA, Plant;Unassigned
6-Cyano-7-nitroquinoxaline-2,3-dione;Unassigned
Diet, Fat-Restricted;Unassigned
Diet, Protein-Restricted;Unassigned
Ventricular Dysfunction;Unassigned
GABA Agonists;Unassigned
GABA Antagonists;Unassigned
GABA Modulators;Unassigned
Stimulants, Historical;Unassigned
Adrenergic Uptake Inhibitors;Unassigned
Multiple Endocrine Neoplasia Type 1;Unassigned
Muscle Fatigue;Unassigned
Dopamine Uptake Inhibitors;Unassigned
Arthralgia;Unassigned
Genes, erbB-1;Unassigned
Oncogene Proteins v-erbA;Unassigned
Genes, erbA;Unassigned
Multiple Chemical Sensitivity;Unassigned
Hantavirus Infections;Unassigned
Tension-Type Headache;Unassigned
Impotence, Vasculogenic;Unassigned
Abdominal Abscess;Unassigned
Tricuspid Atresia;Unassigned
Bone Substitutes;Unassigned
CD4 Lymphocyte Count;Unassigned
Encephalitis, Viral;Unassigned
Interleukin-13;Unassigned
Immunoconjugates;Unassigned
Cell Cycle Proteins;Unassigned
Anemia, Iron-Deficiency;Unassigned
Intercellular Adhesion Molecule-1;Unassigned
Thy-1 Antigens;Unassigned
CD2 Antigens;Unassigned
Hantavirus Pulmonary Syndrome;Unassigned
Sepsis;Unassigned
Polymorphism, Single-Stranded Conformational;Unassigned
Transcription Factor AP-1;Unassigned
Proliferating Cell Nuclear Antigen;Unassigned
Multiple Endocrine Neoplasia Type 2a;Unassigned
Multiple Endocrine Neoplasia Type 2b;Unassigned
Genes, erbB;Unassigned
Genes, cdc;Unassigned
N-Methyl-3,4-methylenedioxyamphetamine;Unassigned
Fenoldopam;Unassigned
Dipeptidyl Peptidase 4;Unassigned
CD18 Antigens;Unassigned
alpha-Endorphin;Unassigned
gamma-Endorphin;Unassigned
CD13 Antigens;Unassigned
Carcinoma, Lewis Lung;Unassigned
Immunoglobulins, Thyroid-Stimulating;Unassigned
Adhesins, Bacterial;Unassigned
Adhesins, Escherichia coli;Unassigned
Molecular Chaperones;Unassigned
Chaperonins;Unassigned
Chaperonin 60;Unassigned
Chaperonin 10;Unassigned
Inflammation Mediators;Unassigned
HSP70 Heat-Shock Proteins;Unassigned
HSP90 Heat-Shock Proteins;Unassigned
Cyclin-Dependent Kinases;Unassigned
CD11 Antigens;Unassigned
Excitatory Amino Acids;Unassigned
Opioid Peptides;Unassigned
Cystitis, Interstitial;Unassigned
Germinal Center;Unassigned
Hair Follicle;Unassigned
Sneddon Syndrome;Unassigned
Merkel Cells;Unassigned
Heat-Shock Response;Unassigned
Endoplasmic Reticulum, Rough;Unassigned
Endoplasmic Reticulum, Smooth;Unassigned
Pregnancy Rate;Unassigned
Spheroids, Cellular;Unassigned
Environmental Illness;Unassigned
Sick Building Syndrome;Unassigned
Limb Buds;Unassigned
Ventricular Premature Complexes;Unassigned
Atrial Premature Complexes;Unassigned
Heat Stress Disorders;Unassigned
Heat Stroke;Unassigned
Aphasia, Conduction;Unassigned
Landau-Kleffner Syndrome;Unassigned
Aphasia, Primary Progressive;Unassigned
Dentate Gyrus;Unassigned
Proton-Motive Force;Unassigned
Reverse Transcriptase Inhibitors;Unassigned
Microsatellite Repeats;Unassigned
CpG Islands;Unassigned
Dinucleotide Repeats;Unassigned
Peroxisomal Disorders;Unassigned
Chondrodysplasia Punctata, Rhizomelic;Unassigned
Antineoplastic Agents, Alkylating;Unassigned
Muscle Weakness;Unassigned
src Homology Domains;Unassigned
Trinucleotide Repeats;Unassigned
Event-Related Potentials, P300;Unassigned
Cells, Immobilized;Unassigned
Blood-Aqueous Barrier;Unassigned
Optic Neuropathy, Ischemic;Unassigned
Neovascularization, Physiologic;Unassigned
Leukostasis;Unassigned
HL-60 Cells;Unassigned
Persian Gulf Syndrome;Unassigned
Vascular Capacitance;Unassigned
Chemokines;Unassigned
Anti-Allergic Agents;Unassigned
Anti-Asthmatic Agents;Unassigned
Immunity, Mucosal;Unassigned
Antineoplastic Agents, Hormonal;Unassigned
Chemokine CCL2;Unassigned
Pili, Sex;Unassigned
Fournier Gangrene;Unassigned
Hepatitis C Antigens;Unassigned
Hepatitis C Antibodies;Unassigned
Caco-2 Cells;Unassigned
Antigens, CD19;Unassigned
Macrolides;Unassigned
Anthracyclines;Unassigned
Monocyte Chemoattractant Proteins;Unassigned
Chemokine CCL5;Unassigned
Antigens, CD1;Unassigned
Lipopolysaccharide Receptors;Unassigned
Antigens, CD20;Unassigned
Antigens, CD34;Unassigned
Drugs, Essential;Unassigned
CD36 Antigens;Unassigned
CD5 Antigens;Unassigned
CD59 Antigens;Unassigned
CD55 Antigens;Unassigned
CD57 Antigens;Unassigned
Hyaluronan Receptors;Unassigned
Hepatitis Antigens;Unassigned
Frameshifting, Ribosomal;Unassigned
Risperidone;Unassigned
CD58 Antigens;Unassigned
Insulin-Like Growth Factor Binding Proteins;Unassigned
Insulin-Like Growth Factor Binding Protein 1;Unassigned
Insulin-Like Growth Factor Binding Protein 2;Unassigned
Insulin-Like Growth Factor Binding Protein 3;Unassigned
Insulin-Like Growth Factor Binding Protein 4;Unassigned
Insulin-Like Growth Factor Binding Protein 5;Unassigned
Insulin-Like Growth Factor Binding Protein 6;Unassigned
Micronutrients;Unassigned
Molting;Unassigned
Myositis, Inclusion Body;Unassigned
Williams Syndrome;Unassigned
Congenital Disorders of Glycosylation;Unassigned
Epitopes, T-Lymphocyte;Unassigned
Epitopes, B-Lymphocyte;Unassigned
Salivary Ducts;Unassigned
Bacterial Translocation;Unassigned
Myelin Proteolipid Protein;Unassigned
Myelin-Associated Glycoprotein;Unassigned
Myelin P0 Protein;Unassigned
Myosin Light Chains;Unassigned
Myosin Heavy Chains;Unassigned
Myelin P2 Protein;Unassigned
Chorionic Gonadotropin, beta Subunit, Human;Unassigned
Wheat Germ Agglutinin-Horseradish Peroxidase Conjugate;Unassigned
Charybdotoxin;Unassigned
Phosphotyrosine;Unassigned
Nitric Oxide Synthase;Unassigned
CD56 Antigen;Unassigned
Deoxyribonuclease HpaII;Unassigned
Galanin;Unassigned
Cystic Fibrosis Transmembrane Conductance Regulator;Unassigned
Neural Cell Adhesion Molecules;Unassigned
P-Selectin;Unassigned
Drug Resistance, Neoplasm;Unassigned
Proto-Oncogene Proteins c-kit;Unassigned
Vascular Cell Adhesion Molecule-1;Unassigned
Antigens, CD7;Unassigned
Integrin beta1;Unassigned
CD40 Antigens;Unassigned
fas Receptor;Unassigned
Geologic Sediments;Unassigned
Mineral Fibers;Unassigned
Receptors, Vitronectin;Unassigned
Platelet Glycoprotein GPIb-IX Complex;Unassigned
Platelet Glycoprotein GPIIb-IIIa Complex;Unassigned
E-Selectin;Unassigned
L-Selectin;Unassigned
Muscle Neoplasms;Unassigned
Vascular Neoplasms;Unassigned
Bone Marrow Neoplasms;Unassigned
Prostatic Intraepithelial Neoplasia;Unassigned
Depression, Postpartum;Unassigned
HIV Enteropathy;Unassigned
Evoked Potentials, Motor;Unassigned
No-Observed-Adverse-Effect Level;Unassigned
Receptors, Polymeric Immunoglobulin;Unassigned
src-Family Kinases;Unassigned
Cell Adhesion Molecules, Neuron-Glia;Unassigned
Tenascin;Unassigned
Virus Assembly;Unassigned
Facies;Unassigned
Antibody-Dependent Enhancement;Unassigned
Cell Respiration;Unassigned
Cell Lineage;Unassigned
HT29 Cells;Unassigned
Epigastric Arteries;Unassigned
Transgenes;Unassigned
Helix-Turn-Helix Motifs;Unassigned
Cafe-au-Lait Spots;Unassigned
O Antigens;Unassigned
Smith-Lemli-Opitz Syndrome;Unassigned
Bridged Bicyclo Compounds, Heterocyclic;Unassigned
Selectins;Unassigned
Stem Cell Factor;Unassigned
Vitronectin;Unassigned
Telomerase;Unassigned
Postoperative Hemorrhage;Unassigned
Tight Junctions;Unassigned
Meteoroids;Unassigned
Fasciitis, Necrotizing;Unassigned
Burkholderia Infections;Unassigned
Antibodies, Blocking;Unassigned
Tumor Escape;Unassigned
Respiratory System Agents;Unassigned
Hemorrhagic Fever, Ebola;Unassigned
Evolution, Molecular;Unassigned
Vomeronasal Organ;Unassigned
Neuroaxonal Dystrophies;Unassigned
Peptide Library;Unassigned
Protein Splicing;Unassigned
Veterinary Drugs;Unassigned
N-Acetylneuraminic Acid;Unassigned
Nonheme Iron Proteins;Unassigned
Hydroxymethylglutaryl-CoA Reductase Inhibitors;Unassigned
Anesthetics, Combined;Unassigned
Reducing Agents;Unassigned
Appetite Stimulants;Unassigned
Jurkat Cells;Unassigned
Somites;Unassigned
DNA Methylation;Unassigned
Cadmium Compounds;Unassigned
Organ Preservation Solutions;Unassigned
Iron Metabolism Disorders;Unassigned
Iron Overload;Unassigned
GTP-Binding Proteins;Unassigned
GTP-Binding Protein alpha Subunits, Gs;Unassigned
GTP-Binding Protein alpha Subunits, Gi-Go;Unassigned
beta Carotene;Unassigned
Brain-Derived Neurotrophic Factor;Unassigned
Troponin C;Unassigned
Troponin I;Unassigned
Gingival Overgrowth;Unassigned
Metals, Heavy;Unassigned
Tooth Attrition;Unassigned
High-Energy Shock Waves;Unassigned
Temporomandibular Joint Disc;Unassigned
Oral Ulcer;Unassigned
Tooth Apex;Unassigned
Tooth Crown;Unassigned
Dentition, Permanent;Unassigned
Dentinal Fluid;Unassigned
Tooth Cervix;Unassigned
RNA, Satellite;Unassigned
Compressive Strength;Unassigned
HIV Wasting Syndrome;Unassigned
Nucleocapsid;Unassigned
Proto-Oncogene Proteins c-bcl-2;Unassigned
Genes, bcl-2;Unassigned
NADPH Oxidases;Unassigned
Cadmium Chloride;Unassigned
Quinpirole;Unassigned
Saquinavir;Unassigned
Lamivudine;Unassigned
Epithalamus;Unassigned
Habenula;Unassigned
Iron, Dietary;Unassigned
Hemagglutinin Glycoproteins, Influenza Virus;Unassigned
Antibodies, Antineutrophil Cytoplasmic;Unassigned
Phosphatidylinositol 4,5-Diphosphate;Unassigned
Fructosamine;Unassigned
Hypoxanthine;Unassigned
Leukocyte Elastase;Unassigned
Botulinum Toxins, Type A;Unassigned
Radiopharmaceuticals;Unassigned
Glycocalyx;Unassigned
Entropy;Unassigned
Matrix Metalloproteinase 3;Unassigned
Resin Cements;Unassigned
Branchio-Oto-Renal Syndrome;Unassigned
Dimerization;Unassigned
Wasting Syndrome;Unassigned
Pancreatitis, Acute Necrotizing;Unassigned
Thapsigargin;Unassigned
Endopeptidase K;Unassigned
Zinc Sulfate;Unassigned
Pyruvic Acid;Unassigned
Megestrol Acetate;Unassigned
Skull Base;Unassigned
Skull Base Neoplasms;Unassigned
Xanthomatosis, Cerebrotendinous;Unassigned
2,4-Dinitrophenol;Unassigned
Glucose-6-Phosphate;Unassigned
Oleic Acid;Unassigned
HIV Envelope Protein gp160;Unassigned
Ethinyl Estradiol-Norgestrel Combination;Unassigned
Epilepsy, Rolandic;Unassigned
1-(5-Isoquinolinesulfonyl)-2-Methylpiperazine;Unassigned
Palmitic Acid;Unassigned
Epstein-Barr Virus Nuclear Antigens;Unassigned
Pseudolymphoma;Unassigned
Staurosporine;Unassigned
BRCA1 Protein;Unassigned
Dehydroepiandrosterone Sulfate;Unassigned
Retrobulbar Hemorrhage;Unassigned
Porcine Reproductive and Respiratory Syndrome;Unassigned
Okadaic Acid;Unassigned
Embolism, Paradoxical;Unassigned
omega-N-Methylarginine;Unassigned
beta-Naphthoflavone;Unassigned
3-O-Methylglucose;Unassigned
17-alpha-Hydroxyprogesterone;Unassigned
Copper Sulfate;Unassigned
Buthionine Sulfoximine;Unassigned
Idazoxan;Unassigned
NG-Nitroarginine Methyl Ester;Unassigned
Endothelin-1;Unassigned
Endothelin-2;Unassigned
Endothelin-3;Unassigned
Nitroarginine;Unassigned
Hematologic Neoplasms;Unassigned
Port-Wine Stain;Unassigned
Acetic Acid;Unassigned
Citric Acid;Unassigned
Lactic Acid;Unassigned
Zinc Acetate;Unassigned
Sodium Acetate;Unassigned
Potassium Acetate;Unassigned
Roseolovirus Infections;Unassigned
Astroviridae Infections;Unassigned
Rubulavirus Infections;Unassigned
Sodium Lactate;Unassigned
Calcium Citrate;Unassigned
Potassium Citrate;Unassigned
Fat Substitutes;Unassigned
Cytochrome P-450 CYP2B1;Unassigned
Cytochrome P-450 CYP1A1;Unassigned
12-Hydroxy-5,8,10,14-eicosatetraenoic Acid;Unassigned
Teriparatide;Unassigned
Anti-HIV Agents;Unassigned
Human Growth Hormone;Unassigned
Nucleic Acid Synthesis Inhibitors;Unassigned
Alendronate;Unassigned
Cytochrome P-450 CYP1A2;Unassigned
Cytochrome P-450 CYP2D6;Unassigned
Arrestins;Unassigned
Cytochrome P-450 CYP2E1;Unassigned
Arrestin;Unassigned
Ki-67 Antigen;Unassigned
Tissue Polypeptide Antigen;Unassigned
Genes, BRCA1;Unassigned
Cucumber Mosaic Virus Satellite;Unassigned
Macrophage Inflammatory Proteins;Unassigned
Cytochrome P-450 CYP11B2;Unassigned
Platelet Endothelial Cell Adhesion Molecule-1;Unassigned
Interleukin-15;Unassigned
Interleukin-16;Unassigned
Torque;Unassigned
Head Movements;Unassigned
Evolution, Chemical;Unassigned
Evolution, Planetary;Unassigned
Dietary Sucrose;Unassigned
Integrases;Unassigned
HIV Integrase;Unassigned
HIV Integrase Inhibitors;Unassigned
Integrase Inhibitors;Unassigned
Chickenpox Vaccine;Unassigned
Ritonavir;Unassigned
Chromaffin Cells;Unassigned
Anti-Obesity Agents;Unassigned
Plant Epidermis;Unassigned
Cosmic Dust;Unassigned
Vaccines, DNA;Unassigned
Solar Activity;Unassigned
Endotoxemia;Unassigned
Pouchitis;Unassigned
Genes, MDR;Unassigned
Chromosome Breakage;Unassigned
Urothelium;Unassigned
Syncope, Vasovagal;Unassigned
Craniofacial Abnormalities;Unassigned
Glare;Unassigned
Indinavir;Unassigned
Elementary Particle Interactions;Unassigned
Transcription Factors, TFII;Unassigned
Transcription Factors, TFIII;Unassigned
Camphor 5-Monooxygenase;Unassigned
Insect Proteins;Unassigned
Disintegrins;Unassigned
Bone Morphogenetic Proteins;Unassigned
Cancer Vaccines;Unassigned
Pancreatitis, Alcoholic;Unassigned
Postprandial Period;Unassigned
Body Patterning;Unassigned
Vaginal Discharge;Unassigned
Sexuality;Unassigned
Shoulder Impingement Syndrome;Unassigned
Area Under Curve;Unassigned
Neck Pain;Unassigned
Dental Disinfectants;Unassigned
Tooth, Nonvital;Unassigned
COS Cells;Unassigned
Dermatitis, Perioral;Unassigned
Capillary Leak Syndrome;Unassigned
Viral Load;Unassigned
Metals, Light;Unassigned
Back Injuries;Unassigned
Lung, Hyperlucent;Unassigned
Hemifacial Spasm;Unassigned
Arrhythmogenic Right Ventricular Dysplasia;Unassigned
Retinal Neoplasms;Unassigned
Epithelium, Corneal;Unassigned
Optic Nerve Neoplasms;Unassigned
Blindness, Cortical;Unassigned
Multiple System Atrophy;Unassigned
Neocortex;Unassigned
Perforant Pathway;Unassigned
Neuropil;Unassigned
Hot Flashes;Unassigned
Intracranial Hypotension;Unassigned
Intracranial Hypertension;Unassigned
Dietary Supplements;Unassigned
Aging, Premature;Unassigned
Tooth Components;Unassigned
Nucleocapsid Proteins;Unassigned
Pseudophakia;Unassigned
Severe Dengue;Unassigned
Mossy Fibers, Hippocampal;Unassigned
Neuropil Threads;Unassigned
Phosphoamino Acids;Unassigned
Cytoprotection;Unassigned
Neurodegenerative Diseases;Unassigned
DNA, Archaeal;Unassigned
RNA, Archaeal;Unassigned
Decompression, Explosive;Unassigned
Foods, Specialized;Unassigned
Myeloablative Agonists;Unassigned
Quantitative Trait, Heritable;Unassigned
Loss of Heterozygosity;Unassigned
Genes, T-Cell Receptor;Unassigned
Genes, T-Cell Receptor alpha;Unassigned
Genes, T-Cell Receptor beta;Unassigned
Genes, T-Cell Receptor gamma;Unassigned
Genes, T-Cell Receptor delta;Unassigned
Kininogen, High-Molecular-Weight;Unassigned
Trinucleotide Repeat Expansion;Unassigned
Penetrance;Unassigned
Uterine Inversion;Unassigned
Technetium Tc 99m Exametazime;Unassigned
Hepatitis, Autoimmune;Unassigned
Hepatitis B, Chronic;Unassigned
Glycyrrhizic Acid;Unassigned
Peptidylprolyl Isomerase;Unassigned
Hepatitis C, Chronic;Unassigned
Thrombospondins;Unassigned
Thrombospondin 1;Unassigned
Hepatitis D, Chronic;Unassigned
Calcineurin;Unassigned
Protein Disulfide-Isomerases;Unassigned
Excitatory Postsynaptic Potentials;Unassigned
Receptors, Chemokine;Unassigned
Receptors, CCR5;Unassigned
Tissue Inhibitor of Metalloproteinases;Unassigned
Tissue Inhibitor of Metalloproteinase-1;Unassigned
Tissue Inhibitor of Metalloproteinase-2;Unassigned
Tissue Inhibitor of Metalloproteinase-3;Unassigned
Receptors, CXCR4;Unassigned
Kininogen, Low-Molecular-Weight;Unassigned
Carbon-Oxygen Ligases;Unassigned
Carbon-Sulfur Ligases;Unassigned
Carbon-Nitrogen Ligases;Unassigned
Amide Synthases;Unassigned
Carbon-Nitrogen Ligases with Glutamine as Amide-N-Donor;Unassigned
Carbon-Carbon Ligases;Unassigned
Transplants;Unassigned
Surgically-Created Structures;Unassigned
Skeletal Muscle Ventricle;Unassigned
Chemokines, CC;Unassigned
Chemokines, CXC;Unassigned
Chemokines, C;Unassigned
cis-trans-Isomerases;Unassigned
Intramolecular Oxidoreductases;Unassigned
Aldose-Ketose Isomerases;Unassigned
Carbon-Carbon Double Bond Isomerases;Unassigned
Sulfur-Sulfur Bond Isomerases;Unassigned
Intramolecular Transferases;Unassigned
Intramolecular Lyases;Unassigned
Carbon-Carbon Lyases;Unassigned
Carbon-Oxygen Lyases;Unassigned
Carbon-Nitrogen Lyases;Unassigned
Amidine-Lyases;Unassigned
Phosphorus-Oxygen Lyases;Unassigned
Heparin Lyase;Unassigned
Phosphoenolpyruvate Carboxykinase (ATP);Unassigned
Chondroitin ABC Lyase;Unassigned
Genes, Archaeal;Unassigned
Maxillofacial Abnormalities;Unassigned
Topotecan;Unassigned
Epiretinal Membrane;Unassigned
Blood Coagulation Factor Inhibitors;Unassigned
Technetium Tc 99m Lidofenin;Unassigned
Riluzole;Unassigned
Technetium Tc 99m Dimercaptosuccinic Acid;Unassigned
Technetium Tc 99m Diethyl-iminodiacetic Acid;Unassigned
Technetium Tc 99m Disofenin;Unassigned
Gadolinium DTPA;Unassigned
Linoleic Acid;Unassigned
Fluorodeoxyglucose F18;Unassigned
Tetraethylammonium;Unassigned
Guanidine;Unassigned
Fluorescein;Unassigned
2,3-Diphosphoglycerate;Unassigned
15-Hydroxy-11 alpha,9 alpha-(epoxymethano)prosta-5,13-dienoic Acid;Unassigned
3-Iodobenzylguanidine;Unassigned
Neopterin;Unassigned
Phenol;Unassigned
Succinic Acid;Unassigned
Glutathione Disulfide;Unassigned
Mesalamine;Unassigned
alpha-Methyltyrosine;Unassigned
Cromakalim;Unassigned
Iodoacetic Acid;Unassigned
Losartan;Unassigned
Streptavidin;Unassigned
Sodium Azide;Unassigned
Hydroxylamine;Unassigned
Heparan Sulfate Proteoglycans;Unassigned
1,2-Dimethylhydrazine;Unassigned
Myristic Acid;Unassigned
Oxalic Acid;Unassigned
Benzoic Acid;Unassigned
Clavulanic Acid;Unassigned
Budesonide;Stressor
Xanthine;Unassigned
Simvastatin;Unassigned
beta-MSH;Unassigned
gamma-MSH;Unassigned
Cholic Acid;Unassigned
Nevirapine;Unassigned
Adenosine-5'-(N-ethylcarboxamide);Unassigned
Sodium-Calcium Exchanger;Unassigned
N-Methylscopolamine;Unassigned
Genistein;Unassigned
FMRFamide;Unassigned
Ryanodine Receptor Calcium Release Channel;Unassigned
Neck Injuries;Unassigned
2-Propanol;Unassigned
Ciliary Arteries;Unassigned
Archaeal Proteins;Unassigned
Antibodies, Archaeal;Unassigned
Antigens, Archaeal;Unassigned
Miller Fisher Syndrome;Unassigned
Chromosomes, Archaeal;Unassigned
Gene Expression Regulation, Archaeal;Unassigned
Sex Determination Processes;Unassigned
Heptanol;Unassigned
Thrombophilia;Unassigned
Diacylglycerol Kinase;Unassigned
O(6)-Methylguanine-DNA Methyltransferase;Unassigned
Ethylene Glycol;Unassigned
Ethanolamine;Unassigned
Enteroendocrine Cells;Unassigned
Proto-Oncogene Proteins c-met;Unassigned
Lymphocyte Specific Protein Tyrosine Kinase p56(lck);Unassigned
Enterochromaffin-like Cells;Unassigned
Gastrin-Secreting Cells;Unassigned
Somatostatin-Secreting Cells;Unassigned
Anti-Glomerular Basement Membrane Disease;Unassigned
Kanamycin Kinase;Unassigned
Phosphatidylinositol 3-Kinases;Unassigned
1-Phosphatidylinositol 4-Kinase;Unassigned
Dyskeratosis Congenita;Unassigned
Chief Cells, Gastric;Unassigned
Schnitzler Syndrome;Unassigned
One-Carbon Group Transferases;Unassigned
Hydroxymethyl and Formyl Transferases;Unassigned
Carboxyl and Carbamoyl Transferases;Unassigned
Paneth Cells;Unassigned
Aldehyde-Ketone Transferases;Unassigned
Aminoacyltransferases;Unassigned
Alkyl and Aryl Transferases;Unassigned
Nitrogenous Group Transferases;Unassigned
Sulfur Group Transferases;Unassigned
Gastrin-Releasing Peptide;Unassigned
Peanut Agglutinin;Unassigned
Nelfinavir;Unassigned
Leukopoiesis;Unassigned
eIF-2 Kinase;Unassigned
Ribosomal Protein S6 Kinases;Unassigned
Peptide YY;Unassigned
Transposases;Unassigned
alpha 1-Antitrypsin Deficiency;Unassigned
Periplasm;Unassigned
Autocrine Communication;Unassigned
Paracrine Communication;Unassigned
3,4-Dichloro-N-methyl-N-(2-(1-pyrrolidinyl)-cyclohexyl)-benzeneacetamide, (trans)-Isomer;Unassigned
Locus Control Region;Unassigned
Chondrocytes;Unassigned
Polymethyl Methacrylate;Unassigned
Benzyl Alcohol;Unassigned
Proto-Oncogene Proteins c-raf;Unassigned
Nuclear Localization Signals;Unassigned
Taq Polymerase;Unassigned
DNA Primase;Unassigned
Choline-Phosphate Cytidylyltransferase;Unassigned
Photoaffinity Labels;Unassigned
Biotinylation;Unassigned
GAP-43 Protein;Unassigned
Cyclin A;Unassigned
Cyclin B;Unassigned
Cyclin E;Unassigned
Probiotics;Unassigned
Cyclin D1;Unassigned
Genes, bcl-1;Unassigned
Cyclin-Dependent Kinase Inhibitor p16;Unassigned
Genes, p16;Unassigned
Amino Acid Substitution;Unassigned
Propylene Glycol;Unassigned
Receptors, Interleukin-6;Unassigned
Receptors, Interleukin-4;Unassigned
Mitogen-Activated Protein Kinase 1;Unassigned
DNA Polymerase beta;Unassigned
Neurobehavioral Manifestations;Unassigned
Substance-Related Disorders;Unassigned
Amphetamine-Related Disorders;Unassigned
Cocaine-Related Disorders;Unassigned
Alcohol-Related Disorders;Unassigned
Amoxicillin-Potassium Clavulanate Combination;Unassigned
Laboratory Chemicals;Unassigned
Racemases and Epimerases;Unassigned
Pharmaceutical Solutions;Unassigned
1-Butanol;Unassigned
tert-Butyl Alcohol;Unassigned
1-Octanol;Unassigned
Propanols;Unassigned
Delavirdine;Unassigned
Heterosexuality;Unassigned
Protective Agents;Unassigned
Calcium Signaling;Unassigned
K562 Cells;Unassigned
Activated Protein C Resistance;Unassigned
Neurocysticercosis;Unassigned
Genetic Predisposition to Disease;Unassigned
Leukotriene Antagonists;Unassigned
Peroxisome Proliferators;Unassigned
Base Pairing;Unassigned
Nitric Oxide Donors;Unassigned
Epstein-Barr Virus Infections;Unassigned
Tyrphostins;Unassigned
Protein Isoforms;Unassigned
Silicone Gels;Unassigned
Holoenzymes;Unassigned
RNA, Spliced Leader;Unassigned
Trans-Splicing;Unassigned
Histiocytic Necrotizing Lymphadenitis;Unassigned
Genes, Essential;Unassigned
Rectocele;Unassigned
N-Acetylgalactosamine-4-Sulfatase;Unassigned
Styrene;Unassigned
Cathepsin E;Unassigned
Hepatopulmonary Syndrome;Unassigned
Merozoite Surface Protein 1;Unassigned
Shoulder Pain;Unassigned
Cervical Ripening;Unassigned
Interspersed Repetitive Sequences;Unassigned
Gravidity;Unassigned
Endogenous Retroviruses;Unassigned
Neurogenic Inflammation;Unassigned
Terminal Repeat Sequences;Unassigned
Tandem Repeat Sequences;Unassigned
Acquired Hyperostosis Syndrome;Unassigned
Long Interspersed Nucleotide Elements;Unassigned
Short Interspersed Nucleotide Elements;Unassigned
Alu Elements;Unassigned
Chromosome Segregation;Unassigned
Zygomycosis;Unassigned
Natriuretic Peptide, Brain;Unassigned
Natriuretic Peptide, C-Type;Unassigned
Coated Materials, Biocompatible;Unassigned
Hydrogels;Unassigned
Acrosome Reaction;Unassigned
Immunophilins;Unassigned
Milrinone;Unassigned
Acrylamide;Unassigned
Troponin T;Unassigned
Nicorandil;Unassigned
Devazepide;Unassigned
Pinacidil;Unassigned
Chlorodiphenyl (54% Chlorine);Unassigned
Rhodamine 123;Unassigned
Phenolphthalein;Unassigned
Pepsinogen C;Unassigned
Pepsinogen A;Unassigned
Cisapride;Unassigned
Iodocyanopindolol;Unassigned
5' Untranslated Regions;Unassigned
tert-Butylhydroperoxide;Unassigned
Sirolimus;Unassigned
Mutation, Missense;Unassigned
Brefeldin A;Unassigned
Recovery of Function;Unassigned
Inhibitory Concentration 50;Unassigned
Bacterial Chromatophores;Unassigned
Genes, Duplicate;Unassigned
Anticipation, Genetic;Unassigned
Catalytic Domain;Unassigned
Peptide Nucleic Acids;Unassigned
Hydrogel, Polyethylene Glycol Dimethacrylate;Unassigned
Base Pair Mismatch;Unassigned
Hyperhomocysteinemia;Unassigned
Gastroschisis;Unassigned
Lysosomal Storage Diseases, Nervous System;Unassigned
Hemostatic Disorders;Unassigned
Gangliosidoses, GM2;Unassigned
Basal Ganglia Cerebrovascular Disease;Unassigned
Basal Ganglia Hemorrhage;Unassigned
Putaminal Hemorrhage;Unassigned
Coagulation Protein Disorders;Unassigned
Butyric Acid;Unassigned
Manganese Poisoning;Unassigned
Chorea Gravidarum;Unassigned
Protein C Deficiency;Unassigned
Antithrombin III Deficiency;Unassigned
3-Hydroxybutyric Acid;Unassigned
Salicylic Acid;Unassigned
Amino Acid Transport Disorders, Inborn;Unassigned
Hyperglycinemia, Nonketotic;Unassigned
Citrullinemia;Unassigned
Sodium Benzoate;Unassigned
Hyperargininemia;Unassigned
Ornithine Carbamoyltransferase Deficiency Disease;Unassigned
Chemical Actions and Uses;Unassigned
Carbamoyl-Phosphate Synthase I Deficiency Disease;Unassigned
Hyperlysinemias;Unassigned
ATP Binding Cassette Transporter, Subfamily B, Member 1;Unassigned
Caspases;Unassigned
Caspase 1;Unassigned
Tyrosinemias;Unassigned
Idiopathic Hypersomnia;Unassigned
Sleep Disorders, Circadian Rhythm;Unassigned
Jet Lag Syndrome;Unassigned
Sleep Apnea, Obstructive;Unassigned
Sleep Apnea, Central;Unassigned
Nocturnal Paroxysmal Dystonia;Unassigned
Night Terrors;Unassigned
Sleep Bruxism;Unassigned
REM Sleep Behavior Disorder;Unassigned
Sleep Paralysis;Unassigned
Nocturnal Myoclonus Syndrome;Unassigned
Myoclonic Epilepsy, Juvenile;Unassigned
Myoclonic Epilepsies, Progressive;Unassigned
Lafora Disease;Unassigned
Unverricht-Lundborg Syndrome;Unassigned
Epilepsy, Reflex;Unassigned
Trauma, Nervous System;Unassigned
Head Injuries, Penetrating;Unassigned
Intracranial Hemorrhage, Traumatic;Unassigned
Hematoma, Subdural, Acute;Unassigned
Hematoma, Subdural, Chronic;Unassigned
Brain Hemorrhage, Traumatic;Unassigned
Cerebral Hemorrhage, Traumatic;Unassigned
Brain Stem Hemorrhage, Traumatic;Unassigned
Skull Fracture, Depressed;Unassigned
Skull Fracture, Basilar;Unassigned
Subarachnoid Hemorrhage, Traumatic;Unassigned
Coma, Post-Head Injury;Unassigned
Brain Injury, Chronic;Unassigned
Cranial Nerve Injuries;Unassigned
Central Cord Syndrome;Unassigned
Autonomic Dysreflexia;Unassigned
Carotid Artery Injuries;Unassigned
Cerebrovascular Trauma;Unassigned
Carotid Artery, Internal, Dissection;Unassigned
Carotid-Cavernous Sinus Fistula;Unassigned
Vertebral Artery Dissection;Unassigned
Response Elements;Unassigned
Chondrogenesis;Unassigned
Facial Nerve Injuries;Unassigned
Optic Nerve Injuries;Unassigned
Abducens Nerve Injury;Unassigned
Expressed Sequence Tags;Unassigned
Sagittal Sinus Thrombosis;Unassigned
Cavernous Sinus Thrombosis;Unassigned
Lateral Sinus Thrombosis;Unassigned
Pharmacologic Actions;Unassigned
Serotonin Syndrome;Unassigned
Kluver-Bucy Syndrome;Unassigned
Gait Disorders, Neurologic;Unassigned
Gait Ataxia;Unassigned
Gait Apraxia;Unassigned
Amnesia, Transient Global;Unassigned
Alexia, Pure;Unassigned
Prosopagnosia;Unassigned
Receptor Cross-Talk;Unassigned
Apraxia, Ideomotor;Unassigned
Encephalomyelitis, Western Equine;Unassigned
Encephalomyelitis, Eastern Equine;Unassigned
Infarction, Anterior Cerebral Artery;Unassigned
Infarction, Middle Cerebral Artery;Unassigned
p-Chloromercuribenzoic Acid;Unassigned
Venous Thrombosis;Unassigned
Postoperative Nausea and Vomiting;Unassigned
Gastric Antral Vascular Ectasia;Unassigned
Tooth Ankylosis;Unassigned
Vitreous Detachment;Unassigned
Choroidal Neovascularization;Unassigned
Ventricular Remodeling;Unassigned
Neurotoxicity Syndromes;Unassigned
Heavy Metal Poisoning, Nervous System;Unassigned
Arsenic Poisoning;Unassigned
Mercury Poisoning, Nervous System;Unassigned
Lead Poisoning, Nervous System;Unassigned
Lead Poisoning, Nervous System, Childhood;Unassigned
Lead Poisoning, Nervous System, Adult;Unassigned
MPTP Poisoning;Unassigned
Alcohol-Induced Disorders, Nervous System;Unassigned
Alcoholic Neuropathy;Unassigned
Alcohol Withdrawal Seizures;Unassigned
Heredodegenerative Disorders, Nervous System;Unassigned
Autoimmune Diseases of the Nervous System;Unassigned
Guillain-Barre Syndrome;Unassigned
Polyradiculoneuropathy, Chronic Inflammatory Demyelinating;Unassigned
Demyelinating Autoimmune Diseases, CNS;Unassigned
Hereditary Central Nervous System Demyelinating Diseases;Unassigned
Sertraline;Unassigned
Photoreceptors, Microbial;Unassigned
Pericytes;Unassigned
Papilloma, Choroid Plexus;Unassigned
Vasculitis, Central Nervous System;Unassigned
Myasthenic Syndromes, Congenital;Unassigned
Brain Stem Neoplasms;Unassigned
U937 Cells;Unassigned
Intracranial Hemorrhage, Hypertensive;Unassigned
Intracranial Hemorrhages;Unassigned
Vasospasm, Intracranial;Unassigned
Weibel-Palade Bodies;Unassigned
Tuberculosis, Central Nervous System;Unassigned
Specialty Uses of Chemicals;Unassigned
Central Nervous System Fungal Infections;Unassigned
Latex Hypersensitivity;Adverse Outcome
Oligodeoxyribonucleotides, Antisense;Unassigned
Oligoribonucleotides, Antisense;Unassigned
Tics;Unassigned
Amnesia, Anterograde;Unassigned
Migraine with Aura;Unassigned
Migraine without Aura;Unassigned
Essential Tremor;Unassigned
Bell Palsy;Unassigned
Mobius Syndrome;Unassigned
Tolosa-Hunt Syndrome;Unassigned
Paraparesis;Unassigned
Paraparesis, Spastic;Unassigned
Vestibular Neuronitis;Unassigned
Optic Nerve Glioma;Unassigned
Hypertensive Encephalopathy;Unassigned
Enterocolitis, Necrotizing;Unassigned
Aquaporins;Unassigned
Lithiasis;Unassigned
Graft vs Tumor Effect;Unassigned
Cholates;Unassigned
Sodium Cholate;Unassigned
Paraneoplastic Syndromes, Nervous System;Unassigned
Paraneoplastic Cerebellar Degeneration;Unassigned
Limbic Encephalitis;Unassigned
Paraneoplastic Polyneuropathy;Unassigned
RNA Helicases;Unassigned
Methylmethacrylate;Unassigned
Iofetamine;Unassigned
Osteoarthritis, Knee;Unassigned
Pelizaeus-Merzbacher Disease;Unassigned
Dexfenfluramine;Unassigned
Confined Spaces;Unassigned
Interleukin-17;Unassigned
Interleukin-18;Unassigned
Neutral Glycosphingolipids;Unassigned
Acidic Glycosphingolipids;Unassigned
Myokymia;Unassigned
Isaacs Syndrome;Unassigned
Food Chain;Unassigned
Muscular Dystrophy, Duchenne;Unassigned
Muscular Dystrophy, Emery-Dreifuss;Unassigned
Tooth Socket;Unassigned
Muscular Dystrophy, Facioscapulohumeral;Unassigned
Entopeduncular Nucleus;Unassigned
Vault Ribonucleoprotein Particles;Unassigned
Receptors, Interleukin-7;Unassigned
Goblet Cells;Unassigned
Glycerophospholipids;Unassigned
Dermis;Unassigned
Molecular Motor Proteins;Unassigned
Activated-Leukocyte Cell Adhesion Molecule;Unassigned
Multifactorial Inheritance;Unassigned
3' Untranslated Regions;Unassigned
Nystagmus, Congenital;Unassigned
Algal Proteins;Unassigned
Photoreceptor Cells, Vertebrate;Unassigned
Cyst Fluid;Unassigned
Vagus Nerve Diseases;Unassigned
Mononeuropathies;Unassigned
Median Neuropathy;Unassigned
Ulnar Neuropathies;Unassigned
Radial Neuropathy;Unassigned
Sciatic Neuropathy;Unassigned
Peroneal Neuropathies;Unassigned
Femoral Neuropathy;Unassigned
Tibial Neuropathy;Unassigned
Cubital Tunnel Syndrome;Unassigned
Olfactory Nerve Diseases;Unassigned
Trochlear Nerve Diseases;Unassigned
Trigeminal Nerve Diseases;Unassigned
Abducens Nerve Diseases;Unassigned
Glossopharyngeal Nerve Diseases;Unassigned
Accessory Nerve Diseases;Unassigned
Hypoglossal Nerve Diseases;Unassigned
Growth Cones;Unassigned
Gene Duplication;Unassigned
Poloxamer;Unassigned
Parasomnias;Unassigned
Repetitive Sequences, Amino Acid;Unassigned
Heavy Ions;Unassigned
Genes, rRNA;Unassigned
Melanosomes;Unassigned
Untranslated Regions;Unassigned
Neuromuscular Junction Diseases;Unassigned
Myopathy, Central Core;Unassigned
Paralysis, Hyperkalemic Periodic;Unassigned
Hypokalemic Periodic Paralysis;Unassigned
Brachial Plexus Neuropathies;Unassigned
Atrial Appendage;Unassigned
Focal Nodular Hyperplasia;Unassigned
Brain Infarction;Unassigned
Stroke;Unassigned
Lymphoma, Mantle-Cell;Unassigned
Chemokines, CX3C;Unassigned
Thylakoids;Unassigned
Brain Stem Infarctions;Unassigned
Multiple Sclerosis, Chronic Progressive;Unassigned
Multiple Sclerosis, Relapsing-Remitting;Unassigned
Subthalamus;Unassigned
Subthalamic Nucleus;Unassigned
Basal Nucleus of Meynert;Unassigned
Angiogenesis Inhibitors;Unassigned
Parahippocampal Gyrus;Unassigned
Enzyme Activators;Unassigned
RNA, Small Nucleolar;Unassigned
Metencephalon;Unassigned
Coiled Bodies;Unassigned
Third Ventricle;Unassigned
Proteome;Unassigned
Graft vs Leukemia Effect;Unassigned
Respiratory Mucosa;Unassigned
Fourth Ventricle;Unassigned
Lateral Ventricles;Unassigned
GTP Phosphohydrolase Activators;Unassigned
GTP-Binding Protein Regulators;Unassigned
Neutrophil Infiltration;Unassigned
GTP Phosphohydrolases;Unassigned
Monomeric GTP-Binding Proteins;Unassigned
Dendritic Cells, Follicular;Unassigned
Fetal Weight;Unassigned
Proto-Oncogene Proteins c-rel;Unassigned
Genes, myb;Unassigned
Genes, sis;Unassigned
Oncogene Proteins v-rel;Unassigned
Genes, rel;Unassigned
Proto-Oncogene Proteins c-sis;Unassigned
Oncogene Proteins v-sis;Unassigned
Proto-Oncogene Proteins c-myb;Unassigned
Oncogene Proteins v-myb;Unassigned
Polymorphism, Single Nucleotide;Unassigned
Acatalasia;Unassigned
Anterior Thalamic Nuclei;Unassigned
Midline Thalamic Nuclei;Unassigned
Mediodorsal Thalamic Nucleus;Unassigned
Intralaminar Thalamic Nuclei;Unassigned
Lateral Thalamic Nuclei;Unassigned
Peptide Elongation Factor 1;Unassigned
Pulvinar;Unassigned
Ventral Thalamic Nuclei;Unassigned
Peptide Elongation Factor 2;Unassigned
Peptide Elongation Factor G;Unassigned
Posterior Thalamic Nuclei;Unassigned
Guanine Nucleotide Exchange Factors;Unassigned
ras Guanine Nucleotide Exchange Factors;Unassigned
Son of Sevenless Proteins;Unassigned
Septum of Brain;Unassigned
ras-GRF1;Unassigned
Diagonal Band of Broca;Unassigned
rap GTP-Binding Proteins;Unassigned
Islands of Calleja;Unassigned
Posterior Horn Cells;Unassigned
I-kappa B Proteins;Unassigned
Protein Renaturation;Unassigned
Peroxisomes;Unassigned
Glyoxysomes;Unassigned
Cefixime;Unassigned
cdc25 Phosphatases;Unassigned
Exopeptidases;Unassigned
GTPase-Activating Proteins;Unassigned
rab GTP-Binding Proteins;Unassigned
rab3 GTP-Binding Proteins;Unassigned
rab2 GTP-Binding Protein;Unassigned
rab4 GTP-Binding Proteins;Unassigned
rab5 GTP-Binding Proteins;Unassigned
ras GTPase-Activating Proteins;Unassigned
RGS Proteins;Unassigned
Fornix, Brain;Unassigned
Vancomycin Resistance;Unassigned
Maximum Tolerated Dose;Unassigned
Eukaryotic Initiation Factor-2B;Unassigned
Ribonucleoproteins, Small Nucleolar;Unassigned
Glucuronides;Unassigned
Myasthenia Gravis, Autoimmune, Experimental;Unassigned
Nervous System Autoimmune Disease, Experimental;Unassigned
Glucuronic Acid;Unassigned
Elastomers;Unassigned
ral GTP-Binding Proteins;Unassigned
ral Guanine Nucleotide Exchange Factor;Unassigned
ADP-Ribosylation Factors;Unassigned
p120 GTPase Activating Protein;Unassigned
Guanine Nucleotide Dissociation Inhibitors;Unassigned
RNA, Small Cytoplasmic;Unassigned
Parkinsonian Disorders;Unassigned
Guanine Nucleotide-Releasing Factor 2;Unassigned
Ribonucleoproteins, Small Cytoplasmic;Unassigned
Leptin;Unassigned
Brain Diseases, Metabolic, Inborn;Unassigned
Chimerin Proteins;Unassigned
rho GTP-Binding Proteins;Unassigned
rhoA GTP-Binding Protein;Unassigned
rhoB GTP-Binding Protein;Unassigned
rac GTP-Binding Proteins;Unassigned
Genome, Archaeal;Unassigned
Calcium Channels, L-Type;Unassigned
Calcium Channels, T-Type;Unassigned
Mibefradil;Unassigned
Alcohol-Induced Disorders;Unassigned
Neurocutaneous Syndromes;Unassigned
Spinocerebellar Ataxias;Unassigned
Coat Protein Complex I;Unassigned
Coatomer Protein;Unassigned
Amaurosis Fugax;Unassigned
Spinal Cord Vascular Diseases;Unassigned
Anterior Spinal Artery Syndrome;Unassigned
Spinal Cord Ischemia;Unassigned
rab1 GTP-Binding Proteins;Unassigned
Infarction, Posterior Cerebral Artery;Unassigned
Pathological Conditions, Anatomical;Unassigned
cdc42 GTP-Binding Protein;Unassigned
Intracranial Arterial Diseases;Unassigned
Intracranial Embolism;Unassigned
Intracranial Thrombosis;Unassigned
Middle Cerebral Artery;Unassigned
Posterior Cerebral Artery;Unassigned
Compomers;Unassigned
Anterior Cerebral Artery;Unassigned
Internal Capsule;Unassigned
Headache Disorders;Unassigned
Pick Disease of the Brain;Unassigned
Matrix Metalloproteinase 2;Unassigned
Sinus Pericranii;Unassigned
Matrix Metalloproteinase 9;Unassigned
Matrix Metalloproteinase 1;Unassigned
Matrix Metalloproteinases;Unassigned
Matrix Metalloproteinase 7;Unassigned
Matrix Metalloproteinase 8;Unassigned
Central Nervous System Vascular Malformations;Unassigned
Hemangioma, Cavernous, Central Nervous System;Unassigned
Central Nervous System Venous Angioma;Unassigned
Bardet-Biedl Syndrome;Unassigned
Cathepsin C;Unassigned
Diabetes Insipidus, Neurogenic;Unassigned
Venombin A;Unassigned
Salivary Calculi;Unassigned
Receptor Protein-Tyrosine Kinases;Unassigned
Photophobia;Unassigned
Receptor, Platelet-Derived Growth Factor alpha;Unassigned
Receptor, Platelet-Derived Growth Factor beta;Unassigned
Pancrelipase;Unassigned
Receptor, Nerve Growth Factor;Unassigned
Receptor, Ciliary Neurotrophic Factor;Unassigned
Epidural Abscess;Unassigned
Encephalitis, Herpes Simplex;Unassigned
Encephalitis, Varicella Zoster;Unassigned
Central Nervous System Viral Diseases;Unassigned
Central Nervous System Bacterial Infections;Unassigned
Central Nervous System Parasitic Infections;Unassigned
Central Nervous System Protozoal Infections;Unassigned
Central Nervous System Helminthiasis;Unassigned
Receptor, trkC;Unassigned
Receptor, trkB;Unassigned
Meningitis, Escherichia coli;Unassigned
Polyproteins;Unassigned
Amino Acid Motifs;Unassigned
Neuroschistosomiasis;Unassigned
Perimeningeal Infections;Unassigned
Dyskinesias;Unassigned
Dystonic Disorders;Unassigned
ADP-Ribosylation Factor 1;Unassigned
Spinocerebellar Tracts;Unassigned
T-Box Domain Proteins;Unassigned
rab3A GTP-Binding Protein;Unassigned
rap1 GTP-Binding Proteins;Unassigned
Pseudobulbar Palsy;Unassigned
rac1 GTP-Binding Protein;Unassigned
EF Hand Motifs;Unassigned
Diffuse Axonal Injury;Unassigned
Protein Structure, Quaternary;Unassigned
SOS1 Protein;Unassigned
Son of Sevenless Protein, Drosophila;Unassigned
Tissue Kallikreins;Unassigned
Plasma Kallikrein;Unassigned
Selective Estrogen Receptor Modulators;Unassigned
cdc42 GTP-Binding Protein, Saccharomyces cerevisiae;Unassigned
Estrogen Receptor Modulators;Unassigned
Chimerin 1;Unassigned
Raloxifene Hydrochloride;Unassigned
Lyme Neuroborreliosis;Unassigned
AT Rich Sequence;Unassigned
Hallux Limitus;Unassigned
Hallux Rigidus;Unassigned
Subtilisin;Unassigned
GC Rich Sequence;Unassigned
Central Nervous System Cysts;Unassigned
Calcium Channels, N-Type;Unassigned
Calcium Channels, P-Type;Unassigned
omega-Conotoxin GVIA;Unassigned
omega-Agatoxin IVA;Unassigned
Gene Silencing;Unassigned
RNA Stability;Unassigned
Enkephalin, Ala(2)-MePhe(4)-Gly(5)-;Unassigned
Neuromuscular Manifestations;Unassigned
Neuregulins;Unassigned
Enkephalin, D-Penicillamine (2,5)-;Unassigned
Ribonucleoprotein, U7 Small Nuclear;Unassigned
Somatosensory Disorders;Unassigned
Selenious Acid;Unassigned
Vigabatrin;Unassigned
Rolipram;Unassigned
Neuregulin-1;Unassigned
Raclopride;Unassigned
Receptor, ErbB-3;Unassigned
Microfibrils;Unassigned
Enterocytes;Unassigned
Hypovolemia;Unassigned
Organizers, Embryonic;Unassigned
Glia Maturation Factor;Unassigned
Calcium Channels, Q-Type;Unassigned
Calcium Channels, R-Type;Unassigned
Acarbose;Unassigned
Ketorolac;Unassigned
Ketorolac Tromethamine;Unassigned
Moclobemide;Unassigned
Perindopril;Unassigned
Myopathies, Structural, Congenital;Unassigned
Korsakoff Syndrome;Unassigned
Conotoxins;Unassigned
Receptor, trkA;Unassigned
Complex Regional Pain Syndromes;Unassigned
Sleep Disorders, Intrinsic;Unassigned
Dyssomnias;Unassigned
Sleep Arousal Disorders;Unassigned
Sleep-Wake Transition Disorders;Unassigned
REM Sleep Parasomnias;Unassigned
Urological Manifestations;Unassigned
Hypoxia-Ischemia, Brain;Unassigned
Medetomidine;Unassigned
Dexmedetomidine;Unassigned
Mitogen-Activated Protein Kinases;Unassigned
Mitogen-Activated Protein Kinase Kinases;Unassigned
MAP Kinase Kinase Kinases;Unassigned
ran GTP-Binding Protein;Unassigned
Nerve Growth Factor;Unassigned
Neurotrophin 3;Unassigned
Ciliary Neurotrophic Factor;Unassigned
MAP Kinase Signaling System;Unassigned
Epilepsy, Benign Neonatal;Unassigned
Epilepsy, Partial, Sensory;Unassigned
Epilepsy, Partial, Motor;Unassigned
Myasthenia Gravis, Neonatal;Unassigned
AIDS Arteritis, Central Nervous System;Unassigned
Lupus Vasculitis, Central Nervous System;Unassigned
Tea Tree Oil;Unassigned
Neuroaspergillosis;Unassigned
Striatonigral Degeneration;Unassigned
Polyethylene;Unassigned
omega-Conotoxins;Unassigned
Lewy Body Disease;Unassigned
Heterotrimeric GTP-Binding Proteins;Unassigned
GTP Phosphohydrolase-Linked Elongation Factors;Unassigned
Embryo Loss;Unassigned
Muscular Disorders, Atrophic;Unassigned
Myotonic Disorders;Unassigned
Brachial Plexus Neuritis;Unassigned
Disease Attributes;Unassigned
Placental Circulation;Unassigned
Chronobiology Disorders;Unassigned
Protein Subunits;Unassigned
Egg Hypersensitivity;Unassigned
Wheat Hypersensitivity;Unassigned
Peanut Hypersensitivity;Unassigned
Nut Hypersensitivity;Unassigned
Quantitative Structure-Activity Relationship;Uncategorized
Antifreeze Proteins;Unassigned
Antifreeze Proteins, Type IV;Unassigned
Antifreeze Proteins, Type I;Unassigned
Antifreeze Proteins, Type II;Unassigned
Antifreeze Proteins, Type III;Unassigned
Scaphoid Bone;Unassigned
Palate, Hard;Unassigned
Protein Transport;Unassigned
Protein Sorting Signals;Unassigned
Carcinoma, Pancreatic Ductal;Unassigned
Flank Pain;Unassigned
Amino Acids, Neutral;Unassigned
Active Transport, Cell Nucleus;Unassigned
trans-Golgi Network;Unassigned
Multicystic Dysplastic Kidney;Unassigned
Zygapophyseal Joint;Unassigned
Communicable Diseases, Emerging;Unassigned
Isosporiasis;Unassigned
Cyclosporiasis;Unassigned
DNA, Catalytic;Unassigned
DNA, Intergenic;Unassigned
DNA, Ribosomal Spacer;Unassigned
Aortic Stenosis, Supravalvular;Unassigned
Discrete Subaortic Stenosis;Unassigned
Caveolae;Unassigned
Cell Membrane Structures;Unassigned
Membrane Microdomains;Unassigned
Cell-Matrix Junctions;Unassigned
Cyclophilins;Unassigned
Cyclophilin A;Unassigned
Focal Adhesions;Unassigned
Hemidesmosomes;Unassigned
Cell Nucleus Structures;Unassigned
Chromosome Structures;Unassigned
Adherens Junctions;Unassigned
Tacrolimus Binding Proteins;Unassigned
Nuclear Pore;Unassigned
Euchromatin;Unassigned
Tacrolimus Binding Protein 1A;Unassigned
Cell Surface Extensions;Unassigned
Cellular Structures;Unassigned
Cytoplasmic Structures;Unassigned
Microtubule-Organizing Center;Unassigned
Cholera Vaccines;Unassigned
Anthrax Vaccines;Unassigned
Lyme Disease Vaccines;Unassigned
Hyperammonemia;Unassigned
Lacerations;Unassigned
Secretory Vesicles;Unassigned
Transport Vesicles;Unassigned
Cytoplasmic Vesicles;Unassigned
Clathrin-Coated Vesicles;Unassigned
COP-Coated Vesicles;Unassigned
Chromosomes, Artificial;Unassigned
Chromosomes, Artificial, Bacterial;Unassigned
Chromosomes, Artificial, Mammalian;Unassigned
Chromosomes, Artificial, Human;Unassigned
Vaccines, Subunit;Unassigned
Parainfluenza Vaccines;Unassigned
Pneumococcal Vaccines;Unassigned
Rotavirus Vaccines;Unassigned
Respiratory Syncytial Virus Vaccines;Unassigned
Shigella Vaccines;Unassigned
Vaccines, Acellular;Unassigned
Herpesvirus Vaccines;Unassigned
Herpes Simplex Virus Vaccines;Unassigned
Japanese Encephalitis Vaccines;Unassigned
Yellow Fever Vaccine;Unassigned
Escherichia coli Vaccines;Unassigned
Hepatitis A Vaccines;Unassigned
Meningococcal Vaccines;Unassigned
Pseudorabies Vaccines;Unassigned
Diphtheria-Tetanus Vaccine;Unassigned
Myeloid Cells;Unassigned
Caveolins;Unassigned
Vaccines, Edible;Unassigned
Cytomegalovirus Vaccines;Unassigned
Marek Disease Vaccines;Unassigned
Stress Fibers;Unassigned
Streptococcal Vaccines;Unassigned
Measles-Mumps-Rubella Vaccine;Unassigned
Salmonella Vaccines;Unassigned
Vaccines, Marker;Unassigned
Shiga Toxins;Unassigned
Shiga Toxin;Unassigned
Shiga Toxin 1;Unassigned
Shiga Toxin 2;Unassigned
Vaccines, Contraceptive;Unassigned
RNA, Untranslated;Unassigned
Diphtheria-Tetanus-acellular Pertussis Vaccines;Unassigned
Virosomes;Unassigned
Receptors, Adrenergic, beta-3;Unassigned
Vaccines, Virosome;Unassigned
Thermogenesis;Unassigned
Gene Transfer, Horizontal;Unassigned
CCAAT-Enhancer-Binding Proteins;Unassigned
CCAAT-Enhancer-Binding Protein-alpha;Unassigned
Hepatocytes;Unassigned
CCAAT-Enhancer-Binding Protein-beta;Unassigned
Complementarity Determining Regions;Unassigned
RNA Splice Sites;Unassigned
Hermanski-Pudlak Syndrome;Unassigned
Trihalomethanes;Unassigned
Allelic Imbalance;Unassigned
Transplantation Tolerance;Unassigned
Gene Order;Unassigned
Receptors, Interleukin-8A;Unassigned
Receptors, Interleukin-8B;Unassigned
CCAAT-Binding Factor;Unassigned
Defensins;Unassigned
beta-Defensins;Unassigned
alpha-Defensins;Unassigned
Anoikis;Unassigned
RNA, Messenger, Stored;Unassigned
Antimicrobial Cationic Peptides;Unassigned
CD40 Ligand;Unassigned
Oxazolidinones;Unassigned
Poliovirus Vaccines;Unassigned
Chills;Unassigned
Myeloid Progenitor Cells;Unassigned
Chlamydophila Infections;Unassigned
HIV Fusion Inhibitors;Unassigned
Alzheimer Vaccines;Unassigned
Dominance, Ocular;Unassigned
Chromosome Pairing;Unassigned
Coronary Restenosis;Unassigned
Coronary Stenosis;Unassigned
Gonadal Dysgenesis, 46,XX;Unassigned
Sarcoma, Myeloid;Unassigned
HMGN Proteins;Unassigned
HMGB Proteins;Unassigned
HMGA Proteins;Unassigned
Fibril-Associated Collagens;Unassigned
Fibrillar Collagens;Unassigned
Non-Fibrillar Collagens;Unassigned
Collagen Type I;Unassigned
Collagen Type II;Unassigned
Collagen Type III;Unassigned
Collagen Type V;Unassigned
Collagen Type IX;Unassigned
Collagen Type XII;Unassigned
Mitochondrial Proteins;Unassigned
Collagen Type VIII;Unassigned
Collagen Type X;Unassigned
Collagen Type IV;Unassigned
Collagen Type VI;Unassigned
Collagen Type VII;Unassigned
Collagen Type XI;Unassigned
Collagen Type XIII;Unassigned
Uniparental Disomy;Unassigned
Bystander Effect;Unassigned
HMGN1 Protein;Unassigned
HMGN2 Protein;Unassigned
HMGB1 Protein;Unassigned
HMGB2 Protein;Unassigned
Genes, sry;Unassigned
Plant Bark;Unassigned
zeta Carotene;Unassigned
Amino Acids, Aromatic;Unassigned
Xanthophylls;Unassigned
Amino Acids, Acidic;Unassigned
Open Bite;Unassigned
Amino Acids, Basic;Unassigned
Transcription Initiation Site;Unassigned
Carbonic Anhydrase I;Unassigned
Carbonic Anhydrase II;Unassigned
Carbonic Anhydrase III;Unassigned
Carbonic Anhydrase V;Unassigned
Gastroepiploic Artery;Unassigned
Aneugens;Unassigned
Aspartate Aminotransferase, Mitochondrial;Unassigned
Aspartate Aminotransferase, Cytoplasmic;Unassigned
Myosin Type I;Unassigned
Myosin Type II;Unassigned
Vitamin K 2;Unassigned
Vitamin K 3;Unassigned
Nonmuscle Myosin Type IIB;Unassigned
alpha-Tocopherol;Unassigned
beta-Tocopherol;Unassigned
gamma-Tocopherol;Unassigned
Tocopherols;Unassigned
5' Flanking Region;Unassigned
Nonmuscle Myosin Type IIA;Unassigned
Tocotrienols;Unassigned
3' Flanking Region;Unassigned
Muscle Development;Unassigned
Mushroom Bodies;Unassigned
Genes, BRCA2;Unassigned
Glyceraldehyde-3-Phosphate Dehydrogenase (Phosphorylating);Unassigned
Glyceraldehyde 3-Phosphate Dehydrogenase (NADP+);Unassigned
Glyceraldehyde-3-Phosphate Dehydrogenase (NADP+)(Phosphorylating);Unassigned
Potassium Channels, Voltage-Gated;Unassigned
Potassium Channels, Inwardly Rectifying;Unassigned
Potassium Channels, Calcium-Activated;Unassigned
BRCA2 Protein;Unassigned
Potassium Channels, Tandem Pore Domain;Unassigned
Myosin Type V;Unassigned
E-Box Elements;Unassigned
Cardiac Myosins;Unassigned
Ventricular Myosins;Unassigned
Cardiomyopathy, Hypertrophic, Familial;Unassigned
HMG-Box Domains;Unassigned
Atrial Myosins;Unassigned
Skeletal Muscle Myosins;Unassigned
Smooth Muscle Myosins;Unassigned
AT-Hook Motifs;Unassigned
Tauopathies;Unassigned
Metabolic Syndrome;Unassigned
Fluoroquinolones;Unassigned
Oxyphil Cells;Unassigned
Drug Resistance, Bacterial;Unassigned
Drug Resistance, Viral;Unassigned
Drug Resistance, Multiple, Bacterial;Unassigned
Drug Resistance, Multiple, Viral;Unassigned
Starch Phosphorylase;Unassigned
Glycogen Phosphorylase;Unassigned
Glycogen Phosphorylase, Muscle Form;Unassigned
Glycogen Phosphorylase, Liver Form;Unassigned
Glycogen Phosphorylase, Brain Form;Unassigned
Cementogenesis;Unassigned
Amacrine Cells;Unassigned
Chromosome Disorders;Unassigned
Sex Chromosome Disorders;Unassigned
Vitamin B 6;Unassigned
Myosin Type III;Unassigned
Myosin Type IV;Unassigned
Drug Resistance, Fungal;Unassigned
ATP Synthetase Complexes;Unassigned
Phosphofructokinase-1, Muscle Type;Unassigned
Phosphofructokinases;Unassigned
Chloroplast Proton-Translocating ATPases;Unassigned
Spondylarthritis;Unassigned
Spondylarthropathies;Unassigned
Bacterial Proton-Translocating ATPases;Unassigned
Mitochondrial Proton-Translocating ATPases;Unassigned
Vacuolar Proton-Translocating ATPases;Unassigned
Mycelium;Unassigned
Hyphae;Unassigned
Streptogramins;Unassigned
Streptogramin Group A;Unassigned
Streptogramin A;Unassigned
Streptogramin B;Unassigned
Streptogramin Group B;Unassigned
Dihydroergocornine;Unassigned
Dihydroergocristine;Unassigned
Dihydroergocryptine;Unassigned
Feedback, Physiological;Unassigned
Phosphofructokinase-2;Unassigned
Phosphofructokinase-1, Liver Type;Unassigned
Phosphofructokinase-1, Type C;Unassigned
Tumor Suppressor Proteins;Unassigned
Bacteriochlorophyll A;Unassigned
Neurofibromin 1;Unassigned
Neurofibromin 2;Unassigned
Adenomatous Polyposis Coli Protein;Unassigned
Halorhodopsins;Unassigned
Sensory Rhodopsins;Unassigned
Rhodopsins, Microbial;Unassigned
WT1 Proteins;Unassigned
HMGA1a Protein;Unassigned
HMGA1b Protein;Unassigned
HMGA2 Protein;Unassigned
Mikamycin;Unassigned
Pristinamycin;Unassigned
Vernamycin B;Unassigned
HMGA1c Protein;Unassigned
HMGB3 Protein;Unassigned
Hydroxymethylglutaryl-CoA Reductases, NAD-Dependent;Unassigned
Hydroxymethylglutaryl-CoA-Reductases, NADP-dependent;Unassigned
Ubiquitin;Unassigned
Electric Capacitance;Unassigned
Tumor Suppressor Protein p14ARF;Unassigned
Polyubiquitin;Unassigned
Ubiquitin C;Unassigned
Small Ubiquitin-Related Modifier Proteins;Unassigned
SUMO-1 Protein;Unassigned
Blood Coagulation Disorders, Inherited;Unassigned
Carboxypeptidase B2;Unassigned
Oligosaccharides, Branched-Chain;Unassigned
Septo-Optic Dysplasia;Unassigned
Hip Injuries;Unassigned
Permethrin;Unassigned
Singlet Oxygen;Unassigned
Indole Alkaloids;Unassigned
Factor XIIIa;Unassigned
Drug Resistance, Multiple, Fungal;Unassigned
MADS Domain Proteins;Unassigned
Diazepam Binding Inhibitor;Unassigned
DEFICIENS Protein;Unassigned
Minichromosome Maintenance 1 Protein;Unassigned
AGAMOUS Protein, Arabidopsis;Unassigned
Reactive Nitrogen Species;Unassigned
Serum Response Factor;Unassigned
S-Nitrosothiols;Unassigned
S-Nitrosoglutathione;Unassigned
S-Nitroso-N-Acetylpenicillamine;Unassigned
Ecdysteroids;Unassigned
LDL-Receptor Related Proteins;Unassigned
Low Density Lipoprotein Receptor-Related Protein-1;Unassigned
Heymann Nephritis Antigenic Complex;Unassigned
Low Density Lipoprotein Receptor-Related Protein-2;Unassigned
LDL-Receptor Related Protein-Associated Protein;Unassigned
Isoaspartic Acid;Unassigned
Protein D-Aspartate-L-Isoaspartate Methyltransferase;Unassigned
Nitrergic Neurons;Unassigned
D-Aspartic Acid;Unassigned
Vitamin B 6 Deficiency;Unassigned
RNA 3' End Processing;Unassigned
Polyadenylation;Unassigned
Synteny;Unassigned
Membrane Transport Proteins;Unassigned
Potassium Channel Blockers;Unassigned
Amino Acid Transport Systems;Unassigned
Amino Acid Transport Systems, Neutral;Unassigned
Amino Acid Transport Systems, Acidic;Unassigned
Amino Acid Transport Systems, Basic;Unassigned
Amino Acid Transport System A;Unassigned
Sodium Channel Blockers;Unassigned
DNA Topoisomerases;Unassigned
Amino Acid Transport System ASC;Unassigned
Somatic Hypermutation, Immunoglobulin;Unassigned
Chromosomes, Artificial, P1 Bacteriophage;Unassigned
Amino Acid Transport System L;Unassigned
DNA Gyrase;Unassigned
DNA Topoisomerase IV;Unassigned
Satellite Cells, Perineuronal;Unassigned
Amino Acid Transport System y+;Unassigned
Cationic Amino Acid Transporter 1;Unassigned
Cationic Amino Acid Transporter 2;Unassigned
Amino Acid Transport System y+L;Unassigned
Fusion Regulatory Protein-1;Unassigned
Fusion Regulatory Protein 1, Heavy Chain;Unassigned
Large Neutral Amino Acid-Transporter 1;Unassigned
Fusion Regulatory Protein 1, Light Chains;Unassigned
Anion Transport Proteins;Unassigned
Amino Acid Transport System X-AG;Unassigned
Excitatory Amino Acid Transporter 1;Unassigned
Excitatory Amino Acid Transporter 2;Unassigned
Rhizome;Unassigned
Organic Anion Transporters;Unassigned
Organic Anion Transport Protein 1;Unassigned
Liver-Specific Organic Anion Transporter 1;Unassigned
Oncogene Proteins v-raf;Unassigned
Multidrug Resistance-Associated Proteins;Unassigned
Monocarboxylic Acid Transporters;Unassigned
Polyomavirus Infections;Unassigned
Serum Response Element;Unassigned
Cation Transport Proteins;Unassigned
Organic Cation Transport Proteins;Unassigned
Organic Cation Transporter 1;Unassigned
Potassium-Hydrogen Antiporters;Unassigned
Chloride-Bicarbonate Antiporters;Unassigned
Symporters;Unassigned
Sodium-Bicarbonate Symporters;Unassigned
Sodium-Potassium-Chloride Symporters;Unassigned
Phosphate-Binding Proteins;Unassigned
Phosphate Transport Proteins;Unassigned
Proton-Phosphate Symporters;Unassigned
Amyloidosis, Familial;Unassigned
Amyloid Neuropathies, Familial;Unassigned
Cerebral Amyloid Angiopathy, Familial;Unassigned
Plant Preparations;Unassigned
Inhibin-beta Subunits;Unassigned
Activins;Unassigned
Mitochondrial Diseases;Unassigned
Isoprostanes;Unassigned
F2-Isoprostanes;Unassigned
Transition Elements;Unassigned
Lanthanoid Series Elements;Unassigned
Nuclear Pore Complex Proteins;Unassigned
Karyopherins;Unassigned
alpha Karyopherins;Unassigned
Biotinidase Deficiency;Unassigned
Holocarboxylase Synthetase Deficiency;Unassigned
beta Karyopherins;Unassigned
Peste-des-Petits-Ruminants;Unassigned
Optic Atrophy, Autosomal Dominant;Unassigned
Optic Atrophy, Hereditary, Leber;Unassigned
Organic Anion Transporters, Sodium-Independent;Unassigned
Organic Anion Transporters, Sodium-Dependent;Unassigned
Organic Anion Transporters, ATP-Dependent;Unassigned
Dicarboxylic Acid Transporters;Unassigned
Activin Receptors;Unassigned
Pulmonary Disease, Chronic Obstructive;Unassigned
Sialic Acid Storage Disease;Unassigned
Bronchitis, Chronic;Unassigned
Anemia, Hypoplastic, Congenital;Unassigned
Anemia, Diamond-Blackfan;Unassigned
Nucleocytoplasmic Transport Proteins;Unassigned
Cellular Apoptosis Susceptibility Protein;Unassigned
Prostatic Secretory Proteins;Unassigned
Seminal Plasma Proteins;Unassigned
Jervell-Lange Nielsen Syndrome;Unassigned
Romano-Ward Syndrome;Unassigned
Seminal Vesicle Secretory Proteins;Unassigned
Arabidopsis Proteins;Unassigned
Saccharomyces cerevisiae Proteins;Unassigned
Schizosaccharomyces pombe Proteins;Unassigned
Drosophila Proteins;Unassigned
Caenorhabditis elegans Proteins;Unassigned
Amphibian Proteins;Unassigned
Xenopus Proteins;Unassigned
Fish Proteins;Unassigned
Zebrafish Proteins;Unassigned
Escherichia coli Proteins;Unassigned
Avian Proteins;Unassigned
Reptilian Proteins;Unassigned
Vitamin D Response Element;Unassigned
Activin Receptors, Type I;Unassigned
Hemorrhagic Syndrome, Bovine;Unassigned
Soybean Proteins;Unassigned
Activin Receptors, Type II;Unassigned
Denys-Drash Syndrome;Unassigned
Nidovirales Infections;Unassigned
Genetic Diseases, Inborn;Unassigned
Papillomavirus Infections;Unassigned
Cytochrome-c Oxidase Deficiency;Unassigned
Peroxynitrous Acid;Unassigned
Pyruvate Dehydrogenase (Lipoamide);Unassigned
Epididymal Secretory Proteins;Unassigned
Carbonic Anhydrase IV;Unassigned
Estrous Cycle;Unassigned
Food, Genetically Modified;Unassigned
Acro-Osteolysis;Unassigned
Caloric Restriction;Unassigned
Knee Dislocation;Unassigned
Patellar Dislocation;Unassigned
Erdheim-Chester Disease;Unassigned
Poult Enteritis Mortality Syndrome;Unassigned
Retinal Vasculitis;Unassigned
Zoster Sine Herpete;Unassigned
Plasmodesmata;Unassigned
Fluorescence Resonance Energy Transfer;Unassigned
Area Postrema;Unassigned
Hajdu-Cheney Syndrome;Unassigned
Gestational Trophoblastic Disease;Unassigned
Hemorrhagic Septicemia, Viral;Unassigned
Choriocarcinoma, Non-gestational;Unassigned
Integrons;Unassigned
Nested Genes;Unassigned
Isochores;Unassigned
Muscle Cells;Unassigned
Myocytes, Cardiac;Unassigned
Myoblasts, Cardiac;Unassigned
Myocytes, Smooth Muscle;Unassigned
Myoblasts, Smooth Muscle;Unassigned
Myoblasts;Unassigned
Myoblasts, Skeletal;Unassigned
Chromosomes, Plant;Unassigned
Satellite Cells, Skeletal Muscle;Unassigned
Immunity, Herd;Unassigned
Tuberculosis Vaccines;Unassigned
Sperm Midpiece;Unassigned
Foot Joints;Unassigned
Shear Strength;Unassigned
Deciduoma;Unassigned
Neutron Diffraction;Unassigned
Hyperuricemia;Unassigned
Chromosomes, Mammalian;Unassigned
Oocysts;Unassigned
Mitochondrial Membrane Transport Proteins;Unassigned
Nucleobase, Nucleoside, Nucleotide, and Nucleic Acid Transport Proteins;Unassigned
Nucleobase Transport Proteins;Unassigned
Nucleoside Transport Proteins;Unassigned
Nucleotide Transport Proteins;Unassigned
Equilibrative Nucleoside Transport Proteins;Unassigned
Equilibrative Nucleoside Transporter 1;Unassigned
Equilibrative-Nucleoside Transporter 2;Unassigned
Adenine Nucleotide Translocator 1;Unassigned
Adenine Nucleotide Translocator 2;Unassigned
Spores, Protozoan;Unassigned
Adenine Nucleotide Translocator 3;Unassigned
Iron-Binding Proteins;Unassigned
Transferrin-Binding Proteins;Unassigned
Transferrin-Binding Protein A;Unassigned
Transferrin-Binding Protein B;Unassigned
Bacterial Transferrin Receptor Complex;Unassigned
Periplasmic Binding Proteins;Unassigned
Periplasmic Proteins;Unassigned
Vesicular Transport Proteins;Unassigned
Clathrin Heavy Chains;Unassigned
Clathrin Light Chains;Unassigned
Adaptor Proteins, Vesicular Transport;Unassigned
Adaptor Protein Complex 1;Unassigned
Adaptor Protein Complex 2;Unassigned
Adaptor Protein Complex 3;Unassigned
Adaptor Protein Complex 4;Unassigned
Adaptor Protein Complex alpha Subunits;Unassigned
Adaptor Protein Complex beta Subunits;Unassigned
Adaptor Protein Complex delta Subunits;Unassigned
Adaptor Protein Complex gamma Subunits;Unassigned
Adaptor Protein Complex mu Subunits;Unassigned
Adaptor Protein Complex Subunits;Unassigned
Adaptor Protein Complex sigma Subunits;Unassigned
Auxilins;Unassigned
Monomeric Clathrin Assembly Proteins;Unassigned
Thrombopoiesis;Unassigned
Insomnia, Fatal Familial;Unassigned
Wasting Disease, Chronic;Unassigned
Sporozoites;Unassigned
Hypoalbuminemia;Unassigned
Pelvic Infection;Unassigned
Cyclooctanes;Unassigned
Epothilones;Unassigned
Dynamins;Unassigned
Dynamin I;Unassigned
Dynamin II;Unassigned
Dynamin III;Unassigned
Hyperamylasemia;Unassigned
Aristolochic Acids;Unassigned
Hearing Loss;Unassigned
Heterogeneous-Nuclear Ribonucleoproteins;Unassigned
N-substituted Glycines;Unassigned
RNA Transport;Unassigned
Peptoids;Unassigned
Ovulation Inhibition;Unassigned
Luteinization;Unassigned
Heterogeneous-Nuclear Ribonucleoprotein Group A-B;Unassigned
Heterogeneous-Nuclear Ribonucleoprotein Group C;Unassigned
Telomere-Binding Proteins;Unassigned
Heterogeneous-Nuclear Ribonucleoprotein D;Unassigned
Nuclear Matrix-Associated Proteins;Unassigned
Heterogeneous-Nuclear Ribonucleoprotein Group F-H;Unassigned
Integumentary System;Unassigned
RNA Interference;Unassigned
Heterogeneous-Nuclear Ribonucleoprotein K;Unassigned
Heterogeneous-Nuclear Ribonucleoprotein L;Unassigned
Mastocytosis, Cutaneous;Unassigned
RNA-Binding Protein FUS;Unassigned
Mastocytosis, Systemic;Unassigned
Heterogeneous-Nuclear Ribonucleoprotein U;Unassigned
RNA, Small Interfering;Unassigned
RNA-Induced Silencing Complex;Unassigned
Heterogeneous-Nuclear Ribonucleoprotein Group M;Unassigned
Receptors, N-Acetylglucosamine;Unassigned
Mastocytoma;Unassigned
RNA-Binding Protein EWS;Unassigned
Abdominal Cavity;Unassigned
Abdominal Wall;Unassigned
Nuclear Lamina;Unassigned
Lamins;Unassigned
Lamin Type A;Unassigned
Lamin Type B;Unassigned
Upper Extremity;Unassigned
Antigens, Nuclear;Unassigned
Integration Host Factors;Unassigned
Host Factor 1 Protein;Unassigned
Lower Extremity;Unassigned
Factor For Inversion Stimulation Protein;Unassigned
Transcription Factors, General;Unassigned
TATA-Box Binding Protein;Unassigned
TATA Box Binding Protein-Like Proteins;Unassigned
Plant Components, Aerial;Unassigned
Cranial Fossa, Anterior;Unassigned
Flowering Tops;Unassigned
Flowers;Unassigned
Plant Tubers;Unassigned
Cranial Fossa, Middle;Unassigned
Telomeric Repeat Binding Protein 1;Unassigned
Telomeric Repeat Binding Protein 2;Unassigned
Transcription Factor TFIIIB;Unassigned
Transcription Factor TFIID;Unassigned
TATA-Binding Protein Associated Factors;Unassigned
Parotid Region;Unassigned
Pleural Cavity;Unassigned
Thoracic Cavity;Unassigned
Thoracic Wall;Unassigned
Pol1 Transcription Initiation Complex Proteins;Unassigned
Uncertainty;Unassigned
Transcription Factor TFIIA;Unassigned
Transcription Factor TFIIB;Unassigned
Transcription Factor TFIIIA;Unassigned
Rare Diseases;Unassigned
Transcriptional Elongation Factors;Unassigned
MicroRNAs;Unassigned
Hepatitis A Antigens;Unassigned
Hepatitis A Antibodies;Unassigned
Hepatitis delta Antigens;Unassigned
Iron-Regulatory Proteins;Unassigned
Iron Regulatory Protein 1;Unassigned
Iron Regulatory Protein 2;Unassigned
Oxocins;Unassigned
ADP Ribose Transferases;Unassigned
Capsid Proteins;Unassigned
Receptors, Eph Family;Unassigned
Receptor, EphA1;Unassigned
Receptor, EphA2;Unassigned
Receptor, EphA3;Unassigned
Receptor, EphA4;Unassigned
Receptor, EphA5;Unassigned
Receptor, EphA6;Unassigned
Receptor, EphA7;Unassigned
Receptor, EphA8;Unassigned
Ginsenosides;Unassigned
Receptor, EphB2;Unassigned
Receptor, EphB5;Unassigned
Receptor, EphB3;Unassigned
Receptor, EphB4;Unassigned
Receptor, EphB1;Unassigned
Seedlings;Unassigned
Receptor, EphB6;Unassigned
Intercellular Signaling Peptides and Proteins;Unassigned
Ephrins;Unassigned
Pterocarpans;Unassigned
Peptide Hormones;Unassigned
Diarylheptanoids;Unassigned
Ephrin-A1;Unassigned
Ephrin-A2;Unassigned
Ephrin-A3;Unassigned
Ephrin-A4;Unassigned
Ephrin-A5;Unassigned
Ephrin-B1;Unassigned
Ephrin-B2;Unassigned
Ephrin-B3;Unassigned
Nerve Fibers, Unmyelinated;Unassigned
ADP-ribosyl Cyclase;Unassigned
Cyclic ADP-Ribose;Unassigned
Limonins;Unassigned
Quassins;Unassigned
Blastula;Unassigned
Plant Tumor-Inducing Plasmids;Unassigned
Fimbriae Proteins;Unassigned
Parturition;Unassigned
Endometrial Stromal Tumors;Unassigned
Ciguatera Poisoning;Unassigned
Long-Term Synaptic Depression;Unassigned
Leukocyte Rolling;Unassigned
Matrix Attachment Region Binding Proteins;Unassigned
Fasciitis, Plantar;Unassigned
Heel Spur;Unassigned
Thyroid Hormone Receptors alpha;Unassigned
Thyroid Hormone Receptors beta;Unassigned
Metatarsalgia;Unassigned
Posterior Tibial Tendon Dysfunction;Unassigned
Luteinizing Hormone, beta Subunit;Unassigned
Lectins;Unassigned
Plant Lectins;Unassigned
Galectins;Unassigned
Lectins, C-Type;Unassigned
T-Cell Antigen Receptor Specificity;Unassigned
Follicle Stimulating Hormone, beta Subunit;Unassigned
Collectins;Unassigned
Mannose-Binding Lectins;Unassigned
Asialoglycoprotein Receptor;Unassigned
Calnexin;Unassigned
Calreticulin;Unassigned
Thyrotropin, beta Subunit;Unassigned
Fumonisins;Unassigned
Pertussis Toxin;Unassigned
Adenylate Cyclase Toxin;Unassigned
Galectin 1;Unassigned
Galectin 2;Unassigned
Galectin 3;Unassigned
Virulence Factors;Unassigned
Galectin 4;Unassigned
Immunoconglutinins;Unassigned
Complement Pathway, Mannose-Binding Lectin;Unassigned
Mannose-Binding Lectin;Unassigned
Artemisinins;Unassigned
Pulmonary Surfactant-Associated Proteins;Unassigned
Pulmonary Surfactant-Associated Protein A;Unassigned
Pulmonary Surfactant-Associated Protein D;Unassigned
Pulmonary Surfactant-Associated Protein B;Unassigned
Pulmonary Surfactant-Associated Protein C;Unassigned
Fullerenes;Unassigned
Nanotubes, Carbon;Unassigned
Sirtuins;Unassigned
Hammer Toe Syndrome;Unassigned
Aborted Fetus;Unassigned
Silencer Elements, Transcriptional;Unassigned
Lymphopoiesis;Unassigned
Myelopoiesis;Unassigned
Lower Extremity Deformities, Congenital;Unassigned
Upper Extremity Deformities, Congenital;Unassigned
Organogenesis;Unassigned
Insulator Elements;Unassigned
FMN Reductase;Unassigned
alpha-Crystallins;Unassigned
alpha-Crystallin A Chain;Unassigned
alpha-Crystallin B Chain;Unassigned
beta-Crystallins;Unassigned
beta-Crystallin A Chain;Unassigned
beta-Crystallin B Chain;Unassigned
delta-Crystallins;Unassigned
epsilon-Crystallins;Unassigned
gamma-Crystallins;Unassigned
Post-Concussion Syndrome;Unassigned
omega-Crystallins;Unassigned
tau-Crystallins;Unassigned
zeta-Crystallins;Unassigned
Alexander Disease;Unassigned
Silent Information Regulator Proteins, Saccharomyces cerevisiae;Unassigned
Virus Inactivation;Unassigned
Glycemic Index;Unassigned
Glycogen Synthase Kinases;Unassigned
Glycogen Synthase Kinase 3;Unassigned
Diet, Mediterranean;Unassigned
Proline-Directed Protein Kinases;Unassigned
Tankyrases;Unassigned
Twinning, Monozygotic;Unassigned
Ribosomal Protein S6;Unassigned
Regulatory Sequences, Ribonucleic Acid;Unassigned
RNA 5' Terminal Oligopyrimidine Sequence;Unassigned
Shaken Baby Syndrome;Unassigned
Follistatin;Unassigned
Follistatin-Related Proteins;Unassigned
Ribosomal Protein S6 Kinases, 90-kDa;Unassigned
Photobleaching;Unassigned
Ribosomal Protein S6 Kinases, 70-kDa;Unassigned
Mycorrhizae;Unassigned
X-Linked Intellectual Disability;Unassigned
Coffin-Lowry Syndrome;Unassigned
Polypyrimidine Tract-Binding Protein;Unassigned
O-Acetyl-ADP-Ribose;Unassigned
Receptors, Collagen;Unassigned
Integrin alpha2beta1;Unassigned
Galactolipids;Unassigned
Integrin alpha Chains;Unassigned
Colonic Pouches;Unassigned
Integrin alpha4beta1;Unassigned
Integrin alpha5beta1;Unassigned
Poly(A)-Binding Proteins;Unassigned
Poly(A)-Binding Protein II;Unassigned
RNA 3' Polyadenylation Signals;Unassigned
Integrin alpha6beta1;Unassigned
Poly(A)-Binding Protein I;Unassigned
Muscular Dystrophy, Oculopharyngeal;Unassigned
Integrin alpha6beta4;Unassigned
Steroid 16-alpha-Hydroxylase;Unassigned
Integrin alpha3beta1;Unassigned
mRNA Cleavage and Polyadenylation Factors;Unassigned
Integrin alpha1beta1;Unassigned
Cleavage And Polyadenylation Specificity Factor;Unassigned
Cleavage Stimulation Factor;Unassigned
Integrin alphaVbeta3;Unassigned
Receptors, Fibrinogen;Unassigned
RNA Cap-Binding Proteins;Unassigned
Maternal Nutritional Physiological Phenomena;Unassigned
Prenatal Nutritional Physiological Phenomena;Unassigned
Integrin alpha2;Unassigned
Integrin alpha3;Unassigned
Integrin alpha1;Unassigned
Integrin alpha4;Unassigned
CD11b Antigen;Unassigned
Integrin alpha5;Unassigned
Nuclear Cap-Binding Protein Complex;Unassigned
Integrin alpha6;Unassigned
CD11c Antigen;Unassigned
Eukaryotic Initiation Factor-4E;Unassigned
Eukaryotic Initiation Factor-4F;Unassigned
Histamine H1 Antagonists, Non-Sedating;Unassigned
Integrin alphaV;Unassigned
Eukaryotic Initiation Factor-4A;Unassigned
Eukaryotic Initiation Factor-4G;Unassigned
Eukaryotic Initiation Factor-3;Unassigned
Integrin beta Chains;Unassigned
Eukaryotic Initiation Factors;Unassigned
Integrin beta3;Unassigned
Prokaryotic Initiation Factors;Unassigned
Integrin beta4;Unassigned
Prokaryotic Initiation Factor-3;Unassigned
Pyranocoumarins;Unassigned
HIV-Associated Lipodystrophy Syndrome;Unassigned
Antigens, Dermatophagoides;Unassigned
Monoterpenes;Stressor
Iridoids;Unassigned
Leukocyte L1 Antigen Complex;Unassigned
Neural Cell Adhesion Molecule L1;Unassigned
Prokaryotic Initiation Factor-1;Unassigned
Prokaryotic Initiation Factor-2;Unassigned
Totipotent Stem Cells;Unassigned
Multipotent Stem Cells;Unassigned
Pluripotent Stem Cells;Unassigned
Neuropilins;Unassigned
Bifidobacteriales Infections;Unassigned
Neuropilin-1;Unassigned
Neuropilin-2;Unassigned
Semaphorins;Unassigned
Eukaryotic Initiation Factor-5;Unassigned
Semaphorin-3A;Unassigned
Genetic Diseases, X-Linked;Unassigned
Platelet Membrane Glycoprotein IIb;Unassigned
Receptors, Vascular Endothelial Growth Factor;Unassigned
Vascular Endothelial Growth Factor Receptor-1;Unassigned
Vascular Endothelial Growth Factor Receptor-2;Unassigned
Vascular Endothelial Growth Factor Receptor-3;Unassigned
Genetic Structures;Unassigned
Gene Components;Unassigned
Genome Components;Unassigned
Calgranulin A;Unassigned
Calgranulin B;Unassigned
Subcutaneous Tissue;Unassigned
Mechanotransduction, Cellular;Unassigned
Inheritance Patterns;Unassigned
Quantitative Trait Loci;Unassigned
Structural Homology, Protein;Unassigned
Genetic Load;Unassigned
CD11a Antigen;Unassigned
Heredity;Unassigned
Genetic Drift;Unassigned
Chromosomes, Human, X;Unassigned
Chromosomes, Human, Y;Unassigned
Retinoschisis;Unassigned
Musculoskeletal Development;Unassigned
NIH 3T3 Cells;Unassigned
Swiss 3T3 Cells;Unassigned
BALB 3T3 Cells;Unassigned
3T3-L1 Cells;Unassigned
Genes, Transgenic, Suicide;Unassigned
Lower Gastrointestinal Tract;Unassigned
Upper Gastrointestinal Tract;Unassigned
Herb-Drug Interactions;Unassigned
Cholecystolithiasis;Unassigned
Jaundice, Obstructive;Unassigned
Cholecystitis, Acute;Unassigned
Emphysematous Cholecystitis;Unassigned
Erythroid Cells;Unassigned
Adolescent Development;Unassigned
Milk Substitutes;Unassigned
Soy Milk;Unassigned
Infant Formula;Unassigned
Gastrointestinal Tract;Unassigned
Chromatin Assembly and Disassembly;Unassigned
DNA Packaging;Unassigned
Acalculous Cholecystitis;Unassigned
Gonadal Hormones;Unassigned
Mammary Glands, Human;Unassigned
Granulocyte Precursor Cells;Unassigned
Histone Code;Unassigned
Vascular Endothelial Growth Factors;Unassigned
Vascular Endothelial Growth Factor A;Unassigned
4-Quinolones;Unassigned
Angiogenic Proteins;Unassigned
DNA Replication Timing;Unassigned
Intracellular Space;Unassigned
Vascular Endothelial Growth Factor B;Unassigned
Intranuclear Space;Unassigned
Vascular Endothelial Growth Factor C;Unassigned
Lymphangiogenesis;Unassigned
Lymphatic Vessels;Unassigned
DNA Repeat Expansion;Unassigned
Vascular Endothelial Growth Factor D;Unassigned
Vascular Endothelial Growth Factor, Endocrine-Gland-Derived;Unassigned
Angiopoietins;Unassigned
Angiopoietin-1;Unassigned
Angiopoietin-2;Unassigned
Estrogens, Esterified (USP);Unassigned
Receptors, TIE;Unassigned
Estrogenic Steroids, Alkylated;Unassigned
Endothelial Cells;Unassigned
Receptor, TIE-2;Unassigned
Receptor, TIE-1;Unassigned
Genomic Instability;Unassigned
11-beta-Hydroxysteroid Dehydrogenases;Unassigned
Glucose 1-Dehydrogenase;Unassigned
L-Lactate Dehydrogenase (Cytochrome);Unassigned
Laccase;Unassigned
CDC2-CDC28 Kinases;Unassigned
Cyclin-Dependent Kinase 9;Unassigned
Gallstones;Unassigned
Choledocholithiasis;Unassigned
Positive Transcriptional Elongation Factor B;Unassigned
Cytochrome P-450 CYP4A;Unassigned
Aldehyde Oxidase;Unassigned
3-Methyl-2-Oxobutanoate Dehydrogenase (Lipoamide);Unassigned
Dihydrouracil Dehydrogenase (NADP);Unassigned
Cholestenone 5 alpha-Reductase;Unassigned
Acyl-CoA Oxidase;Unassigned
Electron Transport Complex II;Unassigned
Acyl-CoA Dehydrogenase;Unassigned
Methylenetetrahydrofolate Reductase (NADPH2);Unassigned
Cytochrome-B(5) Reductase;Unassigned
Electron Transport Complex I;Unassigned
Oligoclonal Bands;Unassigned
Hepatopancreas;Unassigned
Angiostatic Proteins;Unassigned
Angiostatins;Unassigned
Endostatins;Unassigned
Collagen Type XVIII;Unassigned
Chromosomal Instability;Unassigned
Carboxylesterase;Unassigned
Irritable Bowel Syndrome;Unassigned
Steroid Metabolism, Inborn Errors;Unassigned
1-Alkyl-2-acetylglycerophosphocholine Esterase;Unassigned
Mineralocorticoid Excess Syndrome, Apparent;Unassigned
11-beta-Hydroxysteroid Dehydrogenase Type 1;Unassigned
11-beta-Hydroxysteroid Dehydrogenase Type 2;Unassigned
Exodeoxyribonuclease V;Unassigned
Ubiquitin Thiolesterase;Unassigned
Deoxyribonuclease IV (Phage T4-Induced);Unassigned
Deoxyribonuclease (Pyrimidine Dimer);Unassigned
DNA Sequence, Unstable;Unassigned
Ribonuclease III;Unassigned
Ribonuclease P;Unassigned
Myosin-Light-Chain Phosphatase;Unassigned
Phosphodiesterase I;Unassigned
Phosphatidylinositol Diacylglycerol-Lyase;Unassigned
Steryl-Sulfatase;Unassigned
Chromosome Fragile Sites;Unassigned
Cultured Milk Products;Unassigned
Aryldialkylphosphatase;Unassigned
Lactase;Unassigned
alpha-Mannosidase;Unassigned
beta-Fructofuranosidase;Unassigned
Xylan Endo-1,3-beta-Xylosidase;Unassigned
Glucan 1,3-beta-Glucosidase;Unassigned
Testosterone Propionate;Unassigned
Endo-1,4-beta Xylanases;Unassigned
Cellulose 1,4-beta-Cellobiosidase;Unassigned
Fatty Acids, Omega-6;Unassigned
Follicle Stimulating Hormone, Human;Unassigned
DNA-Formamidopyrimidine Glycosylase;Unassigned
Adenosylhomocysteinase;Unassigned
Glutamyl Aminopeptidase;Unassigned
Cathepsin A;Unassigned
Carboxypeptidases A;Unassigned
Carboxypeptidase H;Unassigned
Carboxypeptidase B;Unassigned
Glutamate Carboxypeptidase II;Unassigned
Proprotein Convertases;Unassigned
Glomus Tympanicum;Unassigned
Biotinidase;Unassigned
Peptide-N4-(N-acetyl-beta-glucosaminyl) Asparagine Amidase;Unassigned
Cytosine Deaminase;Unassigned
DNA, Z-Form;Unassigned
Receptors, G-Protein-Coupled;Unassigned
Receptors, Pheromone;Unassigned
Inorganic Pyrophosphatase;Unassigned
5-alpha-Dihydroprogesterone;Unassigned
Nucleoside-Triphosphatase;Unassigned
Receptor, Muscarinic M2;Unassigned
Methylmalonyl-CoA Decarboxylase;Unassigned
Receptor, Muscarinic M3;Unassigned
Receptor, Muscarinic M4;Unassigned
DNA-(Apurinic or Apyrimidinic Site) Lyase;Unassigned
Glomus Tympanicum Tumor;Unassigned
20-alpha-Hydroxysteroid Dehydrogenase;Unassigned
Receptor, Muscarinic M5;Unassigned
Receptor, Muscarinic M1;Unassigned
Receptor, Adenosine A1;Unassigned
Receptors, Adenosine A2;Unassigned
Receptor, Adenosine A3;Unassigned
Receptor, Adenosine A2B;Unassigned
Receptor, Adenosine A2A;Unassigned
Ubiquitin-Protein Ligase Complexes;Unassigned
Reproductive Behavior;Unassigned
Receptor, Bradykinin B2;Unassigned
Receptor, Bradykinin B1;Unassigned
GTP-Binding Protein alpha Subunits, Gq-G11;Unassigned
Phenalenes;Unassigned
Cyclodecanes;Unassigned
Taxoids;Unassigned
Crown Ethers;Unassigned
Rotaxanes;Unassigned
Catenanes;Unassigned
DNA, Catenated;Unassigned
Receptors, Cannabinoid;Unassigned
Receptor, Cannabinoid, CB1;Unassigned
Receptor, Cannabinoid, CB2;Unassigned
Receptor, Cholecystokinin A;Unassigned
Receptor, Cholecystokinin B;Unassigned
Angiogenesis Modulating Agents;Unassigned
Angiogenesis Inducing Agents;Unassigned
Diverticulosis, Colonic;Unassigned
Xanthones;Unassigned
Tetrahydroisoquinolines;Unassigned
Receptors, Epoprostenol;Unassigned
Receptor, Endothelin A;Unassigned
Receptor, Endothelin B;Unassigned
Tetralones;Unassigned
Receptors, Formyl Peptide;Unassigned
Lipoxins;Unassigned
Prostaglandins I;Unassigned
Receptors, Lipoxin;Unassigned
Receptor, Anaphylatoxin C5a;Unassigned
Receptors, Galanin;Unassigned
Galanin-Like Peptide;Unassigned
Receptor, Galanin, Type 1;Unassigned
Receptor, Galanin, Type 2;Unassigned
Receptor, Galanin, Type 3;Unassigned
Receptors, Melatonin;Unassigned
Receptors, Melanocortin;Unassigned
Receptor, Melanocortin, Type 1;Unassigned
Receptor, Melanocortin, Type 2;Unassigned
Receptor, Melanocortin, Type 3;Unassigned
Receptor, Melanocortin, Type 4;Unassigned
Receptor, Melatonin, MT1;Unassigned
Receptor, Melatonin, MT2;Unassigned
Epigenesis, Genetic;Unassigned
Receptor, Angiotensin, Type 2;Unassigned
Receptor, Angiotensin, Type 1;Unassigned
Lymphatic Abnormalities;Unassigned
Parathyroid Hormone-Related Protein;Unassigned
Receptor, Parathyroid Hormone, Type 1;Unassigned
Receptors, Calcium-Sensing;Unassigned
Benzylisoquinolines;Unassigned
Receptor, Parathyroid Hormone, Type 2;Unassigned
Piscirickettsiaceae Infections;Unassigned
Trans Fatty Acids;Unassigned
Linoleic Acids, Conjugated;Unassigned
Receptors, Thromboxane A2, Prostaglandin H2;Unassigned
Prostaglandin H2;Unassigned
Receptors, Serotonin, 5-HT1;Unassigned
Receptor, Serotonin, 5-HT1A;Unassigned
Receptor, Serotonin, 5-HT1B;Unassigned
Malnutrition;Unassigned
Overnutrition;Unassigned
Phosphoric Triester Hydrolases;Unassigned
Receptor, Serotonin, 5-HT1D;Unassigned
Receptors, Serotonin, 5-HT2;Unassigned
GTP-Binding Protein alpha Subunits, G12-G13;Unassigned
Transition Temperature;Unassigned
Phase Transition;Unassigned
GTP-Binding Protein alpha Subunits;Unassigned
GTP-Binding Protein beta Subunits;Unassigned
GTP-Binding Protein gamma Subunits;Unassigned
Receptor, Serotonin, 5-HT2A;Unassigned
Receptor, Serotonin, 5-HT2B;Unassigned
Genomic Islands;Unassigned
Receptor, Serotonin, 5-HT2C;Unassigned
Receptors, Serotonin, 5-HT3;Unassigned
Receptors, Serotonin, 5-HT4;Unassigned
Receptors, Proteinase-Activated;Unassigned
Receptor, PAR-1;Unassigned
Receptor, PAR-2;Unassigned
Benzeneacetamides;Unassigned
Intestinal Polyposis;Unassigned
Thymine DNA Glycosylase;Unassigned
5-Methylcytosine;Unassigned
Enterocolitis, Neutropenic;Unassigned
LEOPARD Syndrome;Unassigned
RNA, Ribosomal, Self-Splicing;Unassigned
Carcinoma, Ductal;Unassigned
Cellulases;Unassigned
Cellulosomes;Unassigned
Dental Pellicle;Unassigned
Glucan 1,4-beta-Glucosidase;Unassigned
Endo-1,3(4)-beta-Glucanase;Unassigned
Colon, Ascending;Unassigned
Colon, Descending;Unassigned
Colon, Transverse;Unassigned
DNA, A-Form;Unassigned
DNA, C-Form;Unassigned
DNA, Concatenated;Unassigned
Ubiquitin-Conjugating Enzymes;Unassigned
Ubiquitin-Activating Enzymes;Unassigned
Ubiquitin-Protein Ligases;Unassigned
F-Box Motifs;Unassigned
F-Box Proteins;Unassigned
S-Phase Kinase-Associated Proteins;Unassigned
Biodiversity;Unassigned
Cullin Proteins;Unassigned
SKP Cullin F-Box Protein Ligases;Unassigned
beta-Transducin Repeat-Containing Proteins;Unassigned
Glucose Metabolism Disorders;Unassigned
beta-Mannosidase;Unassigned
Congenital Hyperinsulinism;Unassigned
Mannosidase Deficiency Diseases;Unassigned
beta-Mannosidosis;Unassigned
Oxidoreductases Acting on CH-CH Group Donors;Unassigned
Butyryl-CoA Dehydrogenase;Unassigned
Electron-Transferring Flavoproteins;Unassigned
Acyl-CoA Dehydrogenase, Long-Chain;Unassigned
Fatty Acid Desaturases;Unassigned
Acyl-CoA Dehydrogenases;Unassigned
Proanthocyanidins;Unassigned
Biflavonoids;Unassigned
Flavonolignans;Unassigned
Flavonols;Unassigned
Kaempferols;Unassigned
Flavanones;Unassigned
Anti-Retroviral Agents;Unassigned
Serum;Unassigned
3-alpha-Hydroxysteroid Dehydrogenase (B-Specific);Unassigned
Lactate Dehydrogenases;Unassigned
Pedunculopontine Tegmental Nucleus;Unassigned
Methenyltetrahydrofolate Cyclohydrolase;Unassigned
Methylenetetrahydrofolate Dehydrogenase (NAD+);Unassigned
5,10-Methylenetetrahydrofolate Reductase (FADH2);Unassigned
Cross-Priming;Unassigned
Thiazolidinediones;Unassigned
Antibodies, Phospho-Specific;Unassigned
Testosterone Congeners;Unassigned
Estradiol Congeners;Unassigned
Progesterone Congeners;Unassigned
Severe Acute Respiratory Syndrome;Unassigned
Matrix Attachment Regions;Unassigned
Electron Transport Chain Complex Proteins;Unassigned
Reticulocytosis;Unassigned
Cytochromes a1;Unassigned
Cytochromes a;Unassigned
Natriuretic Peptides;Unassigned
Cytochromes a3;Unassigned
Natriuretic Agents;Unassigned
Cytochromes b;Unassigned
Cytochromes c;Unassigned
Cytochromes c';Unassigned
Photosynthetic Reaction Center Complex Proteins;Unassigned
HCT116 Cells;Unassigned
Photosystem I Protein Complex;Unassigned
Photosystem II Protein Complex;Unassigned
Nanotubes, Peptide;Unassigned
Light-Harvesting Protein Complexes;Unassigned
Cytochrome b6f Complex;Unassigned
Cytochromes b6;Unassigned
Cytochromes f;Unassigned
Cytochromes c2;Unassigned
Cytochromes c6;Unassigned
Pregnancy-Associated alpha 2-Macroglobulins;Unassigned
Complex Mixtures;Unassigned
Endothelium-Dependent Relaxing Factors;Unassigned
Avulavirus Infections;Unassigned
Henipavirus Infections;Unassigned
Hot Springs;Unassigned
Rivers;Unassigned
Molecular Mechanisms of Pharmacological Action;Unassigned
Physiological Effects of Drugs;Unassigned
Therapeutic Uses;Unassigned
Recombinases;Unassigned
Phycobilisomes;Unassigned
PQQ Cofactor;Unassigned
Indolequinones;Unassigned
Transposon Resolvases;Unassigned
Holliday Junction Resolvases;Unassigned
DNA, Cruciform;Unassigned
VDJ Recombinases;Unassigned
Tetraoxanes;Unassigned
Chromosome Positioning;Unassigned
Flap Endonucleases;Unassigned
Intranuclear Inclusion Bodies;Unassigned
Steatorrhea;Unassigned
Extracellular Fluid;Unassigned
DNA Repair Enzymes;Unassigned
DNA Glycosylases;Unassigned
Proprotein Convertase 1;Unassigned
Furin;Unassigned
Proprotein Convertase 5;Unassigned
Emulsifying Agents;Unassigned
Proprotein Convertase 2;Unassigned
Diverticulosis, Esophageal;Unassigned
Diverticulosis, Stomach;Unassigned
Tetrapyrroles;Unassigned
Metalloproteases;Unassigned
Metalloexopeptidases;Unassigned
Corrinoids;Unassigned
Pneumonia of Swine, Mycoplasmal;Unassigned
Soy Foods;Unassigned
Scleroderma, Diffuse;Unassigned
Cell Line, Tumor;Unassigned
Scleroderma, Limited;Unassigned
Enzymes and Coenzymes;Unassigned
Hemiterpenes;Unassigned
Clove Oil;Unassigned
Abietanes;Stressor
Diterpenes, Clerodane;Unassigned
Diterpenes, Kaurane;Unassigned
Sesquiterpenes, Eudesmane;Unassigned
Sesquiterpenes, Germacrane;Unassigned
Sesquiterpenes, Guaiane;Unassigned
Norisoprenoids;Unassigned
Intestinal Volvulus;Unassigned
Ileus;Unassigned
Desulfovibrionaceae Infections;Unassigned
Fusobacteriaceae Infections;Unassigned
Flavobacteriaceae Infections;Unassigned
Cytophagaceae Infections;Unassigned
Moraxellaceae Infections;Unassigned
Exhalation;Unassigned
Ganglion Cysts;Unassigned
Mpox, Monkeypox;Unassigned
Anabolic Agents;Unassigned
Hearing Loss, Unilateral;Unassigned
Hearing Loss, Mixed Conductive-Sensorineural;Unassigned
Hypertension, Pregnancy-Induced;Unassigned
Ebola Vaccines;Unassigned
Laron Syndrome;Unassigned
Lingual Thyroid;Unassigned
Gastrointestinal Stromal Tumors;Unassigned
Protein Modification, Translational;Unassigned
Pyloric Stenosis, Hypertrophic;Unassigned
Transfer RNA Aminoacylation;Unassigned
Liver Abscess, Pyogenic;Unassigned
Coproporphyria, Hereditary;Unassigned
Porphyria, Variegate;Unassigned
Protoporphyria, Erythropoietic;Unassigned
Freezing Reaction, Cataleptic;Unassigned
Immobility Response, Tonic;Unassigned
Ice Cover;Unassigned
Hernia, Abdominal;Unassigned
Sexual Development;Unassigned
Chimerism;Unassigned
Pubic Symphysis Diastasis;Unassigned
Plantibodies;Unassigned
Neuroepithelial Bodies;Unassigned
Neuroepithelial Cells;Unassigned
CADASIL;Unassigned
Synkinesis;Unassigned
Sphincter of Oddi Dysfunction;Unassigned
Hematoma, Subdural, Intracranial;Unassigned
Hematoma, Subdural, Spinal;Unassigned
Colitis, Microscopic;Unassigned
Colitis, Collagenous;Unassigned
Colitis, Lymphocytic;Unassigned
Hematoma, Epidural, Spinal;Unassigned
Nesidioblastosis;Unassigned
Patellofemoral Pain Syndrome;Unassigned
Chondromalacia Patellae;Unassigned
Pancreas, Exocrine;Unassigned
Peptide Biosynthesis, Nucleic Acid-Independent;Unassigned
Fertile Period;Unassigned
Macromolecular Substances;Unassigned
Multiprotein Complexes;Unassigned
Penicillin-Binding Proteins;Unassigned
Peptidoglycan Glycosyltransferase;Unassigned
Serine-Type D-Ala-D-Ala Carboxypeptidase;Unassigned
Ginkgolides;Unassigned
Bilobalides;Unassigned
Secologanin Tryptamine Alkaloids;Unassigned
Proteasome Endopeptidase Complex;Unassigned
Silk;Unassigned
Macrocyclic Compounds;Unassigned
Lactams, Macrocyclic;Unassigned
Sericins;Unassigned
Vitellins;Unassigned
Arylalkylamine N-Acetyltransferase;Unassigned
Pyrazolones;Unassigned
beta-Glucans;Unassigned
Aromatase Inhibitors;Unassigned
beta-Lactams;Unassigned
Eosinophil Granule Proteins;Unassigned
Eosinophil Major Basic Protein;Unassigned
Embryonic Development;Unassigned
Fetal Development;Unassigned
Eosinophil Cationic Protein;Unassigned
Amaryllidaceae Alkaloids;Unassigned
Cystine Knot Motifs;Unassigned
Cyclotides;Unassigned
Chalcones;Unassigned
Eosinophil-Derived Neurotoxin;Unassigned
Eosinophil Peroxidase;Unassigned
Angiotensin II Type 1 Receptor Blockers;Unassigned
Crown Compounds;Unassigned
Calixarenes;Unassigned
Lingual Goiter;Unassigned
Flavones;Unassigned
Apigenin;Unassigned
Luteolin;Unassigned
Hydrolyzable Tannins;Unassigned
Casein Kinases;Unassigned
Casein Kinase I;Unassigned
Casein Kinase II;Unassigned
alpha-Cyclodextrins;Unassigned
beta-Cyclodextrins;Unassigned
gamma-Cyclodextrins;Unassigned
Protein Kinase Inhibitors;Unassigned
Retinoid X Receptors;Unassigned
Preconception Injuries;Unassigned
Retinoid X Receptor alpha;Unassigned
Retinoid X Receptor gamma;Unassigned
Peroxisome Proliferator-Activated Receptors;Unassigned
PPAR alpha;Unassigned
PPAR delta;Unassigned
PPAR gamma;Unassigned
Massive Hepatic Necrosis;Unassigned
Pyrroloiminoquinones;Unassigned
Estrogen Receptor alpha;Unassigned
Estrogen Receptor beta;Unassigned
Depsipeptides;Unassigned
Perimenopause;Unassigned
Andropause;Unassigned
Inteins;Unassigned
Exteins;Unassigned
Breast Cyst;Unassigned
Myofibroma;Unassigned
Myopia, Degenerative;Unassigned
Pituitary ACTH Hypersecretion;Unassigned
Glycerophosphoinositol Inositolphosphodiesterase;Unassigned
Adrenogenital Syndrome;Unassigned
Pulmonary Sclerosing Hemangioma;Unassigned
Receptors, Tumor Necrosis Factor, Type I;Unassigned
Receptors, Tumor Necrosis Factor, Type II;Unassigned
Intracellular Signaling Peptides and Proteins;Unassigned
Premature Birth;Unassigned
Term Birth;Unassigned
Tumor Necrosis Factor Receptor-Associated Peptides and Proteins;Unassigned
TNF Receptor-Associated Factor 1;Unassigned
TNF Receptor-Associated Factor 2;Unassigned
TNF Receptor-Associated Factor 3;Unassigned
TNF Receptor-Associated Factor 5;Unassigned
DNA, Algal;Unassigned
TNF Receptor-Associated Factor 6;Unassigned
RNA, Algal;Unassigned
JNK Mitogen-Activated Protein Kinases;Unassigned
Extracellular Signal-Regulated MAP Kinases;Unassigned
p38 Mitogen-Activated Protein Kinases;Unassigned
Mitogen-Activated Protein Kinase 3;Unassigned
Mitogen-Activated Protein Kinase 6;Unassigned
Mitogen-Activated Protein Kinase 7;Unassigned
Mitogen-Activated Protein Kinase 8;Unassigned
Mitogen-Activated Protein Kinase 9;Unassigned
Mitogen-Activated Protein Kinase 10;Unassigned
PPAR-beta;Unassigned
Tumor Necrosis Factors;Unassigned
Fetal Nutrition Disorders;Unassigned
Pneumonia of Calves, Enzootic;Unassigned
Bovine Respiratory Disease Complex;Unassigned
Casein Kinase Ialpha;Unassigned
Casein Kinase Idelta;Unassigned
Casein Kinase 1 epsilon;Unassigned
Chitosan;Unassigned
Imidazolines;Unassigned
Imidazolidines;Unassigned
Mitogen-Activated Protein Kinase 11;Unassigned
Mitogen-Activated Protein Kinase 12;Unassigned
Mitogen-Activated Protein Kinase 13;Unassigned
Mitogen-Activated Protein Kinase 14;Unassigned
Reverse Transcription;Unassigned
MAP Kinase Kinase 1;Unassigned
MAP Kinase Kinase 2;Unassigned
MAP Kinase Kinase 3;Unassigned
Cell Size;Unassigned
Cell Shape;Unassigned
Phenylcarbamates;Unassigned
raf Kinases;Unassigned
Proto-Oncogene Proteins A-raf;Unassigned
Proto-Oncogene Proteins B-raf;Unassigned
Hepatic Insufficiency;Unassigned
Benzoxazines;Unassigned
Ketolides;Unassigned
Micronuclei, Chromosome-Defective;Unassigned
Polyketide Synthases;Unassigned
Micronucleus, Germline;Unassigned
Macronucleus;Unassigned
MAP Kinase Kinase 6;Unassigned
MAP Kinase Kinase 4;Unassigned
MAP Kinase Kinase 5;Unassigned
MAP Kinase Kinase 7;Unassigned
Fruiting Bodies, Fungal;Unassigned
Cell Growth Processes;Unassigned
MAP Kinase Kinase Kinase 1;Unassigned
Anacardic Acids;Unassigned
MAP Kinase Kinase Kinase 2;Unassigned
MAP Kinase Kinase Kinase 3;Unassigned
Cytokinesis;Unassigned
Cell Nucleus Division;Unassigned
MAP Kinase Kinase Kinase 4;Unassigned
Growth and Development;Unassigned
Phytoestrogens;Unassigned
alpha-N-Acetylgalactosaminidase;Unassigned
beta-N-Acetyl-Galactosaminidase;Unassigned
MAP Kinase Kinase Kinase 5;Unassigned
Adaptor Proteins, Signal Transducing;Unassigned
Diabetes Complications;Unassigned
14-3-3 Proteins;Unassigned
Labor Pain;Unassigned
Morning Sickness;Unassigned
Dystrophin-Associated Protein Complex;Unassigned
Dystrophin-Associated Proteins;Unassigned
Dystroglycans;Unassigned
Sarcoglycans;Unassigned
Chorioallantoic Membrane;Unassigned
Pheromones, Human;Unassigned
Plagiocephaly, Nonsynostotic;Unassigned
ATP-Dependent Proteases;Unassigned
Protease La;Unassigned
Endopeptidase Clp;Unassigned
Cell Enlargement;Unassigned
Cell Proliferation;Cellular
Sphingolipid Activator Proteins;Unassigned
Aminoacylation;Unassigned
Pregnancy, Unplanned;Unassigned
Prenatal Injuries;Unassigned
Dendritic Spines;Unassigned
Retinoid X Receptor beta;Unassigned
Saposins;Unassigned
Decapitation;Unassigned
Muscular Dystrophies, Limb-Girdle;Unassigned
G(M2) Activator Protein;Unassigned
Tay-Sachs Disease, AB Variant;Unassigned
Seroma;Unassigned
Leukoaraiosis;Unassigned
Phospholipid Transfer Proteins;Unassigned
Dioxygenases;Unassigned
Acanthoma;Unassigned
Distal Myopathies;Unassigned
Receptors, Lysophospholipid;Unassigned
Mongolian Spot;Unassigned
Receptors, Lysosphingolipid;Unassigned
Receptors, Lysophosphatidic Acid;Unassigned
Polyanhydrides;Unassigned
Luminescent Agents;Unassigned
Luciferases, Firefly;Unassigned
Luciferases, Renilla;Unassigned
Utrophin;Unassigned
Blood-Nerve Barrier;Unassigned
Luminescence;Unassigned
Incandescence;Unassigned
Nomograms;Unassigned
Green Fluorescent Proteins;Unassigned
Luciferases, Bacterial;Unassigned
Firefly Luciferin;Unassigned
Prometaphase;Unassigned
Meiotic Prophase I;Unassigned
Pachytene Stage;Unassigned
Phosphatidylethanolamine Binding Protein;Unassigned
Insulin, Long-Acting;Unassigned
Postpartum Period;Unassigned
Body Size;Unassigned
Waist-Hip Ratio;Unassigned
Esophageal Sphincter, Lower;Unassigned
Esophageal Sphincter, Upper;Unassigned
Genome, Insect;Unassigned
Genome, Helminth;Unassigned
Genes, Mating Type, Fungal;Unassigned
Nuclear Export Signals;Unassigned
Genetic Speciation;Unassigned
Growth Hormone-Secreting Pituitary Adenoma;Unassigned
ACTH-Secreting Pituitary Adenoma;Unassigned
DNA Repair-Deficiency Disorders;Unassigned
Nijmegen Breakage Syndrome;Unassigned
Aminocoumarins;Unassigned
Isocoumarins;Unassigned
Hyperparathyroidism, Primary;Unassigned
X Chromosome Inactivation;Unassigned
Graves Ophthalmopathy;Unassigned
Thiazides;Unassigned
Membrane Transport Modulators;Unassigned
Sodium Chloride Symporters;Unassigned
Sodium Chloride Symporter Inhibitors;Unassigned
Sodium Potassium Chloride Symporter Inhibitors;Unassigned
Hyperthyroxinemia, Familial Dysalbuminemic;Unassigned
Andersen Syndrome;Unassigned
Hashimoto Disease;Unassigned
Postpartum Thyroiditis;Unassigned
Thyroid Dysgenesis;Unassigned
Antidiuretic Agents;Unassigned
Sexual Infantilism;Unassigned
Protein Carbonylation;Unassigned
Transient Receptor Potential Channels;Unassigned
TRPC Cation Channels;Unassigned
TRPM Cation Channels;Unassigned
Bone Density Conservation Agents;Unassigned
White Heifer Disease;Unassigned
Ovotesticular Disorders of Sex Development;Unassigned
Dendrimers;Unassigned
Imino Sugars;Unassigned
Imino Pyranoses;Unassigned
Imino Furanoses;Unassigned
Chalones;Unassigned
Subcutaneous Fat;Unassigned
Intra-Abdominal Fat;Unassigned
Abdominal Fat;Unassigned
Adiposity;Unassigned
Lipogenesis;Unassigned
Adipogenesis;Unassigned
Dyslipidemias;Unassigned
Genes, X-Linked;Unassigned
Genes, Y-Linked;Unassigned
Genetic Diseases, Y-Linked;Unassigned
Overweight;Unassigned
Monoglycerides;Unassigned
Atherosclerosis;Unassigned
Phenoxypropanolamines;Unassigned
Podocytes;Unassigned
Metabolic Detoxication, Phase I;Unassigned
Metabolic Detoxication, Phase II;Unassigned
Body Fat Distribution;Unassigned
Antimitotic Agents;Unassigned
Tubulin Modulators;Unassigned
Mitosis Modulators;Unassigned
Genes, Mitochondrial;Unassigned
Carbohydrate Metabolism;Unassigned
Glycogenolysis;Unassigned
Hand Bones;Unassigned
Toe Phalanges;Unassigned
Finger Phalanges;Unassigned
Metacarpal Bones;Unassigned
Arm Bones;Unassigned
Bones of Lower Extremity;Unassigned
Microbial Viability;Unassigned
Fibrin Modulating Agents;Unassigned
Mulibrey Nanism;Unassigned
Trimethyl Ammonium Compounds;Unassigned
Phenylammonium Compounds;Unassigned
Benzylammonium Compounds;Unassigned
Lipid Metabolism;Unassigned
T-Lymphocytes, Regulatory;Unassigned
Arteriolosclerosis;Unassigned
Monckeberg Medial Calcific Sclerosis;Unassigned
TRPP Cation Channels;Unassigned
Adamantinoma;Unassigned
Glucagon-Secreting Cells;Unassigned
Insulin-Secreting Cells;Unassigned
Pancreatic Polypeptide-Secreting Cells;Unassigned
Regulatory Elements, Transcriptional;Unassigned
Genes, Developmental;Unassigned
Genes, Immunoglobulin Heavy Chain;Unassigned
Genes, Immunoglobulin Light Chain;Unassigned
Immunoglobulin Subunits;Unassigned
VDJ Exons;Unassigned
Bowman Capsule;Unassigned
Urofollitropin;Unassigned
Neurotransmitter Transport Proteins;Unassigned
Plasma Membrane Neurotransmitter Transport Proteins;Unassigned
Vesicular Neurotransmitter Transport Proteins;Unassigned
Catecholamine Plasma Membrane Transport Proteins;Unassigned
Dopamine Plasma Membrane Transport Proteins;Unassigned
Norepinephrine Plasma Membrane Transport Proteins;Unassigned
GABA Plasma Membrane Transport Proteins;Unassigned
Serotonin Plasma Membrane Transport Proteins;Unassigned
Glycine Plasma Membrane Transport Proteins;Unassigned
Hallux Varus;Unassigned
Bunion, Tailor's;Unassigned
Oncogene Protein tpr-met;Unassigned
Glutamate Plasma Membrane Transport Proteins;Unassigned
Vesicular Biogenic Amine Transport Proteins;Unassigned
Vesicular Monoamine Transport Proteins;Unassigned
Vesicular Acetylcholine Transport Proteins;Unassigned
Vesicular Inhibitory Amino Acid Transport Proteins;Unassigned
Vesicular Glutamate Transport Proteins;Unassigned
Stillbirth;Unassigned
Live Birth;Unassigned
Adrenarche;Unassigned
Pancreatitis, Chronic;Unassigned
Indoleamine-Pyrrole 2,3,-Dioxygenase;Unassigned
Mutant Proteins;Unassigned
Mutant Chimeric Proteins;Unassigned
Subcutaneous Fat, Abdominal;Unassigned
Mesangial Cells;Unassigned
Diet, Carbohydrate-Restricted;Unassigned
Glomerular Basement Membrane;Unassigned
Glycerol-3-Phosphate Dehydrogenase (NAD+);Unassigned
Hydroxypyruvate Reductase;Unassigned
Malate Dehydrogenase (NADP+);Unassigned
3-Isopropylmalate Dehydrogenase;Unassigned
Ketol-Acid Reductoisomerase;Unassigned
Bowman Membrane;Unassigned
D-Xylulose Reductase;Unassigned
Phosphoglycerate Dehydrogenase;Unassigned
L-Gulonolactone Oxidase;Unassigned
Choline Dehydrogenase;Unassigned
Plastoquinol-Plastocyanin Reductase;Unassigned
Catechol 1,2-Dioxygenase;Unassigned
Fatty Acid-Binding Proteins;Unassigned
Catechol 2,3-Dioxygenase;Unassigned
Cysteine Dioxygenase;Unassigned
beta-Carotene 15,15'-Monooxygenase;Unassigned
Homogentisate 1,2-Dioxygenase;Unassigned
3-Hydroxyanthranilate 3,4-Dioxygenase;Unassigned
Inositol Oxygenase;Unassigned
gamma-Butyrobetaine Dioxygenase;Unassigned
Trans-Cinnamate 4-Monooxygenase;Unassigned
Benzoate 4-Monooxygenase;Unassigned
Membrane Fusion Proteins;Unassigned
Complement C3-C5 Convertases;Unassigned
Complement C3-C5 Convertases, Alternative Pathway;Unassigned
Complement C3-C5 Convertases, Classical Pathway;Unassigned
Excitatory Amino Acid Transporter 3;Unassigned
Excitatory Amino Acid Transporter 4;Unassigned
Excitatory Amino Acid Transporter 5;Unassigned
Oncogene Fusion;Unassigned
Vesicular Glutamate Transport Protein 1;Unassigned
Vesicular Glutamate Transport Protein 2;Unassigned
SNARE Proteins;Unassigned
Kynurenine 3-Monooxygenase;Unassigned
Linoleoyl-CoA Desaturase;Unassigned
Squalene Monooxygenase;Unassigned
Succinate-Semialdehyde Dehydrogenase (NADP+);Unassigned
Malonate-Semialdehyde Dehydrogenase (Acetylating);Unassigned
Mannose-Binding Protein-Associated Serine Proteases;Unassigned
Organogold Compounds;Unassigned
Sodium-Phosphate Cotransporter Proteins;Unassigned
Sodium-Phosphate Cotransporter Proteins, Type I;Unassigned
Sodium-Phosphate Cotransporter Proteins, Type II;Unassigned
Sodium-Phosphate Cotransporter Proteins, Type III;Unassigned
Fatty Acid Transport Proteins;Unassigned
Sodium-Phosphate Cotransporter Proteins, Type IIa;Unassigned
Sodium-Phosphate Cotransporter Proteins, Type IIb;Unassigned
Sodium-Phosphate Cotransporter Proteins, Type IIc;Unassigned
Glycolaldehyde Dehydrogenase;Unassigned
Receptors, Dopamine D3;Unassigned
Receptors, Dopamine D4;Unassigned
Receptors, Dopamine D5;Unassigned
Succinate-Semialdehyde Dehydrogenase;Unassigned
2-Oxoisovalerate Dehydrogenase (Acylating);Unassigned
Methylmalonate-Semialdehyde Dehydrogenase (Acylating);Unassigned
L-Aminoadipate-Semialdehyde Dehydrogenase;Unassigned
Aminomuconate-Semialdehyde Dehydrogenase;Unassigned
Transcription Factor AP-2;Unassigned
Core Binding Factor alpha Subunits;Unassigned
Core Binding Factor beta Subunit;Unassigned
Core Binding Factor Alpha 1 Subunit;Unassigned
Core Binding Factors;Unassigned
Core Binding Factor Alpha 2 Subunit;Unassigned
Core Binding Factor Alpha 3 Subunit;Unassigned
Complement C2a;Unassigned
Complement C2b;Unassigned
Transcription Factor DP1;Unassigned
Q-SNARE Proteins;Unassigned
R-SNARE Proteins;Unassigned
E2F Transcription Factors;Unassigned
E2F1 Transcription Factor;Unassigned
Retinal Dehydrogenase;Unassigned
Glutamate-5-Semialdehyde Dehydrogenase;Unassigned
E2F3 Transcription Factor;Unassigned
E2F5 Transcription Factor;Unassigned
E2F6 Transcription Factor;Unassigned
E2F7 Transcription Factor;Unassigned
E2F2 Transcription Factor;Unassigned
E2F4 Transcription Factor;Unassigned
Receptors, Guanylate Cyclase-Coupled;Unassigned
Complement C4b-Binding Protein;Unassigned
Retinoblastoma-Like Protein p130;Unassigned
Complement C1 Inhibitor Protein;Unassigned
Crk-Associated Substrate Protein;Unassigned
Retinoblastoma-Like Protein p107;Unassigned
Proto-Oncogene Proteins c-cbl;Unassigned
Oncogene Protein v-cbl;Unassigned
Fractures, Bone;Unassigned
Fractures, Cartilage;Unassigned
Papillomavirus E7 Proteins;Unassigned
Benzaldehyde Dehydrogenase (NADP+);Unassigned
Betaine-Aldehyde Dehydrogenase;Unassigned
Oncogene Protein v-crk;Unassigned
Proto-Oncogene Proteins c-crk;Unassigned
Mesomycetozoea Infections;Unassigned
Pyruvate Synthase;Unassigned
Dihydrouracil Dehydrogenase (NAD+);Unassigned
Enoyl-(Acyl-Carrier Protein) Reductase (NADPH, B-Specific);Unassigned
Dihydrodipicolinate Reductase;Unassigned
Enoyl-(Acyl-Carrier-Protein) Reductase (NADH);Unassigned
Cyclin-Dependent Kinase Inhibitor Proteins;Unassigned
Cyclin-Dependent Kinase Inhibitor p21;Unassigned
Cyclin-Dependent Kinase Inhibitor p27;Unassigned
Cyclin-Dependent Kinase Inhibitor p57;Unassigned
Cyclin-Dependent Kinase Inhibitor p15;Unassigned
Cyclin-Dependent Kinase Inhibitor p18;Unassigned
Cyclin-Dependent Kinase Inhibitor p19;Unassigned
Qa-SNARE Proteins;Unassigned
Qb-SNARE Proteins;Unassigned
Qc-SNARE Proteins;Unassigned
Protoporphyrinogen Oxidase;Unassigned
Isovaleryl-CoA Dehydrogenase;Unassigned
Glutaryl-CoA Dehydrogenase;Unassigned
Complement C5b;Unassigned
Stathmin;Unassigned
NFATC Transcription Factors;Unassigned
Nuclear Factor 90 Proteins;Unassigned
Proto-Oncogene Proteins c-ets;Unassigned
Proto-Oncogene Protein c-ets-1;Unassigned
Proto-Oncogene Protein c-ets-2;Unassigned
Alanine Dehydrogenase;Unassigned
Glycine Dehydrogenase;Unassigned
Glutamate Synthase (NADH);Unassigned
STAT Transcription Factors;Unassigned
STAT1 Transcription Factor;Unassigned
STAT2 Transcription Factor;Unassigned
STAT3 Transcription Factor;Unassigned
STAT4 Transcription Factor;Unassigned
SUNCT Syndrome;Unassigned
STAT5 Transcription Factor;Unassigned
STAT6 Transcription Factor;Unassigned
Ternary Complex Factors;Unassigned
Valine Dehydrogenase (NADP+);Unassigned
Leucine Dehydrogenase;Unassigned
D-Aspartate Oxidase;Unassigned
Wandering Spleen;Unassigned
ets-Domain Protein Elk-1;Unassigned
ets-Domain Protein Elk-4;Unassigned
POU Domain Factors;Unassigned
Octamer Transcription Factors;Unassigned
Octamer Transcription Factor-1;Unassigned
Octamer Transcription Factor-2;Unassigned
Octamer Transcription Factor-3;Unassigned
Fractures, Compression;Unassigned
Octamer Transcription Factor-6;Unassigned
Transcription Factor Pit-1;Unassigned
Transcription Factor Brn-3;Unassigned
Transcription Factor Brn-3A;Unassigned
Transcription Factor Brn-3B;Unassigned
Transcription Factor Brn-3C;Unassigned
Cytokine Receptor gp130;Unassigned
Hand Joints;Unassigned
Carpal Joints;Unassigned
Synaptosomal-Associated Protein 25;Unassigned
Suppressor of Cytokine Signaling Proteins;Unassigned
Syntaxin 1;Unassigned
Protein Inhibitors of Activated STAT;Unassigned
L-Amino Acid Oxidase;Unassigned
Interferon-Stimulated Gene Factor 3;Unassigned
Interferon-Stimulated Gene Factor 3, alpha Subunit;Unassigned
Interferon-Stimulated Gene Factor 3, gamma Subunit;Unassigned
Interferon Regulatory Factors;Unassigned
Interferon Regulatory Factor-2;Unassigned
Oxidoreductases Acting on Aldehyde or Oxo Group Donors;Unassigned
Interferon Regulatory Factor-3;Unassigned
Interferon Regulatory Factor-7;Unassigned
Glycine Dehydrogenase (Decarboxylating);Unassigned
1-Pyrroline-5-Carboxylate Dehydrogenase;Unassigned
Interferon Regulatory Factor-1;Unassigned
Synaptotagmins;Unassigned
Betalains;Unassigned
Betacyanins;Unassigned
Betaxanthins;Unassigned
Synaptotagmin II;Unassigned
Oxidoreductases Acting on Sulfur Group Donors;Unassigned
Synaptotagmin I;Unassigned
Sulfite Reductase (NADPH);Unassigned
Sulfite Oxidase;Unassigned
Sarcosine Oxidase;Unassigned
p300-CBP Transcription Factors;Unassigned
E1A-Associated p300 Protein;Unassigned
CREB-Binding Protein;Unassigned
HSC70 Heat-Shock Proteins;Unassigned
HSP72 Heat-Shock Proteins;Unassigned
Hydrogensulfite Reductase;Unassigned
HSP20 Heat-Shock Proteins;Unassigned
Heat-Shock Proteins, Small;Unassigned
Sulfite Reductase (Ferredoxin);Unassigned
HSP30 Heat-Shock Proteins;Unassigned
Oxidoreductases Acting on CH-NH2 Group Donors;Unassigned
Sarcosine Dehydrogenase;Unassigned
Dimethylglycine Dehydrogenase;Unassigned
Nitrate Reductase (NADH);Unassigned
Nitrate Reductase (NAD(P)H);Unassigned
Nitrate Reductase (NADPH);Unassigned
Nitrite Reductase (NAD(P)H);Unassigned
GMP Reductase;Unassigned
Ferredoxin-Nitrite Reductase;Unassigned
Nitrate Reductase;Unassigned
Sulfite Dehydrogenase;Unassigned
Nicotinamide N-Methyltransferase;Unassigned
Homocysteine S-Methyltransferase;Unassigned
TRPV Cation Channels;Unassigned
Phosphatidylethanolamine N-Methyltransferase;Unassigned
Guanidinoacetate N-Methyltransferase;Unassigned
Glycine N-Methyltransferase;Unassigned
Gene Fusion;Unassigned
Betaine-Homocysteine S-Methyltransferase;Unassigned
Phosphatidyl-N-Methylethanolamine N-Methyltransferase;Unassigned
HSP40 Heat-Shock Proteins;Unassigned
HSP110 Heat-Shock Proteins;Unassigned
HSP47 Heat-Shock Proteins;Unassigned
Glycine Decarboxylase Complex;Unassigned
Aminomethyltransferase;Unassigned
Glycine Decarboxylase Complex H-Protein;Unassigned
Basic-Leucine Zipper Transcription Factors;Unassigned
Maf Transcription Factors;Unassigned
Maf Transcription Factors, Small;Unassigned
GATA Transcription Factors;Unassigned
Erythroid-Specific DNA-Binding Factors;Unassigned
GATA1 Transcription Factor;Unassigned
NF-E2 Transcription Factor;Unassigned
NF-E2 Transcription Factor, p45 Subunit;Unassigned
MafK Transcription Factor;Unassigned
YY1 Transcription Factor;Unassigned
Vesicle-Associated Membrane Protein 1;Unassigned
Vesicle-Associated Membrane Protein 2;Unassigned
GATA2 Transcription Factor;Unassigned
GATA3 Transcription Factor;Unassigned
GATA4 Transcription Factor;Unassigned
GATA5 Transcription Factor;Unassigned
GATA6 Transcription Factor;Unassigned
Voltage-Dependent Anion Channels;Unassigned
Voltage-Dependent Anion Channel 1;Unassigned
Voltage-Dependent Anion Channel 2;Unassigned
bcl-2 Homologous Antagonist-Killer Protein;Unassigned
Apoptosis Regulatory Proteins;Unassigned
bcl-X Protein;Unassigned
BH3 Interacting Domain Death Agonist Protein;Unassigned
bcl-Associated Death Protein;Unassigned
Phosphoribosylglycinamide Formyltransferase;Unassigned
Phosphoribosylaminoimidazolecarboxamide Formyltransferase;Unassigned
bcl-2-Associated X Protein;Unassigned
Apoptosis Inducing Factor;Unassigned
Inhibitor of Apoptosis Proteins;Unassigned
Large-Conductance Calcium-Activated Potassium Channels;Unassigned
Large-Conductance Calcium-Activated Potassium Channel alpha Subunits;Unassigned
Large-Conductance Calcium-Activated Potassium Channel beta Subunits;Unassigned
Vesicle-Associated Membrane Protein 3;Unassigned
Glutamate Formimidoyltransferase;Unassigned
Amino-Acid N-Acetyltransferase;Unassigned
Dihydrolipoyllysine-Residue Acetyltransferase;Unassigned
Diacylglycerol O-Acyltransferase;Unassigned
Sphingosine N-Acyltransferase;Unassigned
Serine O-Acetyltransferase;Unassigned
Acyl-Carrier Protein S-Acetyltransferase;Unassigned
Complement Inactivating Agents;Unassigned
Proto-Oncogene Proteins c-akt;Unassigned
Oncogene Protein v-akt;Unassigned
PTEN Phosphohydrolase;Unassigned
Proto-Oncogene Proteins c-fyn;Unassigned
Acyl-Carrier Protein S-Malonyltransferase;Unassigned
Glucosamine 6-Phosphate N-Acetyltransferase;Unassigned
Homoserine O-Succinyltransferase;Unassigned
Proto-Oncogene Proteins c-ret;Unassigned
Glial Cell Line-Derived Neurotrophic Factor Receptors;Unassigned
Glial Cell Line-Derived Neurotrophic Factors;Unassigned
Glial Cell Line-Derived Neurotrophic Factor;Unassigned
Neurturin;Unassigned
Serine C-Palmitoyltransferase;Unassigned
1-Acylglycerol-3-Phosphate O-Acyltransferase;Unassigned
Receptors, Scavenger;Unassigned
Scavenger Receptors, Class A;Unassigned
Scavenger Receptors, Class B;Unassigned
Scavenger Receptors, Class C;Unassigned
Scavenger Receptors, Class D;Unassigned
Scavenger Receptors, Class E;Unassigned
Scavenger Receptors, Class F;Unassigned
Receptors, Oxidized LDL;Unassigned
Rad51 Recombinase;Unassigned
Selenium-Binding Proteins;Unassigned
Selenoproteins;Unassigned
Retinol O-Fatty-Acyltransferase;Unassigned
N-Acylsphingosine Galactosyltransferase;Unassigned
Ganglioside Galactosyltransferase;Unassigned
Selenoprotein P;Unassigned
Methionine Sulfoxide Reductases;Unassigned
Selenoprotein W;Unassigned
Clusterin;Unassigned
Wnt Proteins;Unassigned
Wnt2 Protein;Unassigned
Wnt1 Protein;Unassigned
Frizzled Receptors;Unassigned
beta Catenin;Unassigned
Catenins;Unassigned
alpha Catenin;Unassigned
Plakins;Unassigned
Desmoplakins;Unassigned
Desmosomal Cadherins;Unassigned
Desmogleins;Unassigned
Desmoglein 1;Unassigned
Desmoglein 3;Unassigned
gamma Catenin;Unassigned
Armadillo Domain Proteins;Unassigned
Desmocollins;Unassigned
Plectin;Unassigned
Plakophilins;Unassigned
Receptors, Pattern Recognition;Unassigned
Toll-Like Receptors;Unassigned
Toll-Like Receptor 1;Unassigned
Toll-Like Receptor 2;Unassigned
Toll-Like Receptor 3;Unassigned
Toll-Like Receptor 4;Unassigned
Toll-Like Receptor 5;Unassigned
Toll-Like Receptor 7;Unassigned
Toll-Like Receptor 8;Unassigned
Toll-Like Receptor 10;Unassigned
Toll-Like Receptor 6;Unassigned
Toll-Like Receptor 9;Unassigned
Lymphocyte Antigen 96;Unassigned
Pituitary Adenylate Cyclase-Activating Polypeptide;Unassigned
Pisiform Bone;Unassigned
Triquetrum Bone;Unassigned
Trapezium Bone;Unassigned
Trapezoid Bone;Unassigned
Capitate Bone;Unassigned
Hamate Bone;Unassigned
Geranyltranstransferase;Unassigned
3-Phosphoshikimate 1-Carboxyvinyltransferase;Unassigned
Farnesyltranstransferase;Unassigned
Geranylgeranyl-Diphosphate Geranylgeranyltransferase;Unassigned
Receptors, Pituitary Adenylate Cyclase-Activating Polypeptide;Unassigned
Receptors, Pituitary Adenylate Cyclase-Activating Polypeptide, Type I;Unassigned
Receptors, Vasoactive Intestinal Polypeptide, Type I;Unassigned
Receptors, Vasoactive Intestinal Peptide, Type II;Unassigned
Caveolin 1;Unassigned
Caveolin 2;Unassigned
Caveolin 3;Unassigned
Retinal Bipolar Cells;Unassigned
Glucose Transport Proteins, Facilitative;Unassigned
Sodium-Glucose Transport Proteins;Unassigned
Retinal Horizontal Cells;Unassigned
Oncogene Protein v-maf;Unassigned
Proto-Oncogene Proteins c-maf;Unassigned
MafB Transcription Factor;Unassigned
MafG Transcription Factor;Unassigned
MafF Transcription Factor;Unassigned
Granulomatosis, Orofacial;Unassigned
D-Alanine Transaminase;Unassigned
Nuclear Respiratory Factors;Unassigned
NF-E2-Related Factor 1;Unassigned
Nuclear Respiratory Factor 1;Unassigned
NF-E2-Related Factor 2;Unassigned
GA-Binding Protein Transcription Factor;Unassigned
Sodium-Glucose Transporter 1;Unassigned
Headache Disorders, Primary;Unassigned
Headache Disorders, Secondary;Unassigned
Glucose Transporter Type 1;Unassigned
Glucose Transporter Type 2;Unassigned
Glucose Transporter Type 3;Unassigned
Glucose Transporter Type 4;Unassigned
Leucine Transaminase;Unassigned
Succinyldiaminopimelate Transaminase;Unassigned
beta-Alanine-Pyruvate Transaminase;Unassigned
Tryptophan Transaminase;Unassigned
Glucose Transporter Type 5;Unassigned
Sodium-Glucose Transporter 2;Unassigned
Post-Traumatic Headache;Unassigned
Post-Dural Puncture Headache;Unassigned
Wiskott-Aldrich Syndrome Protein Family;Unassigned
Desmoglein 2;Unassigned
Paroxysmal Hemicrania;Unassigned
Trigeminal Autonomic Cephalalgias;Unassigned
Profilins;Unassigned
L-Lysine 6-Transaminase;Unassigned
2-Aminoadipate Transaminase;Unassigned
Glycine Transaminase;Unassigned
Wiskott-Aldrich Syndrome Protein;Unassigned
Wiskott-Aldrich Syndrome Protein, Neuronal;Unassigned
Mitochondrial Membranes;Unassigned
Cofilin 1;Unassigned
Actin Depolymerizing Factors;Unassigned
Cofilin 2;Unassigned
Dependent Ambulation;Unassigned
Actin Capping Proteins;Unassigned
Destrin;Unassigned
Mobility Limitation;Unassigned
CapZ Actin Capping Protein;Unassigned
Tropomodulin;Unassigned
Cortactin;Unassigned
Cyclin-Dependent Kinase 2;Unassigned
Cyclin-Dependent Kinase 4;Unassigned
Lymphohistiocytosis, Hemophagocytic;Unassigned
Cyclin-Dependent Kinase 5;Unassigned
Cyclin-Dependent Kinase 6;Unassigned
Actin-Related Protein 2-3 Complex;Unassigned
Actin-Related Protein 2;Unassigned
Actin-Related Protein 3;Unassigned
GRB2 Adaptor Protein;Unassigned
GRB7 Adaptor Protein;Unassigned
GRB10 Adaptor Protein;Unassigned
Aquaglyceroporins;Unassigned
Aquaporin 1;Unassigned
Aquaporin 2;Unassigned
Aquaporin 3;Unassigned
Aquaporin 4;Unassigned
Aquaporin 5;Unassigned
Aquaporin 6;Unassigned
Focal Adhesion Protein-Tyrosine Kinases;Unassigned
Focal Adhesion Kinase 1;Unassigned
Focal Adhesion Kinase 2;Unassigned
Paxillin;Unassigned
Renal Insufficiency, Chronic;Unassigned
Renal Insufficiency;Unassigned
Syntaxin 16;Unassigned
Fibrocartilage;Unassigned
Gene Flow;Unassigned
Hyaline Cartilage;Unassigned
Elastic Cartilage;Unassigned
Maf Transcription Factors, Large;Unassigned
Neuralgia, Postherpetic;Unassigned
Triangular Fibrocartilage;Unassigned
Plant Infertility;Unassigned
Receptor, Fibroblast Growth Factor, Type 1;Unassigned
Receptor, Fibroblast Growth Factor, Type 2;Unassigned
Receptor, Fibroblast Growth Factor, Type 3;Unassigned
Receptor, Fibroblast Growth Factor, Type 4;Unassigned
Receptor, Fibroblast Growth Factor, Type 5;Unassigned
Hemospermia;Unassigned
Fibroblast Growth Factor 3;Unassigned
Fibroblast Growth Factor 4;Unassigned
Antiperspirants;Unassigned
Fibroblast Growth Factor 5;Unassigned
Fibroblast Growth Factor 6;Unassigned
Fibroblast Growth Factor 7;Unassigned
Fibroblast Growth Factor 8;Unassigned
Fibroblast Growth Factor 9;Unassigned
Fibroblast Growth Factor 10;Unassigned
Odontogenic Tumor, Squamous;Unassigned
Guanylate Kinases;Unassigned
Hepatocyte Nuclear Factors;Unassigned
Hepatocyte Nuclear Factor 1;Unassigned
Hepatocyte Nuclear Factor 1-alpha;Unassigned
Hepatocyte Nuclear Factor 1-beta;Unassigned
Winged-Helix Transcription Factors;Unassigned
Hepatocyte Nuclear Factor 3-alpha;Unassigned
Hepatocyte Nuclear Factor 3-beta;Unassigned
Hepatocyte Nuclear Factor 3-gamma;Unassigned
Cytochrome P-450 CYP3A;Unassigned
Cyclooxygenase 1;Unassigned
Cyclooxygenase 2;Unassigned
Heme Oxygenase-1;Unassigned
Histone Acetyltransferases;Unassigned
Glutathione S-Transferase pi;Unassigned
I-kappa B Kinase;Unassigned
beta-Adrenergic Receptor Kinases;Unassigned
Hyperbilirubinemia, Neonatal;Unassigned
Hepatocyte Nuclear Factor 4;Unassigned
Onecut Transcription Factors;Unassigned
Hepatocyte Nuclear Factor 6;Unassigned
Proto-Oncogene Proteins c-bcl-6;Unassigned
Complement C3 Convertase, Alternative Pathway;Unassigned
Proto-Oncogene Proteins c-bcr;Unassigned
Complement C5 Convertase, Alternative Pathway;Unassigned
Proto-Oncogene Proteins c-vav;Unassigned
Protein Kinase C-alpha;Unassigned
Proto-Oncogene Proteins c-hck;Unassigned
Proto-Oncogene Proteins c-pim-1;Unassigned
Complement C3 Convertase, Classical Pathway;Unassigned
Proto-Oncogene Proteins c-yes;Unassigned
Complement C5 Convertase, Classical Pathway;Unassigned
Proto-Oncogene Proteins c-fes;Unassigned
Neurogranin;Unassigned
Neuronal Calcium-Sensor Proteins;Unassigned
Neurocalcin;Unassigned
Hippocalcin;Unassigned
Glucose-1-Phosphate Adenylyltransferase;Unassigned
Recoverin;Unassigned
Guanylate Cyclase-Activating Proteins;Unassigned
Kv Channel-Interacting Proteins;Unassigned
G-Protein-Coupled Receptor Kinase 1;Unassigned
CDP-Diacylglycerol-Inositol 3-Phosphatidyltransferase;Unassigned
Neuronal Apoptosis-Inhibitory Protein;Unassigned
X-Linked Inhibitor of Apoptosis Protein;Unassigned
Shaker Superfamily of Potassium Channels;Unassigned
Ether-A-Go-Go Potassium Channels;Unassigned
Small-Conductance Calcium-Activated Potassium Channels;Unassigned
Histiocytoma;Unassigned
KCNQ Potassium Channels;Unassigned
KCNQ1 Potassium Channel;Unassigned
KCNQ2 Potassium Channel;Unassigned
KCNQ3 Potassium Channel;Unassigned
Intermediate-Conductance Calcium-Activated Potassium Channels;Unassigned
Kv1.1 Potassium Channel;Unassigned
Kv1.2 Potassium Channel;Unassigned
Kv1.3 Potassium Channel;Unassigned
Kv1.4 Potassium Channel;Unassigned
Kv1.5 Potassium Channel;Unassigned
Kv1.6 Potassium Channel;Unassigned
Delayed Rectifier Potassium Channels;Unassigned
Shab Potassium Channels;Unassigned
Shaw Potassium Channels;Unassigned
Shal Potassium Channels;Unassigned
G Protein-Coupled Inwardly-Rectifying Potassium Channels;Unassigned
Histiocytoma, Malignant Fibrous;Unassigned
Activating Transcription Factors;Unassigned
Activating Transcription Factor 1;Unassigned
Activating Transcription Factor 2;Unassigned
Cyclic AMP Response Element-Binding Protein A;Unassigned
Activating Transcription Factor 3;Unassigned
Activating Transcription Factor 4;Unassigned
Activating Transcription Factor 6;Unassigned
Sp Transcription Factors;Unassigned
Sp2 Transcription Factor;Unassigned
Sp3 Transcription Factor;Unassigned
Sp4 Transcription Factor;Unassigned
Replication Protein A;Unassigned
Fushi Tarazu Transcription Factors;Unassigned
MutS Homolog 2 Protein;Unassigned
MutS DNA Mismatch-Binding Protein;Unassigned
Upstream Stimulatory Factors;Unassigned
Rad52 DNA Repair and Recombination Protein;Unassigned
ADAM Proteins;Unassigned
Proto-Oncogene Proteins c-mdm2;Unassigned
Origin Recognition Complex;Unassigned
Microphthalmia-Associated Transcription Factor;Unassigned
Ikaros Transcription Factor;Unassigned
Kruppel-Like Transcription Factors;Unassigned
Transcription Factor CHOP;Unassigned
CCAAT-Enhancer-Binding Protein-delta;Unassigned
Protein Kinase C-epsilon;Unassigned
Protein Kinase C-delta;Unassigned
ZAP-70 Protein-Tyrosine Kinase;Unassigned
DNA-Activated Protein Kinase;Unassigned
Leucine-Responsive Regulatory Protein;Unassigned
PAX5 Transcription Factor;Unassigned
Transcription Factor TFIIH;Unassigned
Xeroderma Pigmentosum Group D Protein;Unassigned
Xeroderma Pigmentosum Group A Protein;Unassigned
Paired Box Transcription Factors;Unassigned
PAX2 Transcription Factor;Unassigned
PAX7 Transcription Factor;Unassigned
PAX9 Transcription Factor;Unassigned
Early Growth Response Transcription Factors;Unassigned
Early Growth Response Protein 1;Unassigned
Early Growth Response Protein 2;Unassigned
Early Growth Response Protein 3;Unassigned
AraC Transcription Factor;Unassigned
Basic Helix-Loop-Helix Leucine Zipper Transcription Factors;Unassigned
Sterol Regulatory Element Binding Proteins;Unassigned
Sterol Regulatory Element Binding Protein 1;Unassigned
Sterol Regulatory Element Binding Protein 2;Unassigned
Methyl-CpG-Binding Protein 2;Unassigned
Aryl Hydrocarbon Receptor Nuclear Translocator;Unassigned
Smad Proteins;Unassigned
Cyclic AMP Response Element Modulator;Unassigned
Myogenic Regulatory Factor 5;Unassigned
Myeloid-Lymphoid Leukemia Protein;Unassigned
Proto-Oncogene Protein c-fli-1;Unassigned
G-Box Binding Factors;Unassigned
Basic Helix-Loop-Helix Transcription Factors;Unassigned
Hypoxia-Inducible Factor 1;Unassigned
Von Hippel-Lindau Tumor Suppressor Protein;Unassigned
Hypoxia-Inducible Factor 1, alpha Subunit;Unassigned
Inhibitor of Differentiation Proteins;Unassigned
Inhibitor of Differentiation Protein 2;Unassigned
Inhibitor of Differentiation Protein 1;Unassigned
Delayed Graft Function;Unassigned
Tristetraprolin;Unassigned
Butyrate Response Factor 1;Unassigned
Replication Protein C;Unassigned
Immunoglobulin J Recombination Signal Sequence-Binding Protein;Unassigned
TCF Transcription Factors;Unassigned
Lymphoid Enhancer-Binding Factor 1;Unassigned
T Cell Transcription Factor 1;Unassigned
COUP Transcription Factors;Unassigned
COUP Transcription Factor II;Unassigned
COUP Transcription Factor I;Unassigned
NFI Transcription Factors;Unassigned
Y-Box-Binding Protein 1;Unassigned
Transcription Factor RelB;Unassigned
Olfactory Marker Protein;Unassigned
Synucleins;Unassigned
alpha-Synuclein;Unassigned
gamma-Synuclein;Unassigned
beta-Synuclein;Unassigned
Lithostathine;Unassigned
Fanconi Anemia Complementation Group Proteins;Unassigned
Otx Transcription Factors;Unassigned
Forkhead Transcription Factors;Unassigned
Neuroendocrine Secretory Protein 7B2;Unassigned
Fragile X Mental Retardation Protein;Unassigned
Kangai-1 Protein;Unassigned
Host Cell Factor C1;Unassigned
Sex-Determining Region Y Protein;Unassigned
RNA Polymerase Sigma 54;Unassigned
Twist-Related Protein 1;Unassigned
Receptors, Notch;Unassigned
Receptor, Notch1;Unassigned
Receptor, Notch2;Unassigned
Smad Proteins, Receptor-Regulated;Unassigned
Smad Proteins, Inhibitory;Unassigned
Smad1 Protein;Unassigned
Smad2 Protein;Unassigned
Smad3 Protein;Unassigned
Smad4 Protein;Unassigned
Smad5 Protein;Unassigned
Nuclear Factor 45 Protein;Unassigned
Smad8 Protein;Unassigned
Smad6 Protein;Unassigned
Smad7 Protein;Unassigned
Lysosomal Membrane Proteins;Unassigned
Membrane Cofactor Protein;Unassigned
Leukosialin;Unassigned
Sialic Acid Binding Ig-like Lectin 2;Unassigned
NK Cell Lectin-Like Receptor Subfamily D;Unassigned
Fos-Related Antigen-2;Unassigned
PII Nitrogen Regulatory Proteins;Unassigned
CD79 Antigens;Unassigned
Basigin;Unassigned
CD24 Antigen;Unassigned
CD47 Antigen;Unassigned
CD146 Antigen;Unassigned
Endolyn;Unassigned
Centromere Protein B;Unassigned
Dopamine and cAMP-Regulated Phosphoprotein 32;Unassigned
Munc18 Proteins;Unassigned
Phytochrome B;Unassigned
B7-2 Antigen;Unassigned
fms-Like Tyrosine Kinase 3;Unassigned
Phytochrome A;Unassigned
Antennapedia Homeodomain Protein;Unassigned
Goosecoid Protein;Unassigned
MSX1 Transcription Factor;Unassigned
Nuclear Receptor Coactivator 2;Unassigned
ELAV Proteins;Unassigned
GTP-Binding Protein alpha Subunit, Gi2;Unassigned
Receptors, Mating Factor;Unassigned
Phospholipase C gamma;Unassigned
Uracil-DNA Glycosidase;Unassigned
Transcription Factor RelA;Unassigned
ADP-ribosyl Cyclase 1;Unassigned
NF-kappa B p50 Subunit;Unassigned
NF-kappa B p52 Subunit;Unassigned
Bone Morphogenetic Protein Receptors;Unassigned
Bone Morphogenetic Protein Receptors, Type I;Unassigned
Bone Morphogenetic Protein Receptors, Type II;Unassigned
Mucositis;Unassigned
Hinge Exons;Unassigned
Vaginismus;Unassigned
N-Ethylmaleimide-Sensitive Proteins;Unassigned
Soluble N-Ethylmaleimide-Sensitive Factor Attachment Proteins;Unassigned
Quadriceps Muscle;Unassigned
Sialomucins;Unassigned
Benzodioxoles;Unassigned
Lysosomal-Associated Membrane Protein 1;Unassigned
Lysosomal-Associated Membrane Protein 2;Unassigned
Glycogen Storage Disease Type IIb;Unassigned
Genes, Neoplasm;Unassigned
Intracellular Calcium-Sensing Proteins;Unassigned
Aptamers, Nucleotide;Unassigned
Aptamers, Peptide;Unassigned
Frasier Syndrome;Unassigned
Benzothiazoles;Stressor
Azulenes;Unassigned
Kidney Diseases, Cystic;Unassigned
Cephalopelvic Disproportion;Unassigned
Antigens, Plant;Unassigned
Hydrocolpos;Unassigned
Ferrosoferric Oxide;Unassigned
Glucagon-Like Peptide 1;Unassigned
Fanconi Anemia Complementation Group A Protein;Unassigned
Fanconi Anemia Complementation Group C Protein;Unassigned
Fanconi Anemia Complementation Group F Protein;Unassigned
Fanconi Anemia Complementation Group D2 Protein;Unassigned
Fanconi Anemia Complementation Group E Protein;Unassigned
Fanconi Anemia Complementation Group L Protein;Unassigned
Fanconi Anemia Complementation Group G Protein;Unassigned
Adiponectin;Unassigned
Resistin;Unassigned
Endocrine Disruptors;Unassigned
Usher Syndromes;Unassigned
Cyclooxygenase 2 Inhibitors;Unassigned
Nitric Oxide Synthase Type II;Unassigned
Nitric Oxide Synthase Type I;Unassigned
Nitric Oxide Synthase Type III;Unassigned
Tendinopathy;Unassigned
Creatine Kinase, BB Form;Unassigned
Creatine Kinase, MB Form;Unassigned
Creatine Kinase, Mitochondrial Form;Unassigned
Creatine Kinase, MM Form;Unassigned
Clutch Size;Unassigned
Ovoviviparity;Unassigned
Viviparity, Nonmammalian;Unassigned
Oviparity;Unassigned
Proglucagon;Unassigned
Adipose Tissue, White;Unassigned
Adipocytes, Brown;Unassigned
Adipocytes, White;Unassigned
Lipid Metabolism Disorders;Unassigned
Hypoalphalipoproteinemias;Unassigned
Hypobetalipoproteinemia, Familial, Apolipoprotein B;Unassigned
Lipodystrophy, Familial Partial;Unassigned
Lipodystrophy, Congenital Generalized;Unassigned
Sulfatidosis;Unassigned
Multiple Sulfatase Deficiency Disease;Unassigned
Niemann-Pick Disease, Type A;Unassigned
Niemann-Pick Disease, Type B;Unassigned
Niemann-Pick Disease, Type C;Unassigned
Ionic Liquids;Unassigned
Muscle Stretching Exercises;Unassigned
Pinch Strength;Unassigned
Trigger Finger Disorder;Unassigned
Xylem;Unassigned
Phloem;Unassigned
Allostasis;Unassigned
Particulate Matter;Unassigned
Corticotrophs;Unassigned
Gonadotrophs;Unassigned
Lactotrophs;Unassigned
Somatotrophs;Unassigned
Thyrotrophs;Unassigned
Pituitary Gland, Intermediate;Unassigned
Melanotrophs;Unassigned
Carpometacarpal Joints;Unassigned
Female Urogenital Diseases;Unassigned
Balanitis Xerotica Obliterans;Unassigned
Male Urogenital Diseases;Unassigned
Foreskin;Unassigned
Phototrophic Processes;Unassigned
Autotrophic Processes;Unassigned
Heterotrophic Processes;Unassigned
Chemoautotrophic Growth;Unassigned
Cystocele;Unassigned
Urolithiasis;Unassigned
Subacute Combined Degeneration;Unassigned
Pyomyositis;Unassigned
Pore Forming Cytotoxic Proteins;Unassigned
Refsum Disease, Infantile;Unassigned
Schizonts;Unassigned
Merozoites;Unassigned
Tarlov Cysts;Unassigned
Phycobiliproteins;Unassigned
Phycobilins;Unassigned
Microcystins;Unassigned
Quinazolinones;Unassigned
Pyonephrosis;Unassigned
Quorum Sensing;Unassigned
Ureterolithiasis;Unassigned
Nephrolithiasis;Unassigned
Trophozoites;Unassigned
Dengue Vaccines;Unassigned
West Nile Virus Vaccines;Unassigned
Herpes Zoster Vaccine;Unassigned
Membrane Potential, Mitochondrial;Unassigned
Familial Hypophosphatemic Rickets;Unassigned
Azotemia;Unassigned
Benzophenanthridines;Unassigned
Respiratory Aspiration;Unassigned
Cyclohexenes;Stressor
Oseltamivir;Unassigned
Organelle Shape;Unassigned
Organelle Size;Unassigned
Mitochondrial Size;Unassigned
Caspase 2;Unassigned
Cell Nucleus Shape;Unassigned
Cell Nucleus Size;Unassigned
Myeloblastin;Unassigned
Plant Exudates;Unassigned
Caspase 3;Unassigned
Plant Gums;Unassigned
Nocturia;Unassigned
Dysuria;Unassigned
Caspase 6;Unassigned
Caspase 7;Unassigned
Caspase 8;Unassigned
TNF Receptor-Associated Death Domain Protein;Unassigned
Fas-Associated Death Domain Protein;Unassigned
Urinary Bladder, Overactive;Unassigned
Urinary Incontinence, Urge;Unassigned
Root Nodules, Plant;Unassigned
Pollen Tube;Unassigned
Nocturnal Enuresis;Unassigned
Diurnal Enuresis;Unassigned
Herbicide Resistance;Unassigned
Pharmaceutical Preparations, Dental;Unassigned
Receptors, Death Domain;Unassigned
Receptors, Tumor Necrosis Factor, Member 25;Unassigned
Receptors, TNF-Related Apoptosis-Inducing Ligand;Unassigned
TNF-Related Apoptosis-Inducing Ligand;Unassigned
Fas Ligand Protein;Unassigned
Receptors, Tumor Necrosis Factor, Member 14;Unassigned
Apoprotein(a);Unassigned
Zanamivir;Unassigned
Osteoprotegerin;Unassigned
RANK Ligand;Unassigned
Receptor Activator of Nuclear Factor-kappa B;Unassigned
Lymphotoxin beta Receptor;Unassigned
Soot;Unassigned
Tumor Necrosis Factor Receptor Superfamily, Member 9;Unassigned
Receptors, OX40;Unassigned
Gene Regulatory Networks;Unassigned
B-Cell Activating Factor;Unassigned
B-Cell Activation Factor Receptor;Unassigned
OX40 Ligand;Unassigned
Polyynes;Unassigned
Diynes;Unassigned
Enediynes;Unassigned
CD27 Ligand;Unassigned
Apolipoprotein B-48;Unassigned
Polyunsaturated Alkamides;Unassigned
CD30 Ligand;Unassigned
Chylomicron Remnants;Unassigned
Apolipoprotein B-100;Unassigned
Tumor Necrosis Factor Ligand Superfamily Member 13;Unassigned
B-Cell Maturation Antigen;Unassigned
Apolipoprotein C-I;Unassigned
Transmembrane Activator and CAML Interactor Protein;Unassigned
Apolipoprotein C-II;Unassigned
Apolipoprotein C-III;Unassigned
Hyper-IgM Immunodeficiency Syndrome;Unassigned
Hyper-IgM Immunodeficiency Syndrome, Type 1;Unassigned
Lymphotoxin-beta;Unassigned
Apolipoprotein E3;Unassigned
Tumor Necrosis Factor Decoy Receptors;Unassigned
Receptors, Tumor Necrosis Factor, Member 10c;Unassigned
Receptors, Tumor Necrosis Factor, Member 6b;Unassigned
Tumor Necrosis Factor Ligand Superfamily Member 14;Unassigned
Apolipoprotein E4;Unassigned
Apolipoprotein E2;Unassigned
4-1BB Ligand;Unassigned
Ectodysplasins;Unassigned
Receptors, Ectodysplasin;Unassigned
Edar Receptor;Unassigned
Xedar Receptor;Unassigned
Ectodermal Dysplasia 1, Anhidrotic;Unassigned
Ectodermal Dysplasia 3, Anhidrotic;Unassigned
Ectodermal Dysplasia, Hypohidrotic, Autosomal Recessive;Unassigned
Lymphotoxin alpha1, beta2 Heterotrimer;Unassigned
Edar-Associated Death Domain Protein;Unassigned
Chromogranin B;Unassigned
Chromogranin A;Unassigned
Tumor Necrosis Factor Ligand Superfamily Member 15;Unassigned
Secretogranin II;Unassigned
Apolipoproteins D;Unassigned
High Vocal Center;Unassigned
Palmar Plate;Unassigned
PHEX Phosphate Regulating Neutral Endopeptidase;Unassigned
Lateral Line System;Unassigned
Death Domain Receptor Signaling Adaptor Proteins;Unassigned
Lipoproteins, IDL;Unassigned
CRADD Signaling Adaptor Protein;Unassigned
Hand-Arm Vibration Syndrome;Unassigned
Receptor-Interacting Protein Serine-Threonine Kinases;Unassigned
Lipoproteins, HDL2;Unassigned
Lipoproteins, HDL3;Unassigned
High-Density Lipoproteins, Pre-beta;Unassigned
Inhibitory Postsynaptic Potentials;Unassigned
CASP8 and FADD-Like Apoptosis Regulating Protein;Unassigned
Channelopathies;Unassigned
Prostatism;Unassigned
TNF Receptor-Associated Factor 4;Unassigned
Glucocorticoid-Induced TNFR-Related Protein;Unassigned
Caspase 9;Unassigned
Caspase 12;Unassigned
Caspase 10;Unassigned
Caspase 14;Unassigned
CARD Signaling Adaptor Proteins;Unassigned
Caspases, Effector;Unassigned
Caspases, Initiator;Unassigned
Nod Signaling Adaptor Proteins;Unassigned
Nod2 Signaling Adaptor Protein;Unassigned
Nod1 Signaling Adaptor Protein;Unassigned
Receptor-Interacting Protein Serine-Threonine Kinase 2;Unassigned
Extinction, Biological;Unassigned
Apoptotic Protease-Activating Factor 1;Unassigned
Apoptosomes;Unassigned
Cholesterol Ester Transfer Proteins;Unassigned
Secretory Leukocyte Peptidase Inhibitor;Unassigned
beta 2-Glycoprotein I;Unassigned
RecQ Helicases;Unassigned
Melanocortins;Unassigned
DEAD-box RNA Helicases;Unassigned
DnaB Helicases;Unassigned
Mink Viral Enteritis;Unassigned
Proteinase Inhibitory Proteins, Secretory;Unassigned
Elafin;Unassigned
Cholestanetriol 26-Monooxygenase;Unassigned
Osteopontin;Unassigned
Inositol 1,4,5-Trisphosphate Receptors;Unassigned
Corticotropin-Like Intermediate Lobe Peptide;Unassigned
Sarcoplasmic Reticulum Calcium-Transporting ATPases;Unassigned
Plasma Membrane Calcium-Transporting ATPases;Unassigned
gamma-Lipotropin;Unassigned
Arsenite Transporting ATPases;Unassigned
Arsenate Reductases;Unassigned
Epithelial Sodium Channels;Unassigned
Matrix Metalloproteinases, Membrane-Associated;Unassigned
Matrix Metalloproteinases, Secreted;Unassigned
Matrix Metalloproteinase 10;Unassigned
Matrix Metalloproteinase 11;Unassigned
Matrix Metalloproteinase 12;Unassigned
Matrix Metalloproteinase 13;Unassigned
Matrix Metalloproteinase 14;Unassigned
Matrix Metalloproteinase 16;Unassigned
Matrix Metalloproteinase 17;Unassigned
Matrix Metalloproteinase 15;Unassigned
Matrix Metalloproteinase 20;Unassigned
Amelogenin;Unassigned
Keratin-4;Unassigned
Leukokeratosis, Hereditary Mucosal;Unassigned
Keratins, Type I;Unassigned
Keratins, Type II;Unassigned
Keratin-8;Unassigned
Keratin-9;Unassigned
Keratin-13;Unassigned
Keratin-16;Unassigned
Keratin-17;Unassigned
Keratin-18;Unassigned
Keratin-19;Unassigned
Keratoderma, Palmoplantar, Epidermolytic;Unassigned
Keratin-14;Unassigned
Pachyonychia Congenita;Unassigned
Keratin-10;Unassigned
Keratin-12;Unassigned
Keratin-7;Unassigned
Keratin-6;Unassigned
Keratin-20;Unassigned
Keratin-5;Unassigned
Keratin-1;Unassigned
Keratin-2;Unassigned
Keratin-3;Unassigned
Corneal Dystrophy, Juvenile Epithelial of Meesmann;Unassigned
Ichthyosis Bullosa of Siemens;Unassigned
Somatostatin-28;Unassigned
Keratins, Hair-Specific;Unassigned
Hypercalciuria;Unassigned
Keratin-15;Unassigned
Porcine Postweaning Multisystemic Wasting Syndrome;Unassigned
Receptors, Interleukin-1 Type I;Unassigned
Receptors, Interleukin-1 Type II;Unassigned
Interleukin-1 Receptor Accessory Protein;Unassigned
Opsoclonus-Myoclonus Syndrome;Unassigned
Gitelman Syndrome;Unassigned
Muscle Strength;Unassigned
Interleukin-1alpha;Unassigned
Interleukin-1beta;Unassigned
Urinoma;Unassigned
Virus Attachment;Unassigned
Virus Internalization;Unassigned
Arthrometry, Articular;Unassigned
Nuchal Cord;Unassigned
Interleukin 1 Receptor Antagonist Protein;Unassigned
Pain, Referred;Unassigned
Interleukin-1 Receptor-Associated Kinases;Unassigned
Myeloid Differentiation Factor 88;Unassigned
Embryonic Stem Cells;Unassigned
Leukemia Inhibitory Factor;Unassigned
Receptors, OSM-LIF;Unassigned
Adrenomedullin;Unassigned
Stupor;Unassigned
Lethargy;Unassigned
Opiate Alkaloids;Unassigned
Janus Kinases;Unassigned
Janus Kinase 1;Unassigned
Janus Kinase 2;Unassigned
Janus Kinase 3;Unassigned
Blastocyst Inner Cell Mass;Unassigned
Atovaquone;Unassigned
Asthenozoospermia;Unassigned
Receptors, Thrombopoietin;Unassigned
Depsides;Unassigned
Interleukin Receptor Common gamma Subunit;Unassigned
X-Linked Combined Immunodeficiency Diseases;Unassigned
Receptor, Interferon alpha-beta;Unassigned
TYK2 Kinase;Unassigned
Naphthalimides;Unassigned
Interleukin-2 Receptor alpha Subunit;Unassigned
Interleukin-2 Receptor beta Subunit;Unassigned
Receptors, Interleukin-15;Unassigned
Cytokine Receptor Common beta Subunit;Unassigned
Receptors, Interleukin-5;Unassigned
Interleukin-3 Receptor alpha Subunit;Unassigned
Receptors, Interleukin-9;Unassigned
Pyelocystitis;Unassigned
Receptors, Interleukin-21;Unassigned
Platelet-Rich Plasma;Unassigned
Receptors, Interleukin-4, Type I;Unassigned
Receptors, Interleukin-4, Type II;Unassigned
Receptors, Interleukin-13;Unassigned
Interleukin-13 Receptor alpha1 Subunit;Unassigned
Interleukin-4 Receptor alpha Subunit;Unassigned
Interleukin-13 Receptor alpha2 Subunit;Unassigned
Interleukin-5 Receptor alpha Subunit;Unassigned
Syndecans;Unassigned
Syndecan-1;Unassigned
Syndecan-2;Unassigned
Syndecan-3;Unassigned
Syndecan-4;Unassigned
Glypicans;Unassigned
Aggrecans;Unassigned
Versicans;Unassigned
Syntenins;Unassigned
Receptors, Oncostatin M;Unassigned
Receptors, Oncostatin M, Type II;Unassigned
Leukemia Inhibitory Factor Receptor alpha Subunit;Unassigned
Oncostatin M Receptor beta Subunit;Unassigned
Tendon Entrapment;Unassigned
Oncostatin M;Unassigned
De Quervain Disease;Unassigned
Fetal Stem Cells;Unassigned
Adult Stem Cells;Unassigned
Interleukin-6 Receptor alpha Subunit;Unassigned
Interleukin-7 Receptor alpha Subunit;Unassigned
Receptors, Interleukin-8;Unassigned
Receptors, Interleukin-10;Unassigned
Receptors, Interleukin-11;Unassigned
Interleukin-11 Receptor alpha Subunit;Unassigned
Typhlitis;Unassigned
Receptors, Interleukin-12;Unassigned
Interleukin-10 Receptor alpha Subunit;Unassigned
Interleukin-10 Receptor beta Subunit;Unassigned
Interleukin-12 Receptor beta 1 Subunit;Unassigned
Interleukin-12 Receptor beta 2 Subunit;Unassigned
Azoospermia;Unassigned
Aspermia;Unassigned
Pneumonia, Ventilator-Associated;Unassigned
Scleromyxedema;Unassigned
Interleukin-15 Receptor alpha Subunit;Unassigned
Receptors, Interleukin-16;Unassigned
Receptors, Interleukin-17;Unassigned
Receptors, Interleukin-18;Unassigned
Interleukin-18 Receptor alpha Subunit;Unassigned
Interleukin-18 Receptor beta Subunit;Unassigned
Interleukin-21 Receptor alpha Subunit;Unassigned
Ciliary Neurotrophic Factor Receptor alpha Subunit;Unassigned
Interleukin-23;Unassigned
Interleukin-23 Subunit p19;Unassigned
Interleukin-12 Subunit p40;Unassigned
Presenilins;Unassigned
Presenilin-1;Unassigned
Interleukin-12 Subunit p35;Unassigned
Presenilin-2;Unassigned
Glucagon-Like Peptide 2;Unassigned
Nanocapsules;Unassigned
Glicentin;Unassigned
Oxyntomodulin;Unassigned
Transforming Growth Factor beta1;Unassigned
Thiazolidines;Unassigned
Latent TGF-beta Binding Proteins;Unassigned
Transforming Growth Factor beta2;Unassigned
Transforming Growth Factor beta3;Unassigned
2-Pyridinylmethylsulfinylbenzimidazoles;Unassigned
beta-Keratins;Unassigned
Tryptases;Unassigned
Granzymes;Unassigned
Fractional Flow Reserve, Myocardial;Unassigned
Chymases;Unassigned
Cardiovascular Infections;Unassigned
Hedgehog Proteins;Unassigned
Protein Tyrosine Phosphatase, Non-Receptor Type 6;Unassigned
Amyloid Precursor Protein Secretases;Unassigned
Plant Viral Movement Proteins;Unassigned
Wetlands;Unassigned
Explosive Agents;Unassigned
Unilamellar Liposomes;Unassigned
DNA Degradation, Necrotic;Unassigned
DNA Cleavage;Unassigned
Scattering, Small Angle;Unassigned
Brugada Syndrome;Unassigned
Electroosmosis;Unassigned
Microsatellite Instability;Unassigned
DNA Mismatch Repair;Unassigned
Metabolic Networks and Pathways;Unassigned
Hemolytic Agents;Unassigned
Biosynthetic Pathways;Unassigned
DNA Breaks, Double-Stranded;Unassigned
DNA Breaks, Single-Stranded;Unassigned
Papillomavirus Vaccines;Unassigned
DNA Fragmentation;Unassigned
Alpha-Amanitin;Unassigned
DNA Breaks;Unassigned
Azabicyclo Compounds;Unassigned
Pentacyclic Triterpenes;Unassigned
Nevus, Sebaceous of Jadassohn;Unassigned
Immune Reconstitution Inflammatory Syndrome;Unassigned
Cerebrum;Unassigned
Myelencephalon;Unassigned
Posterior Leukoencephalopathy Syndrome;Unassigned
Onycholysis;Unassigned
Biological Warfare Agents;Unassigned
Plant Stomata;Unassigned
Surgical Stomas;Unassigned
Peritoneal Stomata;Unassigned
Acute Coronary Syndrome;Unassigned
Coronary Occlusion;Unassigned
Pulmonary Infarction;Unassigned
Ischemic Contracture;Unassigned
Deaf-Blind Disorders;Unassigned
Superior Sagittal Sinus;Unassigned
Transverse Sinuses;Unassigned
Leukemia, Large Granular Lymphocytic;Unassigned
Dihydropyrimidine Dehydrogenase Deficiency;Unassigned
Livedo Reticularis;Unassigned
Multiple Acyl Coenzyme A Dehydrogenase Deficiency;Unassigned
Postthrombotic Syndrome;Unassigned
Mevalonate Kinase Deficiency;Unassigned
Vascular Malformations;Unassigned
Vein of Galen Malformations;Unassigned
Malformations of Cortical Development, Group II;Unassigned
Lissencephaly;Unassigned
Ectopia Cordis;Unassigned
Myocardial Bridging;Unassigned
Foramen Ovale;Unassigned
KATP Channels;Unassigned
Atrial Septum;Unassigned
Ventricular Septum;Unassigned
Endocardial Cushions;Unassigned
Periventricular Nodular Heterotopia;Unassigned
Foramen Ovale, Patent;Unassigned
Thrombocytopenia, Neonatal Alloimmune;Unassigned
Arachnodactyly;Unassigned
Sinus Arrest, Cardiac;Unassigned
Tachycardia, Reciprocating;Unassigned
Ventricular Flutter;Unassigned
Heart Failure, Systolic;Unassigned
Heart Failure, Diastolic;Unassigned
Torsion, Mechanical;Unassigned
Systolic Murmurs;Unassigned
Angioedemas, Hereditary;Unassigned
Precursor Cell Lymphoblastic Leukemia-Lymphoma;Unassigned
Pseudoephedrine;Unassigned
Precursor T-Cell Lymphoblastic Leukemia-Lymphoma;Unassigned
Neoplasms, Plasma Cell;Unassigned
Malformations of Cortical Development;Unassigned
Classical Lissencephalies and Subcortical Band Heterotopias;Unassigned
Cobblestone Lissencephaly;Unassigned
Blastodisc;Unassigned
Primitive Streak;Unassigned
Vesicular Stomatitis;Unassigned
Neural Plate;Unassigned
Neural Tube;Unassigned
Neurulation;Unassigned
Gastrulation;Unassigned
Embryonal Carcinoma Stem Cells;Unassigned
Human Immunodeficiency Virus Proteins;Unassigned
env Gene Products, Human Immunodeficiency Virus;Unassigned
gag Gene Products, Human Immunodeficiency Virus;Unassigned
pol Gene Products, Human Immunodeficiency Virus;Unassigned
HIV Reverse Transcriptase;Unassigned
Anti-Mullerian Hormone;Unassigned
Dideoxynucleotides;Unassigned
Ribonuclease H, Human Immunodeficiency Virus;Unassigned
nef Gene Products, Human Immunodeficiency Virus;Unassigned
Buruli Ulcer;Unassigned
Drug Agonism;Unassigned
Drug Inverse Agonism;Unassigned
Biomarkers, Pharmacological;Unassigned
No-Reflow Phenomenon;Unassigned
Marchiafava-Bignami Disease;Unassigned
vif Gene Products, Human Immunodeficiency Virus;Unassigned
rev Gene Products, Human Immunodeficiency Virus;Unassigned
tat Gene Products, Human Immunodeficiency Virus;Unassigned
vpr Gene Products, Human Immunodeficiency Virus;Unassigned
Coronary Sinus;Unassigned
Lubricants;Unassigned
Proton Pump Inhibitors;Unassigned
Carbasugars;Unassigned
Thiosugars;Unassigned
Sertoli Cell-Only Syndrome;Unassigned
Leishmaniasis Vaccines;Unassigned
Drug Partial Agonism;Unassigned
Viral Regulatory and Accessory Proteins;Unassigned
Cell Dedifferentiation;Unassigned
Cell Transdifferentiation;Unassigned
Steroidogenic Factor 1;Unassigned
Receptors, KIR;Unassigned
Receptors, KIR3DL1;Unassigned
Receptors, KIR2DL1;Unassigned
Receptors, KIR2DL2;Unassigned
Receptors, KIR2DL3;Unassigned
Receptors, KIR2DL4;Unassigned
Receptors, KIR2DL5;Unassigned
Receptors, KIR3DL2;Unassigned
Receptors, KIR3DS1;Unassigned
Electrical Synapses;Unassigned
Perforin;Unassigned
Iron Carbonyl Compounds;Unassigned
Chemokine CXCL10;Unassigned
Withanolides;Unassigned
Chemokine CXCL1;Unassigned
Fenamates;Unassigned
Solitary Fibrous Tumor, Pleural;Unassigned
Solitary Fibrous Tumors;Unassigned
Chemokine CXCL5;Unassigned
Agouti Signaling Protein;Unassigned
Receptors, CXCR3;Unassigned
Laxatives;Unassigned
Agouti-Related Protein;Unassigned
Chemokine CXCL9;Unassigned
Chemokine CXCL11;Unassigned
Chemokine CXCL12;Unassigned
Acetogenins;Unassigned
Receptors, CXCR5;Unassigned
Chemokine CXCL13;Unassigned
Receptors, CXCR;Unassigned
Receptors, CCR;Unassigned
Receptors, CCR1;Unassigned
Receptors, CCR2;Unassigned
Lymphoma, Extranodal NK-T-Cell;Unassigned
Adipokines;Unassigned
Receptors, CCR3;Unassigned
Receptors, CCR4;Unassigned
Receptors, CCR6;Unassigned
Receptors, CCR7;Unassigned
Receptors, CCR8;Unassigned
Chemokine CCL1;Unassigned
Leukemia, Prolymphocytic, B-Cell;Unassigned
Chemokine CCL3;Unassigned
Pseudomonas Vaccines;Unassigned
Chemokine CCL4;Unassigned
Nicotinamide Phosphoribosyltransferase;Unassigned
Chemokine CCL7;Unassigned
Receptors, Leptin;Unassigned
Chemokine CCL8;Unassigned
Chemokine CCL11;Unassigned
Chemokine CCL17;Unassigned
Chemokine CCL19;Unassigned
Receptors, Adipokine;Unassigned
Chemokine CCL20;Unassigned
Receptors, Adiponectin;Unassigned
Pre-B Cell Receptors;Unassigned
Chemokine CCL21;Unassigned
Chemokine CCL22;Unassigned
Chemokine CCL24;Unassigned
Chemokine CCL27;Unassigned
Chemokine CXCL2;Unassigned
Chemokine CXCL6;Unassigned
Chemokine CX3CL1;Unassigned
Leukemia, Myelomonocytic, Juvenile;Unassigned
Myelodysplastic-Myeloproliferative Diseases;Unassigned
Leukemia, Myeloid, Chronic, Atypical, BCR-ABL Negative;Unassigned
Ghrelin;Unassigned
Receptors, Ghrelin;Unassigned
Immunoglobulin Light Chains, Surrogate;Unassigned
Lymphoma, Primary Cutaneous Anaplastic Large Cell;Unassigned
Receptors, CCR10;Unassigned
Precursor Cells, B-Lymphoid;Unassigned
rho-Associated Kinases;Unassigned
Lim Kinases;Unassigned
p21-Activated Kinases;Unassigned
Trichothiodystrophy Syndromes;Unassigned
Peroxiredoxins;Unassigned
Peroxiredoxin VI;Unassigned
Phospholipases A1;Unassigned
Phospholipases A2;Unassigned
Axoneme;Unassigned
Glutaredoxins;Unassigned
Chloroplast Thioredoxins;Unassigned
Thioredoxin h;Unassigned
Thioredoxin Reductase 1;Unassigned
Thioredoxin Reductase 2;Unassigned
Phospholipases A2, Secretory;Unassigned
Group I Phospholipases A2;Unassigned
Group IA Phospholipases A2;Unassigned
Group IB Phospholipases A2;Unassigned
Group II Phospholipases A2;Unassigned
Histocompatibility, Maternal-Fetal;Unassigned
Lymphoid Progenitor Cells;Unassigned
Precursor Cells, T-Lymphoid;Unassigned
Group V Phospholipases A2;Unassigned
Chloracne;Unassigned
Receptors, Phospholipase A2;Unassigned
Acute Radiation Syndrome;Unassigned
Group X Phospholipases A2;Unassigned
Phospholipases A2, Cytosolic;Unassigned
Phospholipases A2, Calcium-Independent;Unassigned
Group IV Phospholipases A2;Unassigned
Persistent Hyperplastic Primary Vitreous;Unassigned
Vulvar Vestibulitis;Unassigned
Orbital Cellulitis;Unassigned
Group III Phospholipases A2;Unassigned
Group VI Phospholipases A2;Unassigned
Atrioventricular Block;Unassigned
Neuroacanthocytosis;Unassigned
Takotsubo Cardiomyopathy;Unassigned
Venous Thromboembolism;Unassigned
Receptor-Like Protein Tyrosine Phosphatases;Unassigned
Protein Tyrosine Phosphatases, Non-Receptor;Unassigned
Hyperphosphatemia;Unassigned
Protein Tyrosine Phosphatase, Non-Receptor Type 1;Unassigned
Protein Tyrosine Phosphatase, Non-Receptor Type 2;Unassigned
Protein Tyrosine Phosphatase, Non-Receptor Type 3;Unassigned
Protein Tyrosine Phosphatase, Non-Receptor Type 4;Unassigned
Protein Tyrosine Phosphatase, Non-Receptor Type 11;Unassigned
SH2 Domain-Containing Protein Tyrosine Phosphatases;Unassigned
Protein Tyrosine Phosphatase, Non-Receptor Type 12;Unassigned
Protein Tyrosine Phosphatase, Non-Receptor Type 13;Unassigned
Protein Tyrosine Phosphatase, Non-Receptor Type 22;Unassigned
Receptor-Like Protein Tyrosine Phosphatases, Class 1;Unassigned
Receptor-Like Protein Tyrosine Phosphatases, Class 2;Unassigned
Genome, Plastid;Unassigned
Genome, Chloroplast;Unassigned
Genome, Mitochondrial;Unassigned
Receptor-Like Protein Tyrosine Phosphatases, Class 4;Unassigned
Receptor-Like Protein Tyrosine Phosphatases, Class 3;Unassigned
Receptor-Like Protein Tyrosine Phosphatases, Class 5;Unassigned
Receptor-Like Protein Tyrosine Phosphatases, Class 7;Unassigned
Receptor-Like Protein Tyrosine Phosphatases, Class 8;Unassigned
Dual-Specificity Phosphatases;Unassigned
Dual Specificity Phosphatase 1;Unassigned
Mitogen-Activated Protein Kinase Phosphatases;Unassigned
Dual Specificity Phosphatase 3;Unassigned
Dual Specificity Phosphatase 2;Unassigned
Dual Specificity Phosphatase 6;Unassigned
INDEL Mutation;Unassigned
Ear Auricle;Unassigned
Protein Phosphatase 1;Unassigned
Protein Phosphatase 2;Unassigned
Ribosome Subunits;Unassigned
Ribosome Subunits, Large;Unassigned
Diketopiperazines;Unassigned
Cyclic Nucleotide Phosphodiesterases, Type 1;Unassigned
Cyclic Nucleotide Phosphodiesterases, Type 2;Unassigned
Ribosome Subunits, Small;Unassigned
Ribosome Subunits, Small, Bacterial;Unassigned
Ribosome Subunits, Large, Bacterial;Unassigned
Ribosome Subunits, Small, Eukaryotic;Unassigned
Ribosome Subunits, Large, Eukaryotic;Unassigned
Cyclic Nucleotide Phosphodiesterases, Type 3;Unassigned
Lymphoma, Primary Effusion;Unassigned
Cytostatic Agents;Unassigned
Cyclic Nucleotide Phosphodiesterases, Type 4;Unassigned
Mastocytoma, Skin;Unassigned
Cyclic Nucleotide Phosphodiesterases, Type 5;Unassigned
Cyclic Nucleotide Phosphodiesterases, Type 6;Unassigned
Cyclic Nucleotide Phosphodiesterases, Type 7;Unassigned
Lecithins;Unassigned
Salinity;Unassigned
Bryostatins;Unassigned
Echinocandins;Unassigned
Cardiotoxins;Unassigned
Cucurbitacins;Unassigned
Calcium-Calmodulin-Dependent Protein Kinase Type 1;Unassigned
Protein Interaction Domains and Motifs;Unassigned
PDZ Domains;Unassigned
Calcium-Calmodulin-Dependent Protein Kinase Type 2;Unassigned
Calcium-Calmodulin-Dependent Protein Kinase Type 4;Unassigned
Phosphorothioate Oligonucleotides;Unassigned
Elongation Factor 2 Kinase;Unassigned
Calcium-Calmodulin-Dependent Protein Kinase Kinase;Unassigned
Scala Vestibuli;Unassigned
Dendritic Cell Sarcoma, Interdigitating;Unassigned
Dendritic Cell Sarcoma, Follicular;Unassigned
Acyl-Butyrolactones;Unassigned
Cyclic AMP-Dependent Protein Kinase Type I;Unassigned
Cyclic AMP-Dependent Protein Kinase Type II;Unassigned
Histiocytic Sarcoma;Unassigned
Ribosome Subunits, Large, Archaeal;Unassigned
Ribosome Subunits, Small, Archaeal;Unassigned
Cyclic AMP-Dependent Protein Kinase Catalytic Subunits;Unassigned
Langerhans Cell Sarcoma;Unassigned
Cyclic AMP-Dependent Protein Kinase RIbeta Subunit;Unassigned
Cyclic AMP-Dependent Protein Kinase RIIalpha Subunit;Unassigned
Imidazoline Receptors;Unassigned
Cyclic AMP-Dependent Protein Kinase RIalpha Subunit;Unassigned
Cyclic AMP-Dependent Protein Kinase RIIbeta Subunit;Unassigned
A Kinase Anchor Proteins;Unassigned
G-Protein-Coupled Receptor Kinases;Unassigned
G-Protein-Coupled Receptor Kinase 2;Unassigned
G-Protein-Coupled Receptor Kinase 3;Unassigned
G-Protein-Coupled Receptor Kinase 4;Unassigned
G-Protein-Coupled Receptor Kinase 5;Unassigned
Semicircular Ducts;Unassigned
Hair Cells, Ampulla;Unassigned
NM23 Nucleoside Diphosphate Kinases;Unassigned
Ribosome Inactivating Proteins;Unassigned
Ribosome Inactivating Proteins, Type 1;Unassigned
Ribosome Inactivating Proteins, Type 2;Unassigned
Muscle, Striated;Unassigned
Truncated Hemoglobins;Unassigned
Incretins;Unassigned
Phospholipase C beta;Unassigned
Glycosylphosphatidylinositol Diacylglycerol-Lyase;Unassigned
Phosphoinositide Phospholipase C;Unassigned
Phospholipase C delta;Unassigned
Cathelicidins;Unassigned
Dermcidins;Unassigned
Magainins;Unassigned
Cecropins;Unassigned
Histatins;Unassigned
Thionins;Unassigned
Phytochelatins;Unassigned
Cyclitols;Unassigned
Polyhydroxyalkanoates;Unassigned
Cyclic Nucleotide-Gated Cation Channels;Unassigned
Levopropoxyphene;Unassigned
Pollination;Unassigned
Hexosaminidase A;Unassigned
Hexosaminidase B;Unassigned
beta-Hexosaminidase alpha Chain;Unassigned
beta-Hexosaminidase beta Chain;Unassigned
Histamine H3 Antagonists;Unassigned
RING Finger Domains;Unassigned
Sesterterpenes;Unassigned
Acridones;Unassigned
Urocortins;Unassigned
Isoindoles;Unassigned
Lipocalins;Unassigned
Lipocalin 1;Unassigned
Indolizidines;Unassigned
Quinolizidines;Unassigned
von Ebner Glands;Unassigned
Retinol-Binding Proteins, Plasma;Unassigned
Retinol-Binding Proteins, Cellular;Unassigned
Peptaibols;Unassigned
Osteophyte;Unassigned
Small Molecule Libraries;Unassigned
Malignant Atrophic Papulosis;Unassigned
G-Quadruplexes;Unassigned
Jacobsen Distal 11q Deletion Syndrome;Unassigned
Fatty Acid Synthesis Inhibitors;Unassigned
Dipeptidyl-Peptidase IV Inhibitors;Unassigned
Ubiquitination;Unassigned
Prenylation;Unassigned
Wolf-Hirschhorn Syndrome;Unassigned
Lipoylation;Unassigned
Halogenation;Unassigned
Aspartylglucosaminuria;Unassigned
Antley-Bixler Syndrome Phenotype;Unassigned
Oxylipins;Unassigned
Host-Pathogen Interactions;Unassigned
Cumulus Cells;Unassigned
Fatty Acid Synthase, Type II;Unassigned
Fatty Acid Synthase, Type I;Unassigned
Metagenome;Unassigned
Extensively Drug-Resistant Tuberculosis;Unassigned
Compound Eye, Arthropod;Unassigned
Primary Dysautonomias;Unassigned
Pure Autonomic Failure;Unassigned
Orthostatic Intolerance;Unassigned
Postural Orthostatic Tachycardia Syndrome;Unassigned
Perivascular Epithelioid Cell Neoplasms;Unassigned
Costameres;Unassigned
Pallister-Hall Syndrome;Unassigned
Idiopathic Interstitial Pneumonias;Unassigned
Nephrogenic Fibrosing Dermopathy;Unassigned
Idiopathic Pulmonary Fibrosis;Unassigned
Autovaccines;Unassigned
Immunological Synapses;Unassigned
Anthracosis;Unassigned
Spondylosis;Unassigned
Posterior Cervical Sympathetic Syndrome;Unassigned
Chromosomal Position Effects;Unassigned
Osteoarthritis, Spine;Unassigned
Granulocyte-Macrophage Progenitor Cells;Unassigned
Megakaryocyte-Erythroid Progenitor Cells;Unassigned
Megakaryocyte Progenitor Cells;Unassigned
Monocyte-Macrophage Precursor Cells;Unassigned
Hemangioblasts;Unassigned
Inverted Repeat Sequences;Unassigned
Primary Graft Dysfunction;Unassigned
Osteochondrosis;Unassigned
Spinal Osteochondrosis;Unassigned
Campomelic Dysplasia;Unassigned
Salt Tolerance;Unassigned
Diet, Gluten-Free;Unassigned
Terahertz Radiation;Unassigned
Resistance Training;Unassigned
Tracheobronchomalacia;Unassigned
Tracheomalacia;Unassigned
Bronchomalacia;Unassigned
Laryngomalacia;Unassigned
Periodontal Atrophy;Unassigned
Endocrine Cells;Unassigned
Neuroendocrine Cells;Unassigned
Waist Circumference;Unassigned
Suntan;Unassigned
Failed Back Surgery Syndrome;Unassigned
Pyometra;Unassigned
Chronic Periodontitis;Unassigned
Elastic Modulus;Unassigned
Sensory Gating;Unassigned
Stem Cell Niche;Unassigned
Dysphonia;Unassigned
Velopharyngeal Sphincter;Unassigned
Biocatalysis;Unassigned
Hepatic Stellate Cells;Unassigned
Plant Root Nodulation;Unassigned
Nasal Cartilages;Unassigned
Vomer;Unassigned
Delayed Emergence from Anesthesia;Unassigned
Retinal Photoreceptor Cell Inner Segment;Unassigned
Photoreceptor Connecting Cilium;Unassigned
Retinal Pigment Epithelium;Unassigned
Retinal Photoreceptor Cell Outer Segment;Unassigned
Lincosamides;Unassigned
Proline-Rich Protein Domains;Unassigned
Cornified Envelope Proline-Rich Proteins;Unassigned
Cell-Derived Microparticles;Unassigned
Color Vision;Unassigned
Night Vision;Unassigned
Mesopic Vision;Unassigned
Mucin-5B;Unassigned
Rod-Cone Interaction;Unassigned
Immunogenetic Phenomena;Unassigned
Mucin-2;Unassigned
Mucin-3;Unassigned
Mucin-4;Unassigned
Mucin 5AC;Unassigned
Mucin-6;Unassigned
Salivary Proline-Rich Proteins;Unassigned
Salivary alpha-Amylases;Unassigned
Pancreatic alpha-Amylases;Unassigned
Receptors, Urokinase Plasminogen Activator;Unassigned
Cystatin A;Unassigned
Cystatin B;Unassigned
Seed Storage Proteins;Unassigned
Prolamins;Unassigned
Cystatin C;Unassigned
Adenomyoepithelioma;Unassigned
Cystatin M;Unassigned
Salivary Cystatins;Unassigned
Retinal Neurons;Unassigned
Exosomes;Unassigned
Opsins;Unassigned
Cone Opsins;Unassigned
Antistatic Agents;Unassigned
Synaptic Potentials;Unassigned
Miniature Postsynaptic Potentials;Unassigned
Lung Injury;Unassigned
Acute Lung Injury;Unassigned
AMP-Activated Protein Kinases;Unassigned
Tolloid-Like Metalloproteinases;Unassigned
Bone Morphogenetic Protein 1;Unassigned
Bone Morphogenetic Protein 2;Unassigned
Ventilator-Induced Lung Injury;Unassigned
Bone Morphogenetic Protein 3;Unassigned
TGF-beta Superfamily Proteins;Unassigned
Growth Differentiation Factors;Unassigned
Growth Differentiation Factor 10;Unassigned
Bone Morphogenetic Protein 4;Unassigned
Bone Morphogenetic Protein 5;Unassigned
Bone Morphogenetic Protein 6;Unassigned
Bone Morphogenetic Protein 7;Unassigned
Venous Valves;Unassigned
Diet, Ketogenic;Unassigned
Growth Differentiation Factor 2;Unassigned
Growth Differentiation Factor 5;Unassigned
Growth Differentiation Factor 9;Unassigned
Bone Morphogenetic Protein 15;Unassigned
Growth Differentiation Factor 6;Unassigned
Myostatin;Unassigned
Growth Differentiation Factor 15;Unassigned
Metabolome;Unassigned
Growth Differentiation Factor 3;Unassigned
Growth Differentiation Factor 1;Unassigned
Nodal Signaling Ligands;Unassigned
Nodal Protein;Unassigned
Left-Right Determination Factors;Unassigned
Facilitated Diffusion;Unassigned
Thermal Diffusion;Unassigned
Spiral Ligament of Cochlea;Unassigned
Neurogenesis;Unassigned
Neurogenic Bowel;Unassigned
Catheter-Related Infections;Unassigned
Macrophage Activation Syndrome;Unassigned
Protein Multimerization;Unassigned
Insulin Receptor Substrate Proteins;Unassigned
CCN Intercellular Signaling Proteins;Unassigned
Connective Tissue Growth Factor;Unassigned
Nephroblastoma Overexpressed Protein;Unassigned
Cysteine-Rich Protein 61;Unassigned
2S Albumins, Plant;Unassigned
snRNP Core Proteins;Unassigned
Photoreceptors, Plant;Unassigned
Gemini of Coiled Bodies;Unassigned
SMN Complex Proteins;Unassigned
Survival of Motor Neuron 1 Protein;Unassigned
Bulbo-Spinal Atrophy, X-Linked;Unassigned
Morgellons Disease;Unassigned
Light Signal Transduction;Unassigned
delta-Thalassemia;Unassigned
Survival of Motor Neuron 2 Protein;Unassigned
DEAD Box Protein 20;Unassigned
alpha-Globins;Unassigned
zeta-Globins;Unassigned
beta-Globins;Unassigned
gamma-Globins;Unassigned
delta-Globins;Unassigned
epsilon-Globins;Unassigned
Vapor Pressure;Unassigned
Volatile Organic Compounds;Unassigned
Protein Stability;Unassigned
HSP27 Heat-Shock Proteins;Unassigned
Prescription Drugs;Unassigned
Hemoglobin Subunits;Unassigned
Secretory Pathway;Unassigned
Ceramidases;Unassigned
Acid Ceramidase;Unassigned
Alkaline Ceramidase;Unassigned
Neutral Ceramidase;Unassigned
Farber Lipogranulomatosis;Unassigned
Astronomical Phenomena;Unassigned
Physical Phenomena;Unassigned
Astronomical Objects;Unassigned
Pancreatitis, Graft;Unassigned
Electromagnetic Phenomena;Unassigned
Biophysical Phenomena;Unassigned
Geological Phenomena;Unassigned
Mechanical Phenomena;Unassigned
Chemical Phenomena;Unassigned
Organic Chemistry Phenomena;Unassigned
Receptors, Natural Killer Cell;Unassigned
Galaxies;Unassigned
Stars, Celestial;Unassigned
Antigens, CD1d;Unassigned
Natural Killer T-Cells;Unassigned
Cytokine-Induced Killer Cells;Unassigned
Multiple Pulmonary Nodules;Unassigned
Genetic Phenomena;Unassigned
Optical Phenomena;Unassigned
Orbital Myositis;Unassigned
Keratosis, Actinic;Unassigned
Natural Cytotoxicity Triggering Receptor 1;Unassigned
Natural Cytotoxicity Triggering Receptor 3;Unassigned
Natural Cytotoxicity Triggering Receptor 2;Unassigned
Receptors, NK Cell Lectin-Like;Unassigned
Immune System Phenomena;Unassigned
Receptors, Natural Cytotoxicity Triggering;Unassigned
Mathematical Concepts;Unassigned
Killer Factors, Yeast;Unassigned
NK Cell Lectin-Like Receptor Subfamily A;Unassigned
NK Cell Lectin-Like Receptor Subfamily B;Unassigned
Gray Platelet Syndrome;Unassigned
Muir-Torre Syndrome;Unassigned
NK Cell Lectin-Like Receptor Subfamily C;Unassigned
NK Cell Lectin-Like Receptor Subfamily K;Unassigned
Purpura Fulminans;Unassigned
Lipopeptides;Unassigned
Photochemical Processes;Unassigned
Ecological and Environmental Phenomena;Unassigned
Static Electricity;Unassigned
Acrocallosal Syndrome;Unassigned
Viscosupplements;Unassigned
Refeeding Syndrome;Unassigned
Viscoelastic Substances;Unassigned
Metabolic Equivalent;Unassigned
Musculoskeletal and Neural Physiological Phenomena;Unassigned
Digestive System and Oral Physiological Phenomena;Unassigned
Reproductive Physiological Phenomena;Unassigned
Electrophysiological Phenomena;Unassigned
Primary Myelofibrosis;Unassigned
Pulmonary Aspergillosis;Unassigned
Invasive Pulmonary Aspergillosis;Unassigned
Bronchioles;Unassigned
Stage-Specific Embryonic Antigens;Unassigned
SOX Transcription Factors;Unassigned
SOXB1 Transcription Factors;Unassigned
SOXB2 Transcription Factors;Unassigned
SOXC Transcription Factors;Unassigned
Small Cell Lung Carcinoma;Unassigned
SOXD Transcription Factors;Unassigned
Meningeal Carcinomatosis;Unassigned
SOXE Transcription Factors;Unassigned
SOX9 Transcription Factor;Unassigned
SOXF Transcription Factors;Unassigned
Reticuloendotheliosis, Avian;Unassigned
Cranial Fontanelles;Unassigned
Shc Signaling Adaptor Proteins;Unassigned
Immobilized Proteins;Unassigned
Halogenated Diphenyl Ethers;Unassigned
Microvessels;Unassigned
Wilderness;Unassigned
Integumentary System Physiological Phenomena;Unassigned
Lynch Syndrome II;Unassigned
Droughts;Unassigned
Earthquakes;Unassigned
Cyclonic Storms;Unassigned
Floods;Unassigned
Tornadoes;Unassigned
Tidal Waves;Unassigned
Extreme Cold;Unassigned
Extreme Heat;Unassigned
Avalanches;Unassigned
Landslides;Unassigned
Nevus, Halo;Unassigned
Climatic Processes;Unassigned
Antibodies, Immobilized;Unassigned
Magnetosomes;Unassigned
Loeys-Dietz Syndrome;Unassigned
Sarcopenia;Unassigned
Vasa Previa;Unassigned
Functional Food;Unassigned
Cogan Syndrome;Unassigned
Microscopic Polyangiitis;Unassigned
Corneal Endothelial Cell Loss;Unassigned
Susac Syndrome;Unassigned
Diffuse Neurofibrillary Tangles with Calcification;Unassigned
Piriformis Muscle Syndrome;Unassigned
Intervertebral Disc Degeneration;Unassigned
Asthma, Aspirin-Induced;Unassigned
Alien Limb Phenomenon;Unassigned
Nipple Aspirate Fluid;Unassigned
Latent Tuberculosis;Unassigned
Uterine Artery;Unassigned
Germ Cells, Plant;Unassigned
Molecular Dynamics Simulation;Unassigned
Leprosy, Paucibacillary;Unassigned
Leprosy, Multibacillary;Unassigned
Genetic Fitness;Unassigned
Commotio Cordis;Unassigned
Slit Ventricle Syndrome;Unassigned
Obesity, Abdominal;Unassigned
Gametogenesis, Plant;Unassigned
Pyriform Sinus;Unassigned
Corpse Dismemberment;Unassigned
Acute Generalized Exanthematous Pustulosis;Unassigned
Airway Remodeling;Unassigned
Respiratory Rate;Unassigned
Viral Tropism;Unassigned
Viral Structures;Unassigned
Bacterial Structures;Unassigned
Feedback, Sensory;Unassigned
Fungal Structures;Unassigned
Mi-2 Nucleosome Remodeling and Deacetylase Complex;Unassigned
Sin3 Histone Deacetylase and Corepressor Complex;Unassigned
Microbial Interactions;Unassigned
Erythrokeratodermia Variabilis;Unassigned
Pagetoid Reticulosis;Unassigned
Histone Deacetylase 1;Unassigned
Retinoblastoma Binding Proteins;Unassigned
Genu Valgum;Unassigned
Genu Varum;Unassigned
Neuronal Tract-Tracers;Unassigned
Colloid Cysts;Unassigned
Group I Chaperonins;Unassigned
Group II Chaperonins;Unassigned
Chaperonin Containing TCP-1;Unassigned
Thermosomes;Unassigned
Genetic Loci;Unassigned
t-Complex Genome Region;Unassigned
Axonemal Dyneins;Unassigned
Cytoplasmic Dyneins;Unassigned
Knee-Chest Position;Unassigned
Histone Deacetylase 2;Unassigned
Retinoblastoma-Binding Protein 1;Unassigned
Histone Demethylases;Unassigned
Jumonji Domain-Containing Histone Demethylases;Unassigned
Retinoblastoma-Binding Protein 2;Unassigned
Chemical and Drug Induced Liver Injury;Unassigned
Chemical and Drug Induced Liver Injury, Chronic;Unassigned
Histone Chaperones;Unassigned
Nucleoplasmins;Unassigned
Nucleosome Assembly Protein 1;Unassigned
Chromatin Assembly Factor-1;Unassigned
Retinoblastoma-Binding Protein 4;Unassigned
Position-Specific Scoring Matrices;Unassigned
Metallochaperones;Unassigned
Retinoblastoma-Binding Protein 7;Unassigned
Group III Histone Deacetylases;Unassigned
CA1 Region, Hippocampal;Unassigned
Sirtuin 1;Unassigned
Sirtuin 2;Unassigned
Sirtuin 3;Unassigned
Histone Deacetylase Inhibitors;Unassigned
Acute Chest Syndrome;Unassigned
Cryopyrin-Associated Periodic Syndromes;Unassigned
Grape Seed Extract;Unassigned
Endosperm;Unassigned
Inflorescence;Unassigned
Peritoneal Fibrosis;Unassigned
Colony Collapse;Unassigned
Cathepsin F;Unassigned
Systemic Vasculitis;Unassigned
Anti-Neutrophil Cytoplasmic Antibody-Associated Vasculitis;Unassigned
Cathepsin G;Unassigned
Vulvodynia;Unassigned
CA2 Region, Hippocampal;Unassigned
Rheumatoid Vasculitis;Unassigned
CA3 Region, Hippocampal;Unassigned
Cathepsin H;Unassigned
Cathepsin K;Unassigned
Hereditary Autoinflammatory Diseases;Unassigned
Cathepsin Z;Unassigned
Cathepsin W;Unassigned
Cathepsin L;Unassigned
Galactogogues;Unassigned
Yellow Nail Syndrome;Unassigned
Costello Syndrome;Unassigned
Prolactin-Releasing Hormone;Unassigned
Prebiotics;Unassigned
Propionic Acidemia;Unassigned
Adaptive Immunity;Unassigned
Immunity, Humoral;Unassigned
von Willebrand Disease, Type 1;Unassigned
Endangered Species;Unassigned
von Willebrand Disease, Type 2;Unassigned
von Willebrand Disease, Type 3;Unassigned
Silver-Russell Syndrome;Unassigned
Donohue Syndrome;Unassigned
Prolidase Deficiency;Unassigned
Carney Complex;Unassigned
Monilethrix;Unassigned
Autoimmune Lymphoproliferative Syndrome;Unassigned
Cross Protection;Unassigned
Pterygopalatine Fossa;Unassigned
Olecranon Process;Unassigned
Cyclin D;Unassigned
Cyclin D2;Unassigned
Cyclin D3;Unassigned
Cyclin B1;Unassigned
Cyclin C;Unassigned
Cyclin G;Unassigned
Immunomodulation;Unassigned
Cyclin H;Unassigned
Cyclin I;Unassigned
Cyclin A1;Unassigned
Cyclin A2;Unassigned
Cyclin B2;Unassigned
Cyclin G1;Unassigned
Cyclin G2;Unassigned
Giant Axonal Neuropathy;Unassigned
Alstrom Syndrome;Unassigned
Netherton Syndrome;Unassigned
Ovule;Unassigned
Leukoencephalopathies;Unassigned
Biofuels;Unassigned
Urea Cycle Disorders, Inborn;Unassigned
Argininosuccinic Aciduria;Unassigned
Alveolar Epithelial Cells;Unassigned
Acaricides;Unassigned
Unfolded Protein Response;Unassigned
Upper Extremity Deep Vein Thrombosis;Unassigned
Thyroxine-Binding Globulin;Unassigned
Endosomal Sorting Complexes Required for Transport;Unassigned
Hereditary Angioedema Type III;Unassigned
Hereditary Angioedema Types I and II;Unassigned
Isolated Noncompaction of the Ventricular Myocardium;Unassigned
Coordination Complexes;Unassigned
Central Serous Chorioretinopathy;Unassigned
Renal Colic;Unassigned
Weill-Marchesani Syndrome;Unassigned
Cyclin-Dependent Kinase 3;Unassigned
Cyclin-Dependent Kinase 8;Unassigned
Behind-the-Counter Drugs;Unassigned
Ideal Body Weight;Unassigned
Interstitial Cells of Cajal;Unassigned
Contrecoup Injury;Unassigned
Pelvic Organ Prolapse;Unassigned
Barth Syndrome;Unassigned
Mediator Complex;Unassigned
Chromosome Breakpoints;Unassigned
Cyclin T;Unassigned
Mediator Complex Subunit 1;Unassigned
Genomic Structural Variation;Unassigned
DNA Copy Number Variations;Unassigned
Segmental Duplications, Genomic;Unassigned
Nuclear Receptor Coactivators;Unassigned
Nuclear Receptor Coactivator 1;Unassigned
Nuclear Receptor Coactivator 3;Unassigned
Circadian Rhythm Signaling Peptides and Proteins;Unassigned
CLOCK Proteins;Unassigned
Liddle Syndrome;Unassigned
ARNTL Transcription Factors;Unassigned
Cryptochromes;Unassigned
Hep G2 Cells;Unassigned
Phototropins;Unassigned
Period Circadian Proteins;Unassigned
Nuclear Receptor Subfamily 1, Group D, Member 1;Unassigned
Excitation Contraction Coupling;Unassigned
Lac Repressors;Unassigned
Co-Repressor Proteins;Unassigned
Nuclear Receptor Co-Repressor 1;Unassigned
Nuclear Receptor Co-Repressor 2;Unassigned
Euglenozoa Infections;Unassigned
Vasoplegia;Unassigned
Anterior Wall Myocardial Infarction;Unassigned
Inferior Wall Myocardial Infarction;Unassigned
Induced Pluripotent Stem Cells;Unassigned
Laryngopharyngeal Reflux;Unassigned
Plant Nectar;Unassigned
Thrombotic Microangiopathies;Unassigned
Receptor Tyrosine Kinase-like Orphan Receptors;Unassigned
Aspartic Acid Proteases;Unassigned
Cysteine Proteases;Unassigned
Serine Proteases;Unassigned
ATP-Dependent Endopeptidases;Unassigned
Low Tension Glaucoma;Unassigned
Periprosthetic Fractures;Unassigned
Cervical Rib;Unassigned
Patellofemoral Joint;Unassigned
Intra-Articular Fractures;Unassigned
Thyrotropin Alfa;Unassigned
Virus Release;Unassigned
Tooth Wear;Unassigned
Anetoderma;Unassigned
Eccrine Porocarcinoma;Unassigned
Poroma;Unassigned
Geographic Atrophy;Unassigned
Orphan Nuclear Receptors;Unassigned
Nuclear Receptor Subfamily 1, Group F, Member 1;Unassigned
Nuclear Receptor Subfamily 1, Group F, Member 2;Unassigned
Shellfish Poisoning;Unassigned
Harmful Algal Bloom;Unassigned
Nuclear Receptor Subfamily 4, Group A, Member 1;Unassigned
Nuclear Receptor Subfamily 4, Group A, Member 3;Unassigned
Nuclear Receptor Subfamily 2, Group C, Member 1;Unassigned
Corneal Wavefront Aberration;Unassigned
Corneal Perforation;Unassigned
Nuclear Receptor Subfamily 2, Group C, Member 2;Unassigned
Nuclear Receptor Subfamily 4, Group A, Member 2;Unassigned
Single-Chain Antibodies;Unassigned
Iridocorneal Endothelial Syndrome;Unassigned
Leber Congenital Amaurosis;Unassigned
Immune Evasion;Unassigned
Nuclear Receptor Subfamily 1, Group F, Member 3;Unassigned
Dentin Desensitizing Agents;Unassigned
Antibodies, Neutralizing;Unassigned
Wet Macular Degeneration;Unassigned
Nuclear Receptor Subfamily 6, Group A, Member 1;Unassigned
DAX-1 Orphan Nuclear Receptor;Unassigned
Bacterial Shedding;Unassigned
Fast Foods;Unassigned
Food, Preserved;Unassigned
Multivesicular Bodies;Unassigned
Ubiquitinated Proteins;Unassigned
Proteostasis Deficiencies;Unassigned
Claudins;Unassigned
Frontotemporal Lobar Degeneration;Unassigned
TDP-43 Proteinopathies;Unassigned
Primary Progressive Nonfluent Aphasia;Unassigned
Frontotemporal Dementia;Unassigned
Tsunamis;Unassigned
Biofouling;Unassigned
Climate Change;Unassigned
Global Warming;Unassigned
Site-Specific DNA-Methyltransferase (Cytosine-N4-Specific);Unassigned
Sequence Inversion;Unassigned
Plant Dormancy;Unassigned
Hydrodynamics;Unassigned
Catabolite Repression;Unassigned
Nonsteroidal Anti-Androgens;Unassigned
Carbon Cycle;Unassigned
Arthropod Antennae;Unassigned
Deltoid Muscle;Unassigned
Virus Uncoating;Unassigned
Conducted Energy Weapon Injuries;Unassigned
Cell-in-Cell Formation;Unassigned
Emperipolesis;Unassigned
Transcellular Cell Migration;Unassigned
Entosis;Unassigned
Transendothelial and Transepithelial Migration;Unassigned
Eosinophilic Esophagitis;Unassigned
Kashin-Beck Disease;Unassigned
Brief, Resolved, Unexplained Event;Unassigned
Hyaline Fibromatosis Syndrome;Unassigned
Cystine-Knot Miniproteins;Unassigned
Vascular System Injuries;Unassigned
Cold Shock Proteins and Peptides;Unassigned
Post-Exercise Hypotension;Unassigned
Peptidomimetics;Unassigned
Mirizzi Syndrome;Unassigned
HEK293 Cells;Unassigned
Vitelliform Macular Dystrophy;Unassigned
Lemierre Syndrome;Unassigned
Pyrimidine Phosphorylases;Unassigned
Cell-Penetrating Peptides;Unassigned
Lipid Regulating Agents;Unassigned
Optic Flow;Unassigned
Posterior Capsular Rupture, Ocular;Unassigned
Posterior Capsule of the Lens;Unassigned
Plant Immunity;Unassigned
Anterior Capsule of the Lens;Unassigned
Endoleak;Unassigned
Anastomotic Leak;Unassigned
Pulp Capping and Pulpectomy Agents;Unassigned
Peri-Implantitis;Unassigned
Triploidy;Unassigned
Bleaching Agents;Unassigned
Overbite;Unassigned
Iridoid Glucosides;Unassigned
Iridoid Glycosides;Unassigned
Tetraploidy;Unassigned
Lesser Pelvis;Unassigned
Coral Reefs;Unassigned
Haploinsufficiency;Unassigned
Striae Distensae;Unassigned
Reflex, Righting;Unassigned
Hemizygote;Unassigned
Cytophagocytosis;Unassigned
Transcytosis;Unassigned
Circadian Clocks;Unassigned
Post-Synaptic Density;Unassigned
Implant Capsular Contracture;Unassigned
Angiotensin Receptor Antagonists;Unassigned
Angiotensin II Type 2 Receptor Blockers;Unassigned
Femoracetabular Impingement;Unassigned
Hydrophobic and Hydrophilic Interactions;Unassigned
Self-Fertilization;Unassigned
Parenteral Nutrition Solutions;Unassigned
Carbon Sequestration;Unassigned
Calcimimetic Agents;Unassigned
Anterior Capsular Rupture, Ocular;Unassigned
Posterior Eye Segment;Unassigned
Dent Disease;Unassigned
Multi-Ingredient Cold, Flu, and Allergy Medications;Unassigned
Multifactor Dimensionality Reduction;Unassigned
Diabetic Cardiomyopathies;Unassigned
Digital Dermatitis;Unassigned
Wavelet Analysis;Unassigned
Endophenotypes;Unassigned
Neglected Diseases;Unassigned
Asymptomatic Diseases;Unassigned
Iron Compounds;Unassigned
Sarcoglycanopathies;Unassigned
Polymerization;Unassigned
Counterfeit Drugs;Unassigned
Septins;Unassigned
Cerumenolytic Agents;Unassigned
Lewis Bases;Unassigned
Lewis Acids;Unassigned
Transcription Factor 7-Like 2 Protein;Unassigned
Transcription Factor 7-Like 1 Protein;Unassigned
Transcription Factor 3;Unassigned
Achaete-Scute Complex Genome Region;Unassigned
22q11 Deletion Syndrome;Unassigned
Acute Kidney Injury;Unassigned
Tooth Bleaching Agents;Unassigned
Hair Bleaching Agents;Unassigned
Sumoylation;Unassigned
Plaque, Amyloid;Unassigned
Plaque, Atherosclerotic;Unassigned
Amyloidogenic Proteins;Unassigned
Islet Amyloid Polypeptide;Unassigned
Prehypertension;Unassigned
Loose Anagen Hair Syndrome;Unassigned
Birt-Hogg-Dube Syndrome;Unassigned
Necrobiotic Xanthogranuloma;Unassigned
Protease Nexins;Unassigned
Brain Waves;Unassigned
Serpin E2;Unassigned
Receptor Activity-Modifying Proteins;Unassigned
Receptor Activity-Modifying Protein 1;Unassigned
Receptor Activity-Modifying Protein 2;Unassigned
Receptor Activity-Modifying Protein 3;Unassigned
Receptors, Adrenomedullin;Unassigned
Flea Infestations;Unassigned
Tungiasis;Unassigned
Calcitonin Receptor-Like Protein;Unassigned
Receptors, Islet Amyloid Polypeptide;Unassigned
Sister Mary Joseph's Nodule;Unassigned
Sorting Nexins;Unassigned
Receptors, Prostaglandin E, EP1 Subtype;Unassigned
Receptors, Prostaglandin E, EP2 Subtype;Unassigned
Receptors, Prostaglandin E, EP3 Subtype;Unassigned
Receptors, Prostaglandin E, EP4 Subtype;Unassigned
Asymptomatic Infections;Unassigned
Candidiasis, Invasive;Unassigned
Candidemia;Unassigned
Desmoplastic Small Round Cell Tumor;Unassigned
Electroencephalography Phase Synchronization;Unassigned
Th1-Th2 Balance;Unassigned
Vaccines, Virus-Like Particle;Unassigned
Neointima;Unassigned
Hygroscopic Agents;Unassigned
Silica Gel;Unassigned
Gnathostomiasis;Unassigned
Humeral Head;Unassigned
Sporangia;Unassigned
Hypertensive Retinopathy;Unassigned
Water Cycle;Unassigned
Plant Somatic Embryogenesis Techniques;Unassigned
Denitrification;Unassigned
Rhizosphere;Unassigned
Capsule Opacification;Unassigned
Ligand-Gated Ion Channels;Unassigned
Eye Pain;Unassigned
Biota;Unassigned
Oxidative Coupling;Unassigned
Axial Length, Eye;Unassigned
Emmetropia;Unassigned
Retinal Telangiectasis;Unassigned
Trichiasis;Unassigned
Nitrogen Cycle;Unassigned
Nitrification;Unassigned
Cysteine Loop Ligand-Gated Ion Channel Receptors;Unassigned
Receptors, Ionotropic Glutamate;Unassigned
Receptors, Purinergic P2X;Unassigned
Receptors, Purinergic P2Y;Unassigned
Subretinal Fluid;Unassigned
Receptors, Purinergic P2Y1;Unassigned
Receptors, Purinergic P2Y2;Unassigned
Receptors, Purinergic P2X1;Unassigned
Tenon Capsule;Unassigned
Receptors, Purinergic P2X2;Unassigned
Receptors, Purinergic P2X3;Unassigned
Receptors, Purinergic P2X5;Unassigned
Receptors, Purinergic P2X7;Unassigned
Cercaria;Unassigned
Metacercariae;Unassigned
46, XX Disorders of Sex Development;Unassigned
Disorder of Sex Development, 46,XY;Unassigned
Bacterial Load;Unassigned
Walker-Warburg Syndrome;Unassigned
Sotos Syndrome;Unassigned
Smith-Magenis Syndrome;Unassigned
Fraser Syndrome;Unassigned
Retinal Dystrophies;Unassigned
Animal Fins;Unassigned
Pentalogy of Cantrell;Unassigned
Mesophyll Cells;Unassigned
Th17 Cells;Unassigned
Cambium;Unassigned
Host Specificity;Unassigned
Plant Vascular Bundle;Unassigned
Enteropathy-Associated T-Cell Lymphoma;Unassigned
Single Umbilical Artery;Unassigned
46, XX Testicular Disorders of Sex Development;Unassigned
Sex Chromosome Disorders of Sex Development;Unassigned
Class I Phosphatidylinositol 3-Kinases;Unassigned
Echogenic Bowel;Unassigned
Pyelectasis;Unassigned
Phosphatidylinositol-4-Phosphate 3-Kinase;Unassigned
Phosphatidylinositol 3-Kinase;Unassigned
Aicardi Syndrome;Unassigned
Class II Phosphatidylinositol 3-Kinases;Unassigned
Class Ia Phosphatidylinositol 3-Kinase;Unassigned
Class Ib Phosphatidylinositol 3-Kinase;Unassigned
Inhalant Abuse;Unassigned
Class III Phosphatidylinositol 3-Kinases;Unassigned
Cerebral Ventriculitis;Unassigned
Sacroiliitis;Unassigned
Photoinitiators, Dental;Unassigned
Necrolytic Migratory Erythema;Unassigned
TOR Serine-Threonine Kinases;Unassigned
Vacuolar Sorting Protein VPS15;Unassigned
Carbon Footprint;Unassigned
Performance-Enhancing Substances;Unassigned
Integrin-Binding Sialoprotein;Unassigned
Decorin;Unassigned
Biglycan;Unassigned
Hyalectins;Unassigned
Neurocan;Unassigned
Brevican;Unassigned
Vestibular Evoked Myogenic Potentials;Unassigned
Host-Derived Cellular Factors;Unassigned
Accessory Atrioventricular Bundle;Unassigned
Fibric Acids;Unassigned
Isobutyrates;Unassigned
Nanodiamonds;Unassigned
Seed Dispersal;Unassigned
Synbiotics;Unassigned
Composite Lymphoma;Unassigned
Sensilla;Unassigned
Maltose-Binding Proteins;Unassigned
Elder Nutritional Physiological Phenomena;Unassigned
Blood Buffy Coat;Unassigned
End Stage Liver Disease;Unassigned
Plasma Gases;Unassigned
Megalencephaly;Unassigned
Myofibroblasts;Unassigned
Spinal Cord Regeneration;Unassigned
Pycnodysostosis;Unassigned
Neuroprostanes;Unassigned
Antipyretics;Unassigned
Lipid-Linked Proteins;Unassigned
Cold-Shock Response;Unassigned
Adrenergic alpha-1 Receptor Agonists;Unassigned
Adrenergic alpha-2 Receptor Agonists;Unassigned
Adrenergic beta-1 Receptor Agonists;Unassigned
Adrenergic beta-2 Receptor Agonists;Unassigned
Adrenergic beta-3 Receptor Agonists;Unassigned
Adrenergic alpha-1 Receptor Antagonists;Unassigned
Adrenergic alpha-2 Receptor Antagonists;Unassigned
Tetrasomy;Unassigned
Adrenergic beta-1 Receptor Antagonists;Unassigned
Adrenergic beta-2 Receptor Antagonists;Unassigned
Adrenergic beta-3 Receptor Antagonists;Unassigned
Chromosome Duplication;Unassigned
Genetic Pleiotropy;Unassigned
Coronary-Subclavian Steal Syndrome;Unassigned
Out-of-Hospital Cardiac Arrest;Unassigned
Peripartum Period;Unassigned
Nanoconjugates;Unassigned
RNA, Small Untranslated;Unassigned
Peripheral Arterial Disease;Unassigned
Embryoid Bodies;Unassigned
Exsanguination;Unassigned
Intrauterine Device Migration;Unassigned
Aberrant Crypt Foci;Unassigned
Iliotibial Band Syndrome;Unassigned
Gestational Sac;Unassigned
CHARGE Syndrome;Unassigned
Epithelial-Mesenchymal Transition;Unassigned
Free Tissue Flaps;Unassigned
Levoleucovorin;Unassigned
Protein Unfolding;Unassigned
GABA-A Receptor Agonists;Unassigned
GABA-B Receptor Agonists;Unassigned
GABA-A Receptor Antagonists;Unassigned
GABA-B Receptor Antagonists;Unassigned
GABA Uptake Inhibitors;Unassigned
Serotonin 5-HT1 Receptor Agonists;Unassigned
Serotonin 5-HT2 Receptor Agonists;Unassigned
Serotonin 5-HT3 Receptor Agonists;Unassigned
Serotonin 5-HT4 Receptor Agonists;Unassigned
Serotonin 5-HT1 Receptor Antagonists;Unassigned
Serotonin 5-HT2 Receptor Antagonists;Unassigned
Serotonin 5-HT3 Receptor Antagonists;Unassigned
Serotonin 5-HT4 Receptor Antagonists;Unassigned
Antithrombin Proteins;Unassigned
Antibodies, Monoclonal, Murine-Derived;Unassigned
Inflammasomes;Unassigned
Receptors, Purinergic P2X4;Unassigned
Protein Refolding;Unassigned
GPI-Linked Proteins;Unassigned
Introduced Species;Unassigned
Osteoporotic Fractures;Unassigned
Lipoprotein Lipase Activators;Unassigned
Compressed Air;Unassigned
Food, Organic;Unassigned
Sterol 14-Demethylase;Unassigned
14-alpha Demethylase Inhibitors;Unassigned
Granulomatous Mastitis;Unassigned
5-alpha Reductase Inhibitors;Unassigned
Adenosine Deaminase Inhibitors;Unassigned
Nematocyst;Unassigned
Purinergic Agents;Unassigned
Purinergic P1 Receptor Agonists;Unassigned
Adenosine A1 Receptor Agonists;Unassigned
Adenosine A2 Receptor Agonists;Unassigned
Adenosine A3 Receptor Agonists;Unassigned
Purinergic P2 Receptor Agonists;Unassigned
Purinergic P2X Receptor Agonists;Unassigned
Purinergic P2Y Receptor Agonists;Unassigned
Purinergic Agonists;Unassigned
Purinergic Antagonists;Unassigned
Purinergic P1 Receptor Antagonists;Unassigned
Adenosine A1 Receptor Antagonists;Unassigned
Adenosine A2 Receptor Antagonists;Unassigned
Adenosine A3 Receptor Antagonists;Unassigned
Purinergic P2 Receptor Antagonists;Unassigned
Purinergic P2X Receptor Antagonists;Unassigned
Purinergic P2Y Receptor Antagonists;Unassigned
Inflammatory Breast Neoplasms;Unassigned
Medial Tibial Stress Syndrome;Unassigned
Thienopyridines;Unassigned
Receptors, Purinergic P2Y12;Unassigned
Intraoperative Awareness;Unassigned
5-Lipoxygenase-Activating Proteins;Unassigned
Riboswitch;Unassigned
Lipoxygenases;Unassigned
5-Lipoxygenase-Activating Protein Inhibitors;Unassigned
Bacterial Secretion Systems;Unassigned
Uromodulin;Unassigned
Melanoma-Specific Antigens;Unassigned
gp100 Melanoma Antigen;Unassigned
Neural Stem Cells;Unassigned
Pancreatic Stellate Cells;Unassigned
Metalloids;Unassigned
Organs at Risk;Unassigned
MART-1 Antigen;Unassigned
Contactins;Unassigned
Contactin 1;Unassigned
Pythiosis;Unassigned
Contactin 2;Unassigned
Folic Acid Transporters;Unassigned
Folate Receptors, GPI-Anchored;Unassigned
Folate Receptor 1;Unassigned
Folate Receptor 2;Unassigned
Reduced Folate Carrier Protein;Unassigned
Proton-Coupled Folate Transporter;Unassigned
Side-Population Cells;Unassigned
Phosphodiesterase 5 Inhibitors;Unassigned
Phosphodiesterase 3 Inhibitors;Unassigned
Phosphodiesterase 4 Inhibitors;Unassigned
Vitrification;Unassigned
Oral Sprays;Unassigned
El Nino-Southern Oscillation;Unassigned
Aquatic Organisms;Unassigned
Androgen Receptor Antagonists;Unassigned
Topoisomerase Inhibitors;Unassigned
Topoisomerase I Inhibitors;Unassigned
Topoisomerase II Inhibitors;Unassigned
Chromosomes, Insect;Unassigned
Polytene Chromosomes;Unassigned
Microbial Consortia;Unassigned
Tumor Microenvironment;Unassigned
Plagiocephaly;Unassigned
Chromosomal Puffs;Unassigned
Nasal Sprays;Unassigned
Hormesis;Unassigned
Mirror Neurons;Unassigned
Carotid Intima-Media Thickness;Unassigned
Natural Gas;Unassigned
Nociceptive Pain;Unassigned
Postsynaptic Potential Summation;Unassigned
Renal Nutcracker Syndrome;Unassigned
Reflex, Trigeminocardiac;Unassigned
Transient Tachypnea of the Newborn;Unassigned
Tachypnea;Unassigned
Otomycosis;Unassigned
Visceral Pain;Unassigned
Bisphosphonate-Associated Osteonecrosis of the Jaw;Unassigned
Cardiomegaly, Exercise-Induced;Unassigned
Atrophic Vaginitis;Unassigned
Chilaiditi Syndrome;Unassigned
Petrositis;Unassigned
Pregnancy, Twin;Unassigned
Pregnancy, Triplet;Unassigned
Pregnancy, Quadruplet;Unassigned
Pregnancy, Quintuplet;Unassigned
Vascular Stiffness;Unassigned
Dopaminergic Neurons;Unassigned
Diet, High-Fat;Unassigned
Intra-Abdominal Hypertension;Unassigned
Serotonergic Neurons;Unassigned
Brachydactyly;Unassigned
Cholinergic Neurons;Unassigned
GABAergic Neurons;Unassigned
Adrenergic Neurons;Unassigned
Central Nervous System Sensitization;Unassigned
Cerebral Small Vessel Diseases;Unassigned
Cardio-Renal Syndrome;Unassigned
Peripheral Nerve Injuries;Unassigned
Chronic Pain;Unassigned
Musculoskeletal Pain;Unassigned
Nonsense Mediated mRNA Decay;Unassigned
Asthma, Occupational;Unassigned
RNA Cleavage;Unassigned
RNA Isoforms;Unassigned
Pott Puffy Tumor;Unassigned
RNA Folding;Unassigned
DNA, B-Form;Unassigned
Nucleotide Motifs;Unassigned
Mastodynia;Unassigned
Plyometric Exercise;Unassigned
Pelvic Girdle Pain;Unassigned
Breakthrough Pain;Unassigned
Pinguecula;Unassigned
Stroke, Lacunar;Unassigned
Lower Urinary Tract Symptoms;Unassigned
Intraabdominal Infections;Unassigned
Anhedonia;Unassigned
Heterotaxy Syndrome;Unassigned
Cell Cycle Checkpoints;Unassigned
Biosimilar Pharmaceuticals;Unassigned
White Coat Hypertension;Unassigned
Transcriptome;Unassigned
Masked Hypertension;Unassigned
Tetraspanins;Unassigned
Exome;Unassigned
Telomere Homeostasis;Unassigned
Telomere Shortening;Unassigned
Supraglottitis;Unassigned
Paraneoplastic Syndromes, Ocular;Unassigned
Stereocilia;Unassigned
Caves;Unassigned
G2 Phase Cell Cycle Checkpoints;Unassigned
M Phase Cell Cycle Checkpoints;Unassigned
G1 Phase Cell Cycle Checkpoints;Unassigned
Calcifying Nanoparticles;Unassigned
Polydipsia;Unassigned
Polydipsia, Psychogenic;Unassigned
Laryngocele;Unassigned
Mallory Bodies;Unassigned
Signal-To-Noise Ratio;Unassigned
Mesenchymal Stem Cells;Unassigned
Wharton Jelly;Unassigned
Mutation Rate;Unassigned
Genome Size;Unassigned
Gene-Environment Interaction;Unassigned
Kisspeptins;Unassigned
Lysosomal-Associated Membrane Protein 3;Unassigned
Polar Bodies;Unassigned
Aliivibrio Infections;Unassigned
Proteolysis;Unassigned
Homologous Recombination;Unassigned
DNA End-Joining Repair;Unassigned
Recombinational DNA Repair;Unassigned
Karyotype;Unassigned
Abnormal Karyotype;Unassigned
Acute Pain;Unassigned
HLA-DR alpha-Chains;Unassigned
HLA-DR beta-Chains;Unassigned
S Phase Cell Cycle Checkpoints;Unassigned
Polyphenols;Unassigned
HLA-DR Serological Subtypes;Unassigned
HLA-DRB1 Chains;Unassigned
HLA-DRB3 Chains;Unassigned
Plant Cells;Unassigned
HLA-DRB4 Chains;Unassigned
Analgesics, Short-Acting;Unassigned
HLA-DRB5 Chains;Unassigned
HLA-DQ alpha-Chains;Unassigned
Endoplasmic Reticulum Stress;Unassigned
HLA-DQ beta-Chains;Unassigned
HLA-DP alpha-Chains;Unassigned
HLA-DP beta-Chains;Unassigned
HLA-A11 Antigen;Unassigned
HLA-A24 Antigen;Unassigned
Kasabach-Merritt Syndrome;Unassigned
Endocarditis, Non-Infective;Unassigned
HLA-B13 Antigen;Unassigned
HLA-B14 Antigen;Unassigned
HLA-B15 Antigen;Unassigned
HLA-B18 Antigen;Unassigned
HLA-B37 Antigen;Unassigned
Anatomic Landmarks;Unassigned
HLA-B38 Antigen;Unassigned
HLA-B39 Antigen;Unassigned
HLA-B40 Antigen;Unassigned
HLA-B44 Antigen;Unassigned
HLA-B51 Antigen;Unassigned
HLA-B52 Antigen;Unassigned
HLA-G Antigens;Unassigned
Pelvic Floor Disorders;Unassigned
Cryogels;Unassigned
Genes, Modifier;Unassigned
Reproductive Isolation;Unassigned
Slipped Capital Femoral Epiphyses;Unassigned
Asymmetric Cell Division;Unassigned
Angina, Stable;Unassigned
Occupational Injuries;Unassigned
Nasolabial Fold;Unassigned
Transplant Donor Site;Unassigned
Protein Interaction Maps;Unassigned
Coinfection;Unassigned
Hydrothermal Vents;Unassigned
Animal Shells;Unassigned
Lakes;Unassigned
Ecotype;Unassigned
Tetraspanin 30;Unassigned
B-Lymphocytes, Regulatory;Unassigned
V(D)J Recombination;Unassigned
Uroplakins;Unassigned
Uroplakin Ia;Unassigned
Thymocytes;Unassigned
Uroplakin Ib;Unassigned
Uroplakin II;Unassigned
Uroplakin III;Unassigned
Morpholinos;Unassigned
Tetraspanin 24;Unassigned
Tetraspanin 28;Unassigned
Head Kidney;Unassigned
Imaginal Discs;Unassigned
Tetraspanin 29;Unassigned
Tetraspanin 25;Unassigned
Receptors, Autocrine Motility Factor;Unassigned
Magnetic Phenomena;Unassigned
Sodium-Coupled Vitamin C Transporters;Unassigned
Chloroplast Proteins;Unassigned
Lobomycosis;Unassigned
Ascorbate Peroxidases;Unassigned
Support Vector Machine;Unassigned
Florigen;Unassigned
Brassinosteroids;Unassigned
Cerebral Phaeohyphomycosis;Unassigned
Anti-N-Methyl-D-Aspartate Receptor Encephalitis;Unassigned
Thylakoid Membrane Proteins;Unassigned
Herbivory;Unassigned
Carnivory;Unassigned
Self-Incompatibility in Flowering Plants;Unassigned
Artificial Lens Implant Migration;Unassigned
Phaeohyphomycosis;Unassigned
Wnt Signaling Pathway;Unassigned
Axin Signaling Complex;Unassigned
Axin Protein;Unassigned
Disease Resistance;Unassigned
Ophthalmoplegic Migraine;Unassigned
Alternariosis;Unassigned
Low Density Lipoprotein Receptor-Related Protein-6;Unassigned
Receptors, Wnt;Unassigned
Low Density Lipoprotein Receptor-Related Protein-5;Unassigned
Wnt3 Protein;Unassigned
Wnt3A Protein;Unassigned
Pudendal Nerve;Unassigned
Magnetic Fields;Unassigned
Corneal Keratocytes;Unassigned
Wnt4 Protein;Unassigned
Pudendal Neuralgia;Unassigned
Argonaute Proteins;Unassigned
Fusariosis;Unassigned
Trichosporonosis;Unassigned
Groundwater;Unassigned
LIM Domain Proteins;Unassigned
Zyxin;Unassigned
Hyalohyphomycosis;Unassigned
Dyscalculia;Unassigned
Uterine Retroversion;Unassigned
Torso;Unassigned
Coal Ash;Unassigned
Glomerular Filtration Barrier;Unassigned
Electromagnetic Radiation;Unassigned
Nacre;Unassigned
Reproductive Tract Infections;Unassigned
Phonons;Unassigned
Endoplasmic Reticulum-Associated Degradation;Unassigned
Fetal Globulins;Unassigned
Fetuins;Unassigned
alpha-2-HS-Glycoprotein;Unassigned
Bone Anteversion;Unassigned
Bone Retroversion;Unassigned
Fetuin-B;Unassigned
Equol;Unassigned
Secretoglobins;Unassigned
Drinking Water;Unassigned
Mammaglobin A;Unassigned
Mammaglobin B;Unassigned
Prostatein;Unassigned
Arthropod Proteins;Unassigned
Hand-Foot Syndrome;Unassigned
Apomixis;Unassigned
Cellular Microenvironment;Unassigned
Agatoxins;Unassigned
LIM-Homeodomain Proteins;Unassigned
B7 Antigens;Unassigned
Inducible T-Cell Co-Stimulator Protein;Unassigned
B7-H1 Antigen;Unassigned
Coxa Vara;Unassigned
Coxa Valga;Unassigned
V-Set Domain-Containing T-Cell Activation Inhibitor 1;Unassigned
CTLA-4 Antigen;Unassigned
Pronephros;Unassigned
Inducible T-Cell Co-Stimulator Ligand;Unassigned
Clonal Evolution;Unassigned
Clonal Selection, Antigen-Mediated;Unassigned
Natural Springs;Unassigned
Ponds;Unassigned
Bays;Unassigned
Costimulatory and Inhibitory T-Cell Receptors;Unassigned
Programmed Cell Death 1 Receptor;Unassigned
Programmed Cell Death 1 Ligand 2 Protein;Unassigned
Trigger Points;Unassigned
Biological Control Agents;Unassigned
Polyketides;Unassigned
Antibodies, Monoclonal, Humanized;Unassigned
Agenesis of Corpus Callosum;Unassigned
NADP Transhydrogenase, B-Specific;Unassigned
NADP Transhydrogenase, AB-Specific;Unassigned
Peroxiredoxin III;Unassigned
Nucleoside Diphosphate Kinase D;Unassigned
Genes, Chloroplast;Unassigned
Chlorophyll Binding Proteins;Unassigned
Glenoid Cavity;Unassigned
Peripheral Tolerance;Unassigned
Central Tolerance;Unassigned
Breast Milk Expression;Unassigned
Vascular Calcification;Unassigned
Neoplasm Micrometastasis;Unassigned
Calcium Ionophores;Unassigned
Proton Ionophores;Unassigned
Sodium Ionophores;Unassigned
Energy Drinks;Unassigned
Potassium Ionophores;Unassigned
Olfactory Nerve Injuries;Unassigned
Oculomotor Nerve Injuries;Unassigned
Trigeminal Nerve Injuries;Unassigned
Lingual Nerve Injuries;Unassigned
Vagus Nerve Injuries;Unassigned
Laryngeal Nerve Injuries;Unassigned
Recurrent Laryngeal Nerve Injuries;Unassigned
Accessory Nerve Injuries;Unassigned
Hypoglossal Nerve Injuries;Unassigned
Trochlear Nerve Injuries;Unassigned
Transferrins;Unassigned
Feeder Cells;Unassigned
Biphasic Insulins;Unassigned
Insulin, Short-Acting;Unassigned
Insulin Aspart;Unassigned
Insulin Lispro;Unassigned
DNA Transformation Competence;Unassigned
Nasal Septal Perforation;Unassigned
Vestibulocochlear Nerve Injuries;Unassigned
Glossopharyngeal Nerve Injuries;Unassigned
Human Umbilical Vein Endothelial Cells;Unassigned
Hereditary Breast and Ovarian Cancer Syndrome;Unassigned
Oil and Gas Fields;Unassigned
Sympatry;Unassigned
Acinar Cells;Unassigned
Insulins;Unassigned
Insulin, Regular, Human;Unassigned
Chlamydial Pneumonia;Unassigned
Insulin, Regular, Pork;Unassigned
Insulin, Lente;Unassigned
Insulin, Ultralente;Unassigned
Lopinavir;Unassigned
Perforator Flap;Unassigned
Carbonated Water;Unassigned
Voltage-Gated Sodium Channels;Unassigned
Voltage-Gated Sodium Channel Blockers;Unassigned
Voltage-Gated Sodium Channel Agonists;Unassigned
Immunoreceptor Tyrosine-Based Activation Motif;Unassigned
Immunoreceptor Tyrosine-Based Inhibition Motif;Unassigned
Time-to-Pregnancy;Unassigned
Premature Ejaculation;Unassigned
Antioxidant Response Elements;Unassigned
Transcription Initiation, Genetic;Unassigned
Transcription Elongation, Genetic;Unassigned
Transcription Termination, Genetic;Unassigned
Controlled Substances;Unassigned
Single-Domain Antibodies;Unassigned
Immobilized Nucleic Acids;Unassigned
Caspase Inhibitors;Unassigned
Matrix Metalloproteinase Inhibitors;Unassigned
Madin Darby Canine Kidney Cells;Unassigned
MCF-7 Cells;Unassigned
Sf9 Cells;Unassigned
Proteasome Inhibitors;Unassigned
Organophosphate Poisoning;Unassigned
Alice in Wonderland Syndrome;Unassigned
Linear IgA Bullous Dermatosis;Unassigned
Silorane Resins;Unassigned
Wastewater;Unassigned
Water Resources;Unassigned
RNA, Long Noncoding;Unassigned
Plant Mucilage;Unassigned
Acellular Dermis;Unassigned
Protein Degradation End Products;Unassigned
Advanced Oxidation Protein Products;Unassigned
May-Thurner Syndrome;Unassigned
Receptors, Artificial;Unassigned
Atrial Pressure;Unassigned
Arterial Pressure;Unassigned
Islands;Unassigned
Re-Epithelialization;Unassigned
Skin Lightening Preparations;Unassigned
Aminobenzoates;Unassigned
para-Aminobenzoates;Unassigned
ortho-Aminobenzoates;Unassigned
meta-Aminobenzoates;Unassigned
Hydroxybenzoates;Unassigned
Meals;Unassigned
Breakfast;Unassigned
Lunch;Unassigned
Snacks;Unassigned
Hydroxybenzoate Ethers;Unassigned
Claudin-1;Unassigned
Claudin-2;Unassigned
Claudin-3;Unassigned
Breath Holding;Unassigned
Claudin-4;Unassigned
Claudin-5;Unassigned
Voltage-Gated Sodium Channel beta Subunits;Unassigned
Voltage-Gated Sodium Channel beta-1 Subunit;Unassigned
Voltage-Gated Sodium Channel beta-2 Subunit;Unassigned
Voltage-Gated Sodium Channel beta-3 Subunit;Unassigned
NAV1.1 Voltage-Gated Sodium Channel;Unassigned
NAV1.2 Voltage-Gated Sodium Channel;Unassigned
NAV1.3 Voltage-Gated Sodium Channel;Unassigned
NAV1.4 Voltage-Gated Sodium Channel;Unassigned
NAV1.5 Voltage-Gated Sodium Channel;Unassigned
NAV1.7 Voltage-Gated Sodium Channel;Unassigned
NAV1.6 Voltage-Gated Sodium Channel;Unassigned
NAV1.9 Voltage-Gated Sodium Channel;Unassigned
NAV1.8 Voltage-Gated Sodium Channel;Unassigned
Acid Sensing Ion Channels;Unassigned
Voltage-Gated Sodium Channel beta-4 Subunit;Unassigned
Quillaja Saponins;Unassigned
Fungal Capsules;Unassigned
Fungal Polysaccharides;Unassigned
Solid Waste;Unassigned
Cystadenofibroma;Unassigned
Degenerin Sodium Channels;Unassigned
Acid Sensing Ion Channel Blockers;Unassigned
Steatocystoma Multiplex;Unassigned
Epithelial Sodium Channel Blockers;Unassigned
Sodium Channel Agonists;Unassigned
Buschke-Lowenstein Tumor;Unassigned
Lipoblastoma;Unassigned
Vaccines, Live, Unattenuated;Unassigned
Adenovirus Vaccines;Unassigned
Prodromal Symptoms;Unassigned
Epithelial Sodium Channel Agonists;Unassigned
Tight Junction Proteins;Unassigned
Junctional Adhesion Molecules;Unassigned
Coxsackie and Adenovirus Receptor-Like Membrane Protein;Unassigned
Junctional Adhesion Molecule A;Unassigned
Junctional Adhesion Molecule B;Unassigned
Junctional Adhesion Molecule C;Unassigned
Drug Overdose;Unassigned
Adenomyosis;Unassigned
MARVEL Domain-Containing Proteins;Unassigned
Occludin;Unassigned
MARVEL Domain Containing 2 Protein;Unassigned
Synaptogyrins;Unassigned
Myelin and Lymphocyte-Associated Proteolipid Proteins;Unassigned
Zonula Occludens Proteins;Unassigned
Zonula Occludens-1 Protein;Unassigned
Zonula Occludens-2 Protein;Unassigned
Chloroacetates;Unassigned
Non-Filarial Lymphedema;Unassigned
Diuretics, Potassium Sparing;Unassigned
Oxaloacetic Acid;Unassigned
rho-Specific Guanine Nucleotide Dissociation Inhibitors;Unassigned
rho Guanine Nucleotide Dissociation Inhibitor alpha;Unassigned
rho Guanine Nucleotide Dissociation Inhibitor beta;Unassigned
rho Guanine Nucleotide Dissociation Inhibitor gamma;Unassigned
Endoreduplication;Unassigned
Stratospheric Ozone;Unassigned
Cyclic GMP-Dependent Protein Kinase Type I;Unassigned
Ozone Depletion;Unassigned
Cyclic GMP-Dependent Protein Kinase Type II;Unassigned
Organophosphonates;Unassigned
Organofluorophosphonates;Unassigned
Organothiophosphonates;Unassigned
Organothiophosphates;Unassigned
Phosphoramides;Unassigned
Parental Death;Unassigned
Maternal Death;Unassigned
Polycomb-Group Proteins;Unassigned
Animal Distribution;Unassigned
Plant Dispersal;Unassigned
Polycomb Repressive Complex 1;Unassigned
Polycomb Repressive Complex 2;Unassigned
Mitochondrial Dynamics;Unassigned
Dentofacial Deformities;Unassigned
Retrognathia;Unassigned
Epigenetic Repression;Unassigned
Pregnancy, Heterotopic;Unassigned
Adventitia;Unassigned
Pneumorrhachis;Unassigned
N-Terminal Acetyltransferases;Unassigned
Methionyl Aminopeptidases;Unassigned
N-Terminal Acetyltransferase A;Unassigned
N-Terminal Acetyltransferase B;Unassigned
N-Terminal Acetyltransferase C;Unassigned
N-Terminal Acetyltransferase D;Unassigned
N-Terminal Acetyltransferase E;Unassigned
N-Terminal Acetyltransferase F;Unassigned
Organically Modified Ceramics;Unassigned
Central Pattern Generators;Unassigned
Plant Development;Unassigned
Organogenesis, Plant;Unassigned
Sialic Acid Binding Immunoglobulin-like Lectins;Unassigned
Sialic Acid Binding Ig-like Lectin 1;Unassigned
Sialic Acid Binding Ig-like Lectin 3;Unassigned
Mitochondrial Turnover;Unassigned
Fibrin Clot Lysis Time;Unassigned
Mitophagy;Unassigned
AU Rich Elements;Unassigned
Myelin-Oligodendrocyte Glycoprotein;Unassigned
2',3'-Cyclic Nucleotide 3'-Phosphodiesterase;Unassigned
Tiapride Hydrochloride;Unassigned
Exosome Multienzyme Ribonuclease Complex;Unassigned
Oligodendrocyte-Myelin Glycoprotein;Unassigned
Singing;Unassigned
Estuaries;Unassigned
Myringosclerosis;Unassigned
Cannabinoid Receptor Modulators;Unassigned
Cannabinoid Receptor Agonists;Unassigned
Cannabinoid Receptor Antagonists;Unassigned
Endocannabinoids;Unassigned
Anatomic Variation;Unassigned
Binge Drinking;Unassigned
Respiratory Aspiration of Gastric Contents;Unassigned
Acanthocheilonemiasis;Unassigned
Prescription Drug Misuse;Unassigned
Apicoplasts;Unassigned
Biodegradable Plastics;Unassigned
Dander;Unassigned
Carcinogenesis;Unassigned
Fetal Alcohol Spectrum Disorders;Unassigned
Rickets, Hypophosphatemic;Unassigned
Bland White Garland Syndrome;Unassigned
Pediatric Obesity;Unassigned
Myalgia;Unassigned
Dandruff;Unassigned
Mean Platelet Volume;Unassigned
Drug Hypersensitivity Syndrome;Unassigned
Ependymoglial Cells;Unassigned
3-Hydroxyacyl-CoA Dehydrogenase;Unassigned
Long-Chain-3-Hydroxyacyl-CoA Dehydrogenase;Unassigned
Mitochondrial Trifunctional Protein;Unassigned
Mitochondrial Trifunctional Protein, alpha Subunit;Unassigned
Mitochondrial Trifunctional Protein, beta Subunit;Unassigned
Peroxisomal Bifunctional Enzyme;Unassigned
Warm-Up Exercise;Unassigned
Dodecenoyl-CoA Isomerase;Unassigned
Ataxia Telangiectasia Mutated Proteins;Unassigned
Enoyl-CoA Hydratase 2;Unassigned
Calbindins;Unassigned
Peroxisomal Multifunctional Protein-2;Unassigned
S100 Calcium Binding Protein G;Unassigned
Calbindin 2;Unassigned
Secretagogins;Unassigned
Spindle Poles;Unassigned
Spindle Pole Bodies;Unassigned
Rho Guanine Nucleotide Exchange Factors;Unassigned
Collagenous Sprue;Unassigned
Medical Marijuana;Unassigned
Allelopathy;Unassigned
Intraocular Lymphoma;Unassigned
Calbindin 1;Unassigned
Interleukin-27;Unassigned
Aurora Kinase A;Unassigned
Esomeprazole;Unassigned
Aurora Kinase B;Unassigned
Aurora Kinase C;Unassigned
Minichromosome Maintenance Proteins;Unassigned
Minichromosome Maintenance Complex Component 2;Unassigned
Clustered Regularly Interspaced Short Palindromic Repeats;Unassigned
CRISPR-Cas Systems;Unassigned
Minichromosome Maintenance Complex Component 3;Unassigned
Aurora Kinases;Unassigned
Nodding Syndrome;Unassigned
Prostatic Neoplasms, Castration-Resistant;Unassigned
CRISPR-Associated Proteins;Unassigned
Back Muscles;Unassigned
Sports Nutritional Physiological Phenomena;Unassigned
Chemotherapy-Induced Febrile Neutropenia;Unassigned
Febrile Neutropenia;Unassigned
Minichromosome Maintenance Complex Component 4;Unassigned
Minichromosome Maintenance Complex Component 5;Unassigned
Minichromosome Maintenance Complex Component 6;Unassigned
Vaccine Potency;Unassigned
Recommended Dietary Allowances;Unassigned
Minichromosome Maintenance Complex Component 7;Unassigned
Intermediate Back Muscles;Unassigned
Paraspinal Muscles;Unassigned
Superficial Back Muscles;Unassigned
Anaphase-Promoting Complex-Cyclosome;Unassigned
Minichromosome Maintenance Complex Component 8;Unassigned
Minichromosome Maintenance Complex Component 9;Unassigned
Apc1 Subunit, Anaphase-Promoting Complex-Cyclosome;Unassigned
Apc2 Subunit, Anaphase-Promoting Complex-Cyclosome;Unassigned
Apc3 Subunit, Anaphase-Promoting Complex-Cyclosome;Unassigned
Apc4 Subunit, Anaphase-Promoting Complex-Cyclosome;Unassigned
Apc5 Subunit, Anaphase-Promoting Complex-Cyclosome;Unassigned
Apc6 Subunit, Anaphase-Promoting Complex-Cyclosome;Unassigned
Apc7 Subunit, Anaphase-Promoting Complex-Cyclosome;Unassigned
Apc8 Subunit, Anaphase-Promoting Complex-Cyclosome;Unassigned
Apc10 Subunit, Anaphase-Promoting Complex-Cyclosome;Unassigned
Apc11 Subunit, Anaphase-Promoting Complex-Cyclosome;Unassigned
Cdc20 Proteins;Unassigned
Cdh1 Proteins;Unassigned
Trichomes;Unassigned
Phytochemicals;Unassigned
Secondary Metabolism;Unassigned
Connectin;Unassigned
Chlorofluorocarbons, Ethane;Unassigned
Bromochlorofluorocarbons;Unassigned
Nestin;Unassigned
Sulfonylurea Receptors;Unassigned
Matrilin Proteins;Unassigned
Cartilage Oligomeric Matrix Protein;Unassigned
Mad2 Proteins;Unassigned
Separase;Unassigned
Geminin;Unassigned
Securin;Unassigned
Hypertriglyceridemic Waist;Unassigned
Multifunctional Enzymes;Unassigned
Intrinsically Disordered Proteins;Unassigned
ATP Binding Cassette Transporter 1;Unassigned
Non-Nutritive Sweeteners;Unassigned
Microbiota;Unassigned
MEF2 Transcription Factors;Unassigned
Sagittal Abdominal Diameter;Unassigned
Torpor;Unassigned
Genome, Microbial;Unassigned
Genes, Microbial;Unassigned
Spike Glycoprotein, Coronavirus;Unassigned
Ankle Fractures;Unassigned
Levalbuterol;Unassigned
3-Phosphoinositide-Dependent Protein Kinases;Unassigned
Vitamin K Epoxide Reductases;Unassigned
Chemically-Induced Disorders;Unassigned
Drug-Related Side Effects and Adverse Reactions;Unassigned
Gasotransmitters;Unassigned
Nutritive Sweeteners;Unassigned
Hyperpolarization-Activated Cyclic Nucleotide-Gated Channels;Unassigned
Fatty Acid Synthases;Unassigned
NAD (+) and NADP (+) Dependent Alcohol Oxidoreductases;Unassigned
3-Oxoacyl-(Acyl-Carrier-Protein) Reductase;Unassigned
Orexin Receptors;Unassigned
Checkpoint Kinase 2;Unassigned
Filamins;Unassigned
Sequestering Agents;Unassigned
Hepcidins;Unassigned
Solute Carrier Family 12, Member 1;Unassigned
Solute Carrier Family 12, Member 3;Unassigned
Solute Carrier Family 12, Member 2;Unassigned
Solute Carrier Family 12, Member 4;Unassigned
Etiolation;Unassigned
Receptor, Metabotropic Glutamate 5;Unassigned
Peripherins;Unassigned
Histocompatibility Antigen H-2D;Unassigned
Protein Kinase C beta;Unassigned
Myxovirus Resistance Proteins;Unassigned
Hand Sanitizers;Unassigned
Myeloid Cell Leukemia Sequence 1 Protein;Unassigned
Death-Associated Protein Kinases;Unassigned
S100 Calcium Binding Protein beta Subunit;Unassigned
alpha7 Nicotinic Acetylcholine Receptor;Unassigned
Ubiquitin-Specific Proteases;Unassigned
Selenic Acid;Unassigned
Osmoregulation;Unassigned
Selenium Oxides;Unassigned
Cool-Down Exercise;Unassigned
Allografts;Unassigned
Autografts;Unassigned
Heterografts;Unassigned
Bone-Patellar Tendon-Bone Grafts;Unassigned
Composite Tissue Allografts;Unassigned
Isografts;Unassigned
SLC4A Proteins;Unassigned
Basal Bodies;Unassigned
Diapause, Insect;Unassigned
Diarylquinolines;Unassigned
Wakefulness-Promoting Agents;Unassigned
Hyoscyamine;Unassigned
Enclomiphene;Unassigned
Zuclomiphene;Unassigned
Racemethionine;Unassigned
Dexmethylphenidate Hydrochloride;Unassigned
Levofloxacin;Unassigned
Racepinephrine;Unassigned
Vocal Cord Dysfunction;Unassigned
Triple Negative Breast Neoplasms;Unassigned
Neurokinin-1 Receptor Antagonists;Unassigned
Dexrazoxane;Unassigned
Lansoprazole;Unassigned
Dexlansoprazole;Unassigned
Retrocaval Ureter;Unassigned
Rabeprazole;Unassigned
Ammonium Compounds;Unassigned
Atrial Remodeling;Unassigned
Ammonium Hydroxide;Unassigned
Portion Size;Unassigned
Serving Size;Unassigned
Immunity, Heterologous;Unassigned
Desoxycorticosterone Acetate;Unassigned
Teratogenesis;Unassigned
Lorajmine;Unassigned
Physical Conditioning, Human;Unassigned
Hypoxia-Inducible Factor-Proline Dioxygenases;Unassigned
Prolyl-Hydroxylase Inhibitors;Unassigned
Phospholipase A2 Inhibitors;Unassigned
Urological Agents;Unassigned
Bunolol;Unassigned
Dysbiosis;Unassigned
Anticholinergic Syndrome;Unassigned
Myocutaneous Flap;Unassigned
Prolyl Hydroxylases;Unassigned
Diagnostic Uses of Chemicals;Unassigned
Tick Bites;Unassigned
Scorpion Stings;Unassigned
Antihyperkalemic Agents;Unassigned
Acetaldehyde Dehydrogenase Inhibitors;Unassigned
Acetylcholine Release Inhibitors;Unassigned
Steroid Synthesis Inhibitors;Unassigned
Glycoside Hydrolase Inhibitors;Unassigned
Amylin Receptor Agonists;Unassigned
Antidiuretic Hormone Receptor Antagonists;Unassigned
beta-Lactamase Inhibitors;Unassigned
Bradykinin B2 Receptor Antagonists;Unassigned
Calcineurin Inhibitors;Unassigned
Calcium Chelating Agents;Unassigned
Carbamoyl Phosphate Synthetase I Activators;Unassigned
Catechol O-Methyltransferase Inhibitors;Unassigned
CCR5 Receptor Antagonists;Unassigned
Chloride Channel Agonists;Unassigned
Cystine Depleting Agents;Unassigned
Aromatic Amino Acid Decarboxylase Inhibitors;Unassigned
Demulcents;Unassigned
Ornithine Decarboxylase Inhibitors;Unassigned
Dopamine D2 Receptor Antagonists;Unassigned
Endothelin Receptor Antagonists;Unassigned
Endothelin A Receptor Antagonists;Unassigned
Endothelin B Receptor Antagonists;Unassigned
Lipedema;Unassigned
Zeaxanthins;Unassigned
Viral Fusion Protein Inhibitors;Unassigned
Nicolau Syndrome;Unassigned
Cellular Reprogramming;Unassigned
Sepsis-Associated Encephalopathy;Unassigned
Pregnancy, Interstitial;Unassigned
Bradykinin Receptor Antagonists;Unassigned
Bradykinin B1 Receptor Antagonists;Unassigned
Pregnancy, Angular;Unassigned
Estrogen Receptor Antagonists;Unassigned
Pregnancy, Ovarian;Unassigned
Pregnancy, Cornual;Unassigned
Extracellular Traps;Unassigned
Transfusion Reaction;Unassigned
Frankincense;Unassigned
Serogroup;Unassigned
Acute-On-Chronic Liver Failure;Unassigned
Corneal Injuries;Unassigned
Morphological and Microscopic Findings;Unassigned
Atypical Squamous Cells of the Cervix;Unassigned
Squamous Intraepithelial Lesions of the Cervix;Unassigned
Adenocarcinoma in Situ;Unassigned
Circuit-Based Exercise;Unassigned
Lubricant Eye Drops;Unassigned
Hypromellose Derivatives;Unassigned
Macular Pigment;Unassigned
Cryptoxanthins;Unassigned
Factor Xa Inhibitors;Unassigned
Premenstrual Dysphoric Disorder;Unassigned
Diving Reflex;Unassigned
Drug Liberation;Unassigned
Subcutaneous Absorption;Unassigned
Absorption, Physiological;Unassigned
Oral Mucosal Absorption;Unassigned
Gastrointestinal Absorption;Unassigned
Gastric Absorption;Unassigned
Intramuscular Absorption;Unassigned
Ocular Absorption;Unassigned
Nasal Absorption;Unassigned
Respiratory Tract Absorption;Unassigned
Rectal Absorption;Unassigned
Metabolic Side Effects of Drugs and Substances;Unassigned
Cytochrome P-450 Enzyme Inhibitors;Unassigned
Renal Reabsorption;Unassigned
Cytochrome P-450 CYP1A2 Inhibitors;Unassigned
Non-alcoholic Fatty Liver Disease;Unassigned
Familial Primary Pulmonary Hypertension;Unassigned
Intestinal Reabsorption;Unassigned
Peritoneal Absorption;Unassigned
Hernias, Diaphragmatic, Congenital;Unassigned
Rhinitis, Allergic;Adverse Outcome
Chikungunya Fever;Unassigned
Cytochrome P-450 CYP1B1;Unassigned
Cerebrospinal Fluid Leak;Unassigned
Benign Paroxysmal Positional Vertigo;Unassigned
Myotonin-Protein Kinase;Unassigned
Cytochrome P-450 CYP2A6;Unassigned
Absorption, Radiation;Unassigned
Thyroid Carcinoma, Anaplastic;Unassigned
Mesenteric Ischemia;Unassigned
Renal Elimination;Unassigned
Vitamin D3 24-Hydroxylase;Unassigned
Hepatobiliary Elimination;Unassigned
Cytochrome P-450 CYP2B6 Inhibitors;Unassigned
Cytochrome P-450 CYP2C8 Inhibitors;Unassigned
Cytochrome P-450 CYP2C9 Inhibitors;Unassigned
Cytochrome P-450 CYP2C19 Inhibitors;Unassigned
Cytochrome P-450 CYP2D6 Inhibitors;Unassigned
Cytochrome P-450 CYP2E1 Inhibitors;Unassigned
Cytochrome P-450 CYP3A Inhibitors;Unassigned
Cytochrome P-450 Enzyme Inducers;Unassigned
Cytochrome P-450 CYP1A2 Inducers;Unassigned
Cytochrome P-450 CYP2B6 Inducers;Unassigned
Cytochrome P-450 CYP2C8 Inducers;Unassigned
Cytochrome P-450 CYP2C19 Inducers;Unassigned
Cytochrome P-450 CYP2C9 Inducers;Unassigned
Cytochrome P-450 CYP2D6 Inducers;Unassigned
Cytochrome P-450 CYP2E1 Inducers;Unassigned
Cytochrome P-450 CYP3A Inducers;Unassigned
Cytochrome P-450 CYP2B6;Unassigned
Malformations of Cortical Development, Group I;Unassigned
Malformations of Cortical Development, Group III;Unassigned
Hemimegalencephaly;Unassigned
Polymicrogyria;Unassigned
Schizencephaly;Unassigned
Porencephaly;Unassigned
Glossoptosis;Unassigned
Broca Area;Unassigned
Limbic Lobe;Unassigned
Cytochrome P-450 CYP2C8;Unassigned
Cytochrome P-450 CYP2C9;Unassigned
Limonene Hydroxylases;Unassigned
Cytochrome P-450 CYP2C19;Unassigned
Atypical Hemolytic Uremic Syndrome;Unassigned
Activation, Metabolic;Unassigned
Lennox Gastaut Syndrome;Unassigned
Salivary Elimination;Unassigned
Prepulse Inhibition;Unassigned
Respiratory Sinus Arrhythmia;Unassigned
Wernicke Area;Unassigned
Cerebellar Vermis;Unassigned
Congenital Microtia;Unassigned
Gamma Rhythm;Unassigned
Voriconazole;Unassigned
Zona Incerta;Unassigned
Pontine Tegmentum;Unassigned
Parabrachial Nucleus;Unassigned
Abducens Nucleus;Unassigned
Facial Nucleus;Unassigned
Flower Essences;Unassigned
Superior Olivary Complex;Unassigned
Trapezoid Body;Unassigned
Barrington's Nucleus;Unassigned
Kolliker-Fuse Nucleus;Unassigned
Middle Cerebellar Peduncle;Unassigned
Oculomotor Nuclear Complex;Unassigned
Edinger-Westphal Nucleus;Unassigned
Pars Reticulata;Unassigned
Pars Compacta;Unassigned
Cerebral Crus;Unassigned
Tectospinal Fibers;Unassigned
Nucleus Raphe Magnus;Unassigned
Dorsal Raphe Nucleus;Unassigned
Nucleus Raphe Pallidus;Unassigned
Nucleus Raphe Obscurus;Unassigned
Cerebral Peduncle;Unassigned
Ovarian Reserve;Unassigned
Optic Tract;Unassigned
Hyperlactatemia;Unassigned
Karoshi Death;Unassigned
Forests;Unassigned
Tundra;Unassigned
Permafrost;Unassigned
Rainforest;Unassigned
Grassland;Unassigned
Absorption, Physicochemical;Unassigned
Toxicokinetics;Unassigned
Endothelial Progenitor Cells;Unassigned
Diet, Paleolithic;Unassigned
Perinatal Death;Unassigned
Infant Death;Unassigned
Cardiotoxicity;Unassigned
White Matter;Unassigned
Gray Matter;Unassigned
Cell Body;Unassigned
Spinal Cord Dorsal Horn;Unassigned
Spinal Cord Ventral Horn;Unassigned
Spinal Cord Lateral Horn;Unassigned
Pectus Carinatum;Unassigned
Costal Cartilage;Unassigned
Basal Forebrain;Unassigned
Taiga;Unassigned
Allesthesia;Unassigned
Sensorimotor Cortex;Unassigned
Cervical Cord;Unassigned
Olfactory Cortex;Unassigned
Piriform Cortex;Unassigned
Olfactory Tubercle;Unassigned
Vaginal Absorption;Unassigned
Pulmonary Elimination;Unassigned
Lacrimal Elimination;Unassigned
Intestinal Elimination;Unassigned
Cutaneous Elimination;Unassigned
Lacteal Elimination;Unassigned
Anterior Commissure, Brain;Unassigned
Posterior Cerebellar Commissure;Unassigned
Telencephalic Commissures;Unassigned
ErbB Receptors;Unassigned
Receptor, ErbB-4;Unassigned
High Fructose Corn Syrup;Unassigned
Pretectal Region;Unassigned
Vascular Remodeling;Unassigned
EGF Family of Proteins;Unassigned
Raw Foods;Unassigned
Heparin-binding EGF-like Growth Factor;Unassigned
Amphiregulin;Unassigned
Betacellulin;Unassigned
Epiregulin;Unassigned
Epigen;Unassigned
Protein Aggregation, Pathological;Unassigned
Midbrain Reticular Formation;Unassigned
Trigeminal Motor Nucleus;Unassigned
Midbrain Raphe Nuclei;Unassigned
Interpeduncular Nucleus;Unassigned
External Capsule;Unassigned
Basolateral Nuclear Complex;Unassigned
Diet, Western;Unassigned
Central Amygdaloid Nucleus;Unassigned
Corticomedial Nuclear Complex;Unassigned
Periamygdaloid Cortex;Unassigned
Organum Vasculosum;Unassigned
Circumventricular Organs;Unassigned
Lipid Droplets;Unassigned
Renshaw Cells;Unassigned
Commissural Interneurons;Unassigned
Ventral Striatum;Unassigned
Protein Aggregates;Unassigned
Laser-Evoked Potentials;Unassigned
Human Embryonic Stem Cells;Unassigned
Mouse Embryonic Stem Cells;Unassigned
Embryonic Germ Cells;Unassigned
Cognitive Aging;Unassigned
Ectopic Gene Expression;Unassigned
Cell Plasticity;Unassigned
Cell Self Renewal;Unassigned
Neuroprotection;Unassigned
Diet, Food, and Nutrition;Unassigned
Protein Corona;Unassigned
Severe Acute Malnutrition;Unassigned
Physical Appearance, Body;Unassigned
Fruit and Vegetable Juices;Unassigned
Ghee;Unassigned
Vegetable Products;Unassigned
Extracellular Vesicles;Unassigned
Telocytes;Unassigned
Shellfish Hypersensitivity;Unassigned
Symptom Flare Up;Unassigned
Diet, Vegan;Unassigned
Obesity, Metabolically Benign;Unassigned
Whole Grains;Unassigned
Cold Injury;Unassigned
Nerve Agents;Unassigned
War-Related Injuries;Unassigned
Blood Alcohol Content;Unassigned
Prescription Drug Overuse;Unassigned
Ataxins;Unassigned
Alarmins;Unassigned
Dermal Fillers;Unassigned
Mutation Accumulation;Unassigned
Internal Ribosome Entry Sites;Unassigned
Biological Mimicry;Unassigned
Specific Learning Disorder;Unassigned
Late Onset Disorders;Unassigned
Chronopharmacokinetics;Unassigned
Interleukin-33;Unassigned
S100A12 Protein;Unassigned
Telopodes;Unassigned
Ataxin-1;Unassigned
Ataxin-2;Unassigned
Ataxin-3;Unassigned
Ataxin-7;Unassigned
Ataxin-10;Unassigned
Glucagon-Like Peptide Receptors;Unassigned
Glucagon-Like Peptide-1 Receptor;Unassigned
Glucagon-Like Peptide-2 Receptor;Unassigned
Receptor for Advanced Glycation End Products;Unassigned
RNA Recognition Motif Proteins;Unassigned
ELAV-Like Protein 2;Unassigned
ELAV-Like Protein 3;Unassigned
ELAV-Like Protein 4;Unassigned
ELAV-Like Protein 1;Unassigned
Whey;Unassigned
Whey Proteins;Unassigned
Poly(ADP-ribose) Polymerase Inhibitors;Unassigned
CELF Proteins;Unassigned
CELF1 Protein;Unassigned
Natural Resources;Unassigned
Glycemic Load;Unassigned
Adenylyl Cyclase Inhibitors;Unassigned
RAW 264.7 Cells;Unassigned
Serine-Arginine Splicing Factors;Unassigned
Aripiprazole;Unassigned
Albumin-Bound Paclitaxel;Unassigned
Refugium;Unassigned
Lubiprostone;Unassigned
Darbepoetin alfa;Unassigned
Efavirenz, Emtricitabine, Tenofovir Disoproxil Fumarate Drug Combination;Unassigned
Bevacizumab;Unassigned
Risedronic Acid;Unassigned
Fluticasone-Salmeterol Drug Combination;Unassigned
Fluticasone;Unassigned
Salmeterol Xinafoate;Unassigned
Everolimus;Unassigned
Aspirin, Dipyridamole Drug Combination;Unassigned
Saline Waters;Unassigned
Compassion Fatigue;Unassigned
Pemetrexed;Unassigned
Brimonidine Tartrate;Unassigned
Dutasteride;Unassigned
Interferon beta-1a;Unassigned
Olmesartan Medoxomil;Unassigned
Amlodipine Besylate, Olmesartan Medoxomil Drug Combination;Unassigned
Interferon beta-1b;Unassigned
Nebivolol;Unassigned
Celecoxib;Unassigned
Varenicline;Unassigned
Tadalafil;Unassigned
Certolizumab Pegol;Unassigned
Brimonidine Tartrate, Timolol Maleate Drug Combination;Unassigned
Albuterol, Ipratropium Drug Combination;Unassigned
Genetic Background;Unassigned
Selective Breeding;Unassigned
Mometasone Furoate;Unassigned
Sildenafil Citrate;Unassigned
Emtricitabine, Rilpivirine, Tenofovir Drug Combination;Unassigned
Emtricitabine;Unassigned
Rilpivirine;Unassigned
Tenofovir;Unassigned
Glatiramer Acetate;Unassigned
Rosuvastatin Calcium;Unassigned
Duloxetine Hydrochloride;Unassigned
Tolterodine Tartrate;Unassigned
Valsartan;Unassigned
Mometasone Furoate, Formoterol Fumarate Drug Combination;Unassigned
Formoterol Fumarate;Unassigned
Serotonin and Noradrenaline Reuptake Inhibitors;Unassigned
Sleep Aids, Pharmaceutical;Unassigned
Orexin Receptor Antagonists;Unassigned
Orexins;Unassigned
Prasugrel Hydrochloride;Unassigned
Etanercept;Unassigned
Adapalene, Benzoyl Peroxide Drug Combination;Unassigned
Adapalene;Unassigned
Epoetin Alfa;Unassigned
Cetuximab;Unassigned
Rivastigmine;Unassigned
Amlodipine, Valsartan Drug Combination;Unassigned
Human Papillomavirus Recombinant Vaccine Quadrivalent, Types 6, 11, 16, 18;Unassigned
Kombucha Tea;Unassigned
Fingolimod Hydrochloride;Unassigned
Imatinib Mesylate;Unassigned
Trastuzumab;Unassigned
Adalimumab;Unassigned
Isophane Insulin, Human;Unassigned
Paliperidone Palmitate;Unassigned
Immunosenescence;Unassigned
Canagliflozin;Unassigned
Iridescence;Unassigned
Raltegravir Potassium;Unassigned
Sitagliptin Phosphate, Metformin Hydrochloride Drug Combination;Unassigned
Sitagliptin Phosphate;Unassigned
Cosmeceuticals;Unassigned
Body Weight Maintenance;Unassigned
Insulin Glargine;Unassigned
Lurasidone Hydrochloride;Unassigned
Insulin Detemir;Unassigned
Vardenafil Dihydrochloride;Unassigned
Atorvastatin;Unassigned
Fractures, Multiple;Unassigned
Seroconversion;Unassigned
Radiation Exposure;Unassigned
Type I Secretion Systems;Unassigned
Type II Secretion Systems;Unassigned
Gastrointestinal Microbiome;Unassigned
Pericardial Fluid;Unassigned
Superficial Musculoaponeurotic System;Unassigned
Podosomes;Unassigned
Plantar Plate;Unassigned
Drug Resistant Epilepsy;Unassigned
Autoimmune Hypophysitis;Unassigned
Canaliculitis;Unassigned
Rituximab;Unassigned
Protein Translocation Systems;Unassigned
Infliximab;Unassigned
Bortezomib;Unassigned
Capecitabine;Unassigned
Parasite Encystment;Unassigned
Incisional Hernia;Unassigned
Pyroptosis;Unassigned
Plasmablastic Lymphoma;Unassigned
Twin-Arginine-Translocation System;Unassigned
Mammary Analogue Secretory Carcinoma;Unassigned
Type III Secretion Systems;Unassigned
Acne Conglobata;Unassigned
Type IV Secretion Systems;Unassigned
Type V Secretion Systems;Unassigned
Neurovascular Coupling;Unassigned
Fused Kidney;Unassigned
Bone-Implant Interface;Unassigned
Erlotinib Hydrochloride;Unassigned
Quetiapine Fumarate;Unassigned
Linezolid;Unassigned
Type VI Secretion Systems;Unassigned
Type VII Secretion Systems;Unassigned
Mitochondrial Ribosomes;Unassigned
Toxicological Phenomena;Unassigned
Pharmacological Phenomena;Unassigned
Ezetimibe;Unassigned
Dasatinib;Unassigned
Natalizumab;Unassigned
Heptavalent Pneumococcal Conjugate Vaccine;Unassigned
Omalizumab;Unassigned
Atomoxetine Hydrochloride;Unassigned
Atazanavir Sulfate;Unassigned
Tiotropium Bromide;Unassigned
Denosumab;Unassigned
Cinacalcet;Unassigned
Liraglutide;Unassigned
Long Term Adverse Effects;Unassigned
Pathogen-Associated Molecular Pattern Molecules;Unassigned
Ultrasonic Waves;Unassigned
Darunavir;Unassigned
Palivizumab;Unassigned
Silent Mutation;Unassigned
Ranolazine;Unassigned
Teas, Herbal;Unassigned
Teas, Medicinal;Unassigned
Bendamustine Hydrochloride;Unassigned
Dimethyl Fumarate;Unassigned
Olive Oil;Unassigned
Solifenacin Succinate;Unassigned
Febuxostat;Unassigned
Red Meat;Unassigned
Desvenlafaxine Succinate;Unassigned
Venlafaxine Hydrochloride;Unassigned
Colesevelam Hydrochloride;Unassigned
Sofosbuvir;Unassigned
Linagliptin;Unassigned
Lisdexamfetamine Dimesylate;Unassigned
Buprenorphine, Naloxone Drug Combination;Unassigned
Emtricitabine, Tenofovir Disoproxil Fumarate Drug Combination;Unassigned
Origin of Life;Unassigned
Ezetimibe, Simvastatin Drug Combination;Unassigned
Abiraterone Acetate;Unassigned
Budesonide, Formoterol Fumarate Drug Combination;Unassigned
Vilazodone Hydrochloride;Unassigned
Infectious Encephalitis;Unassigned
Elvitegravir, Cobicistat, Emtricitabine, Tenofovir Disoproxil Fumarate Drug Combination;Unassigned
Cobicistat;Unassigned
Ustekinumab;Unassigned
Machine Learning;Unassigned
Rivaroxaban;Unassigned
Supervised Machine Learning;Unassigned
Travoprost;Unassigned
Unsupervised Machine Learning;Unassigned
Loteprednol Etabonate;Unassigned
Waterborne Diseases;Unassigned
Ranibizumab;Unassigned
Bimatoprost;Unassigned
Eszopiclone;Unassigned
Pregabalin;Unassigned
Unilateral Breast Neoplasms;Unassigned
Filgrastim;Unassigned
Round Ligaments;Unassigned
Round Ligament of Liver;Unassigned
Round Ligament of Femur;Unassigned
Abatacept;Unassigned
Sevelamer;Unassigned
Dabigatran;Unassigned
Olopatadine Hydrochloride;Unassigned
Simeprevir;Unassigned
Adipose Tissue, Beige;Unassigned
Adipocytes, Beige;Unassigned
SEC Translocation Channels;Unassigned
Degloving Injuries;Unassigned
Staghorn Calculi;Unassigned
Struvite;Unassigned
Transcription Activator-Like Effector Nucleases;Unassigned
Chocolate;Unassigned
Mastic Resin;Unassigned
Pediocins;Unassigned
Lipid Droplet Associated Proteins;Unassigned
Perilipins;Unassigned
Nogo Receptors;Unassigned
Orthodontic Friction;Unassigned
Antagomirs;Unassigned
C2 Domains;Unassigned
Pleckstrin Homology Domains;Unassigned
Immunoglobulin Domains;Unassigned
Talipes;Unassigned
Gizzard, Non-avian;Unassigned
NLR Proteins;Unassigned
Parkinson Disease Associated Proteins;Unassigned
CYS2-HIS2 Zinc Fingers;Unassigned
Tripartite Motif Proteins;Unassigned
Cadherin Related Proteins;Unassigned
Talipes Cavus;Unassigned
Solute Carrier Proteins;Unassigned
Metatarsal Valgus;Unassigned
Metatarsus Varus;Unassigned
Methyl CpG Binding Domain;Unassigned
Coracoid Process;Unassigned
Anterior Cruciate Ligament Injuries;Unassigned
Shoulder Injuries;Unassigned
Tibial Meniscus Injuries;Unassigned
Diet, Carbohydrate Loading;Unassigned
Rib Cage;Unassigned
Coxa Magna;Unassigned
Tarsal Coalition;Unassigned
Aponeurosis;Unassigned
Morton Neuroma;Unassigned
Nucleus Pulposus;Unassigned
Annulus Fibrosus;Unassigned
Microtrauma, Physical;Unassigned
Brain Contusion;Unassigned
Brain Injuries, Diffuse;Unassigned
Chronic Traumatic Encephalopathy;Unassigned
Diastasis, Muscle;Unassigned
Diastasis, Bone;Unassigned
Hamstring Tendons;Unassigned
Hamstring Muscles;Unassigned
Non-Neuronal Cholinergic System;Unassigned
Rotator Cuff Injuries;Unassigned
Collateral Ligament, Ulnar;Unassigned
Elbow Tendinopathy;Unassigned
Brain Injuries, Traumatic;Unassigned
Rotator Cuff Tear Arthropathy;Unassigned
Crystal Arthropathies;Unassigned
Enthesopathy;Unassigned
Buttermilk;Unassigned
Kefir;Unassigned
Koumiss;Unassigned
Perilipin-1;Unassigned
Giant Cell Tumor of Tendon Sheath;Unassigned
Perilipin-2;Unassigned
Perilipin-3;Unassigned
Perilipin-5;Unassigned
Nogo Proteins;Unassigned
Nogo Receptor 1;Unassigned
Nogo Receptor 2;Unassigned
Discoidin Domain Receptors;Unassigned
Discoidin Domain Receptor 1;Unassigned
Discoidin Domain Receptor 2;Unassigned
Discoidins;Unassigned
Discoidin Domain;Unassigned
Lysine Acetyltransferases;Unassigned
Tensins;Unassigned
Bankart Lesions;Unassigned
Tenocytes;Unassigned
Synoviocytes;Unassigned
MutL Proteins;Unassigned
MutL Protein Homolog 1;Unassigned
Mismatch Repair Endonuclease PMS2;Unassigned
ATP Binding Cassette Transporter, Subfamily G;Unassigned
ATP Binding Cassette Transporter, Subfamily G, Member 2;Unassigned
ATP Binding Cassette Transporter, Subfamily G, Member 1;Unassigned
Hyperekplexia;Unassigned
ATP Binding Cassette Transporter, Subfamily G, Member 5;Unassigned
ATP Binding Cassette Transporter, Subfamily G, Member 8;Unassigned
Hemochromatosis Protein;Unassigned
Sentinel Lymph Node;Unassigned
Place Cells;Unassigned
Grid Cells;Unassigned
Perirhinal Cortex;Unassigned
Axon Initial Segment;Unassigned
Esophageal Mucosa;Unassigned
Anorectal Malformations;Unassigned
Tardive Dyskinesia;Unassigned
Huntingtin Protein;Unassigned
Breast Density;Unassigned
Endoglin;Unassigned
Alert Fatigue, Health Personnel;Unassigned
Pneumonia, Necrotizing;Unassigned
Lipocalin-2;Unassigned
Multiple Chronic Conditions;Unassigned
Familial Multiple Lipomatosis;Unassigned
Microaneurysm;Unassigned
Acute Febrile Encephalopathy;Unassigned
Neonatal Sepsis;Unassigned
Small Fiber Neuropathy;Unassigned
Stenosis, Pulmonary Vein;Unassigned
Stenosis, Pulmonary Artery;Unassigned
Cortical Excitability;Unassigned
ADAMTS Proteins;Unassigned
ADAMTS1 Protein;Unassigned
ADAMTS5 Protein;Unassigned
ADAMTS7 Protein;Unassigned
ADAMTS9 Protein;Unassigned
ADAMTS13 Protein;Unassigned
ADAMTS4 Protein;Unassigned
Poly (ADP-Ribose) Polymerase-1;Unassigned
Promyelocytic Leukemia Protein;Unassigned
Leucine-Rich Repeat Serine-Threonine Protein Kinase-2;Unassigned
Forkhead Box Protein O1;Unassigned
Trefoil Factors;Unassigned
Trefoil Factor-1;Unassigned
Trefoil Factor-2;Unassigned
Trefoil Factor-3;Unassigned
Signaling Lymphocytic Activation Molecule Family;Unassigned
Signaling Lymphocytic Activation Molecule Family Member 1;Unassigned
CD48 Antigen;Unassigned
Signaling Lymphocytic Activation Molecule Associated Protein;Unassigned
ATP Binding Cassette Transporter, Subfamily B, Member 2;Unassigned
Autophagosomes;Unassigned
Autophagy-Related Proteins;Unassigned
Pharmacogenomic Variants;Unassigned
Beclin-1;Unassigned
Autophagy-Related Protein 5;Unassigned
Autophagy-Related Protein-1 Homolog;Unassigned
Autophagy-Related Protein 8 Family;Unassigned
Autophagy-Related Protein 12;Unassigned
Autophagy-Related Protein 7;Unassigned
Pyrin Domain;Unassigned
B30.2-SPRY Domain;Unassigned
Pyrin;Unassigned
NLR Family, Pyrin Domain-Containing 3 Protein;Unassigned
Infradian Rhythm;Unassigned
Ultradian Rhythm;Unassigned
Enhancer of Zeste Homolog 2 Protein;Unassigned
Suppressor of Cytokine Signaling 1 Protein;Unassigned
Suppressor of Cytokine Signaling 3 Protein;Unassigned
Polyelectrolytes;Unassigned
Perilipin-4;Unassigned
Transcriptional Regulator ERG;Unassigned
Carbonic Anhydrase IX;Unassigned
Small Leucine-Rich Proteoglycans;Unassigned
Lumican;Unassigned
Fibromodulin;Unassigned
Fibronectin Type III Domain;Unassigned
Double-Stranded RNA Binding Motif;Unassigned
Zika Virus Infection;Unassigned
Mitochondrial Uncoupling Proteins;Unassigned
Uncoupling Protein 2;Unassigned
Uncoupling Protein 3;Unassigned
Peroxisome Proliferator-Activated Receptor Gamma Coactivator 1-alpha;Unassigned
Snail Family Transcription Factors;Unassigned
Extreme Environments;Unassigned
Uncoupling Protein 1;Unassigned
Emergence Delirium;Unassigned
Acute Retroviral Syndrome;Unassigned
Body Remains;Unassigned
Forkhead Box Protein O3;Unassigned
Nanog Homeobox Protein;Unassigned
Transcription Activator-Like Effectors;Unassigned
RNA-Binding Motifs;Unassigned
RNA Recognition Motif;Unassigned
Bunion;Unassigned
Fibromatosis, Plantar;Unassigned
Aldehyde Dehydrogenase, Mitochondrial;Unassigned
Twist Transcription Factors;Unassigned
Twist-Related Protein 2;Unassigned
ETS Motif;Unassigned
Life History Traits;Unassigned
Inbreeding Depression;Unassigned
Src Homology 2 Domain-Containing, Transforming Protein 1;Unassigned
Src Homology 2 Domain-Containing, Transforming Protein 2;Unassigned
Src Homology 2 Domain-Containing, Transforming Protein 3;Unassigned
Thermotolerance;Unassigned
Axon Guidance;Unassigned
Fatty Acid-Binding Protein 7;Unassigned
Pseudoautosomal Regions;Unassigned
Taxis Response;Unassigned
12E7 Antigen;Unassigned
Phototaxis;Unassigned
Neuronal Outgrowth;Unassigned
N-Myc Proto-Oncogene Protein;Unassigned
Axon Fasciculation;Unassigned
Proprotein Convertase 9;Unassigned
ATP Binding Cassette Transporter, Subfamily B, Member 3;Unassigned
Chitinase-3-Like Protein 1;Unassigned
Sequestosome-1 Protein;Unassigned
DEAD Box Protein 58;Unassigned
Death Domain Superfamily;Unassigned
Death Domain;Unassigned
Death Effector Domain;Unassigned
Caspase Activation and Recruitment Domain;Unassigned
Gubernaculum;Unassigned
APOBEC Deaminases;Unassigned
APOBEC-1 Deaminase;Unassigned
APOBEC-3G Deaminase;Unassigned
AlkB Enzymes;Unassigned
Immunogenicity, Vaccine;Unassigned
AlkB Homolog 1, Histone H2a Dioxygenase;Unassigned
AlkB Homolog 2, Alpha-Ketoglutarate-Dependent Dioxygenase;Unassigned
AlkB Homolog 3, Alpha-Ketoglutarate-Dependent Dioxygenase;Unassigned
AlkB Homolog 4, Lysine Demethylase;Unassigned
AlkB Homolog 5, RNA Demethylase;Unassigned
AlkB Homolog 8, tRNA Methyltransferase;Unassigned
Alpha-Ketoglutarate-Dependent Dioxygenase FTO;Unassigned
Liver X Receptors;Unassigned
Cortical Bone;Unassigned
Cancellous Bone;Unassigned
beta-Arrestins;Unassigned
beta-Arrestin 1;Unassigned
beta-Arrestin 2;Unassigned
Fractures, Avulsion;Unassigned
Crush Injuries;Unassigned
Abdominal Oblique Muscles;Unassigned
CDX2 Transcription Factor;Unassigned
Protein Deglycase DJ-1;Unassigned
Protein Phosphatase 2C;Unassigned
Receptor, Notch3;Unassigned
Werner Syndrome Helicase;Unassigned
Zinc Finger Protein GLI1;Unassigned
Histidine Kinase;Unassigned
WD40 Repeats;Unassigned
Glycogen Synthase Kinase 3 beta;Unassigned
Tartrate-Resistant Acid Phosphatase;Unassigned
Sterile Alpha Motif;Unassigned
Cellulite;Unassigned
Latent Autoimmune Diabetes in Adults;Unassigned
Bilateral Vestibulopathy;Unassigned
Cone-Rod Dystrophies;Unassigned
Regulatory Factor X Transcription Factors;Unassigned
Regulatory Factor X1;Unassigned
X-Box Binding Protein 1;Unassigned
Stromal Interaction Molecules;Unassigned
Stromal Interaction Molecule 1;Unassigned
Stromal Interaction Molecule 2;Unassigned
Calcium Release Activated Calcium Channels;Unassigned
ORAI1 Protein;Unassigned
ORAI2 Protein;Unassigned
Soluble Guanylyl Cyclase;Unassigned
BTB-POZ Domain;Unassigned
Kelch Repeat;Unassigned
SMARCB1 Protein;Unassigned
Butyrophilins;Unassigned
Zinc Finger E-box-Binding Homeobox 1;Unassigned
Glycodelin;Unassigned
Wnt-5a Protein;Unassigned
Dystonin;Unassigned
Fibrillins;Unassigned
Fibrillin-1;Unassigned
Fibrillin-2;Unassigned
PAX6 Transcription Factor;Unassigned
Tudor Domain;Unassigned
Tumor Suppressor p53-Binding Protein 1;Unassigned
Epithelial Cell Adhesion Molecule;Unassigned
Prostaglandin-E Synthases;Unassigned
Checkpoint Kinase 1;Unassigned
Medically Unexplained Symptoms;Unassigned
AC133 Antigen;Unassigned
Nipple Discharge;Unassigned
Cerebral Blood Volume;Unassigned
Nucleons;Unassigned
Myocardial Contusions;Unassigned
Breast Carcinoma In Situ;Unassigned
Gracilis Muscle;Unassigned
S100 Calcium-Binding Protein A4;Unassigned
NF-KappaB Inhibitor alpha;Unassigned
Diet, Healthy;Unassigned
Prion Proteins;Unassigned
Deubiquitinating Enzymes;Unassigned
Kelch-Like ECH-Associated Protein 1;Unassigned
Synthetic Lethal Mutations;Unassigned
Fracture Dislocation;Unassigned
Apolipoprotein A-V;Unassigned
PAX3 Transcription Factor;Unassigned
Salter-Harris Fractures;Unassigned
Transcription Factor HES-1;Unassigned
Patched Receptors;Unassigned
Patched-1 Receptor;Unassigned
Patched-2 Receptor;Unassigned
Smoothened Receptor;Unassigned
Serrate-Jagged Proteins;Unassigned
Jagged-1 Protein;Unassigned
Jagged-2 Protein;Unassigned
Superoxide Dismutase-1;Unassigned
Dynactin Complex;Unassigned
Tumor Protein p73;Unassigned
Superconductivity;Unassigned
Interleukin-1 Receptor-Like 1 Protein;Unassigned
Phosphoinositide Phosphatases;Unassigned
Inositol Polyphosphate 5-Phosphatases;Unassigned
Phosphatidylinositol-3,4,5-Trisphosphate 5-Phosphatases;Unassigned
Fertilins;Unassigned
ADAM10 Protein;Unassigned
ADAM17 Protein;Unassigned
ADAM12 Protein;Unassigned
Ku Autoantigen;Unassigned
Zona Pellucida Glycoproteins;Unassigned
Bcl-2-Like Protein 11;Unassigned
Homer Scaffolding Proteins;Unassigned
Mating Factor;Unassigned
Methyl-Accepting Chemotaxis Proteins;Unassigned
ERG1 Potassium Channel;Unassigned
Tumor Hypoxia;Unassigned
Connexin 26;Unassigned
RNA Splicing Factors;Unassigned
Dishevelled Proteins;Unassigned
Forkhead Box Protein M1;Unassigned
Lymphadenopathy;Unassigned
A549 Cells;Unassigned
Dioxins and Dioxin-like Compounds;Unassigned
Polychlorinated Dibenzodioxins;Unassigned
Dibenzofurans;Unassigned
Mucosal-Associated Invariant T Cells;Unassigned
Dibenzofurans, Polychlorinated;Unassigned
NIMA-Interacting Peptidylprolyl Isomerase;Unassigned
Parenchymal Tissue;Unassigned
Oxysterols;Unassigned
Syk Kinase;Unassigned
NIMA-Related Kinases;Unassigned
NIMA-Related Kinase 1;Unassigned
Endothelin-Converting Enzymes;Unassigned
Protein Structural Elements;Unassigned
Protein Domains;Unassigned
DNA, Ancient;Unassigned
Cytochrome P450 Family 1;Unassigned
Cytochrome P450 Family 2;Unassigned
Cytochrome P450 Family 3;Unassigned
Cytochrome P450 Family 4;Unassigned
Heterocyclic Compounds, Fused-Ring;Unassigned
Cytochrome P450 Family 6;Unassigned
Fused-Ring Compounds;Unassigned
Cytochrome P450 Family 7;Unassigned
Cytochrome P450 Family 8;Unassigned
Cytochrome P450 Family 11;Unassigned
Cytochrome P450 Family 12;Unassigned
Cytochrome P450 Family 17;Unassigned
DNA Ligase ATP;Unassigned
Retinoic Acid Receptor alpha;Unassigned
Placenta Growth Factor;Unassigned
Cytochrome P450 Family 19;Unassigned
Cytochrome P450 Family 21;Unassigned
Cytochrome P450 Family 24;Unassigned
Cytochrome P450 Family 26;Unassigned
Cytochrome P450 Family 27;Unassigned
Cytochrome P450 Family 46;Unassigned
Cytochrome P450 Family 51;Unassigned
Retinoic Acid 4-Hydroxylase;Unassigned
Cholesterol 24-Hydroxylase;Unassigned
Homeobox Protein Nkx-2.5;Unassigned
Hepatitis A Virus Cellular Receptor 1;Unassigned
Hepatitis A Virus Cellular Receptor 2;Unassigned
Tumor Necrosis Factor alpha-Induced Protein 3;Unassigned
Cardiorespiratory Fitness;Unassigned
Meniscus;Unassigned
Peptidyl-Prolyl Cis-Trans Isomerase NIMA-Interacting 4;Unassigned
Cyclophilin C;Unassigned
PAX8 Transcription Factor;Unassigned
Thyroid Epithelial Cells;Unassigned
Interferon-Induced Helicase, IFIH1;Unassigned
Cancer-Associated Fibroblasts;Unassigned
Breast Cancer Lymphedema;Unassigned
ST Elevation Myocardial Infarction;Unassigned
Non-ST Elevated Myocardial Infarction;Unassigned
Hypophysitis;Unassigned
Teratozoospermia;Unassigned
Ciliopathies;Unassigned
Margins of Excision;Unassigned
Spontaneous Perforation;Unassigned
Provitamins;Unassigned
Splicing Factor U2AF;Unassigned
PTB-Associated Splicing Factor;Unassigned
Ankyloglossia;Unassigned
High-Intensity Interval Training;Unassigned
Cancer Pain;Unassigned
Tertiary Lymphoid Structures;Unassigned
Propofol Infusion Syndrome;Unassigned
Myeloid-Derived Suppressor Cells;Unassigned
Paternal Inheritance;Unassigned
Maternal Inheritance;Unassigned
Invasive Fungal Infections;Unassigned
Beta-Cryptoxanthin;Unassigned
Protein Conformation, alpha-Helical;Unassigned
Protein Conformation, beta-Strand;Unassigned
Mycobiome;Unassigned
Host-Seeking Behavior;Unassigned
Walking Speed;Unassigned
Stair Climbing;Unassigned
Eryptosis;Unassigned
Surgical Wound;Unassigned
Chromothripsis;Unassigned
Peripheral Blood Stem Cells;Unassigned
Adult Germline Stem Cells;Unassigned
Oogonial Stem Cells;Unassigned
Nitrosative Stress;Unassigned
Transactinide Series Elements;Unassigned
Platelet-Rich Fibrin;Unassigned
Noncommunicable Diseases;Unassigned
Epileptic Syndromes;Unassigned
Metal-Organic Frameworks;Unassigned
Occupational Stress;Unassigned
Demethylation;Unassigned
DNA Demethylation;Unassigned
Dietary Sugars;Unassigned
Microvascular Rarefaction;Unassigned
Frailty;Unassigned
Biological Variation, Population;Unassigned
Diet, High-Protein;Unassigned
Dietary Approaches To Stop Hypertension;Unassigned
Spotted Fever Group Rickettsiosis;Unassigned
Transfusion-Related Acute Lung Injury;Unassigned
Varicella Zoster Virus Infection;Unassigned
Oligodendrocyte Precursor Cells;Unassigned
Loss of Function Mutation;Unassigned
Gain of Function Mutation;Unassigned
Pancreatitis-Associated Proteins;Unassigned
2-Hydroxypropyl-beta-cyclodextrin;Unassigned
Strobilurins;Unassigned
P-type ATPases;Unassigned
Pain, Procedural;Unassigned
Trisomy 13 Syndrome;Unassigned
Copper-Transporting ATPases;Unassigned
Trisomy 18 Syndrome;Unassigned
Immune Privilege;Unassigned
Apelin;Unassigned
Histone Deacetylase 6;Unassigned
Triggering Receptor Expressed on Myeloid Cells-1;Unassigned
Vascular Ring;Unassigned
ATP Binding Cassette Transporter, Subfamily A;Unassigned
Palm Oil;Unassigned
Rice Bran Oil;Unassigned
ATP Binding Cassette Transporter, Subfamily A, Member 4;Unassigned
CX3C Chemokine Receptor 1;Unassigned
C9orf72 Protein;Unassigned
Cell-Free Nucleic Acids;Unassigned
Sugars;Unassigned
Food Intolerance;Unassigned
Biological Coevolution;Unassigned
Dysferlin;Unassigned
Transcription Factor 4;Unassigned
T-Cell Acute Lymphocytic Leukemia Protein 1;Unassigned
Neonicotinoids;Unassigned
F-Box-WD Repeat-Containing Protein 7;Unassigned
Triose Sugar Alcohols;Unassigned
Intercellular Adhesion Molecule-3;Unassigned
DNA Polymerase gamma;Unassigned
MDS1 and EVI1 Complex Locus Protein;Unassigned
Tubular Sweat Gland Adenomas;Unassigned
Bone Marrow Stromal Antigen 2;Unassigned
Peptide Transporter 1;Unassigned
B-Cell CLL-Lymphoma 10 Protein;Unassigned
T-Cell Intracellular Antigen-1;Unassigned
ATP Binding Cassette Transporter, Subfamily B, Member 11;Unassigned
Interatrial Block;Unassigned
TRPA1 Cation Channel;Unassigned
Fatty Acid Binding Protein 3;Unassigned
Receptors, Histamine H4;Unassigned
Cerebral Intraventricular Hemorrhage;Unassigned
Cytokine TWEAK;Unassigned
TWEAK Receptor;Unassigned
Solute Carrier Family 22 Member 5;Unassigned
ATP Binding Cassette Transporter, Subfamily D;Unassigned
Environmental Biomarkers;Unassigned
ATP Binding Cassette Transporter, Subfamily D, Member 1;Unassigned
Undifferentiated Connective Tissue Diseases;Unassigned
MutS Proteins;Unassigned
MutS Homolog 3 Protein;Unassigned
Sodium-Hydrogen Exchanger 1;Unassigned
Sodium-Hydrogen Exchanger 3;Unassigned
THP-1 Cells;Unassigned
Protein Kinase C-theta;Unassigned
Short Stature Homeobox Protein;Unassigned
Circulating Tumor DNA;Unassigned
Kazal Motifs;Unassigned
Serine Peptidase Inhibitors, Kazal Type;Unassigned
Serine Peptidase Inhibitor Kazal-Type 5;Unassigned
Nicotine Chewing Gum;Unassigned
Zinc Finger E-box Binding Homeobox 2;Unassigned
Circulating MicroRNA;Unassigned
Spastin;Unassigned
AAA Domain;Unassigned
ATPases Associated with Diverse Cellular Activities;Unassigned
Katanin;Unassigned
Rumination, Digestive;Unassigned
Peanut Oil;Unassigned
Sunflower Oil;Unassigned
Immune Reconstitution;Unassigned
Receptors, Enterotoxin;Unassigned
Rapeseed Oil;Unassigned
Coconut Oil;Unassigned
Organism Hydration Status;Unassigned
Guanylyl Cyclase C Agonists;Unassigned
Meconium Ileus;Unassigned
Endothelial Protein C Receptor;Unassigned
Periphyton;Unassigned
TRPC6 Cation Channel;Unassigned
Discs Large Homolog 1 Protein;Unassigned
High-Temperature Requirement A Serine Peptidase 1;Unassigned
Zinc Finger Protein Gli3;Unassigned
CD52 Antigen;Unassigned
Antineoplastic Agents, Immunological;Unassigned
Alemtuzumab;Unassigned
Ipilimumab;Unassigned
Sleep Latency;Unassigned
Greenhouse Gases;Unassigned
Food Ingredients;Unassigned
Peroxins;Unassigned
Peroxisomal Targeting Signals;Unassigned
Valosin Containing Protein;Unassigned
SAP90-PSD95 Associated Proteins;Unassigned
Aldo-Keto Reductases;Unassigned
Carbonyl Reductase (NADPH);Unassigned
Fermented Foods;Unassigned
Aldo-Keto Reductase Family 1 Member C2;Unassigned
Aldo-Keto Reductase Family 1 Member C3;Unassigned
Aldo-Keto Reductase Family 1 member B10;Unassigned
Peroxisomal Biogenesis Factor 2;Unassigned
Peroxisome-Targeting Signal 1 Receptor;Unassigned
Tetratricopeptide Repeat;Unassigned
Peroxisomal Targeting Signal 2 Receptor;Unassigned
Lysine Acetyltransferase 5;Unassigned
Positive Regulatory Domain I-Binding Factor 1;Unassigned
PR-SET Domains;Unassigned
Thyroid Nuclear Factor 1;Unassigned
Receptors, Kisspeptin-1;Unassigned
Suprachiasmatic Nucleus Neurons;Unassigned
Solute Carrier Organic Anion Transporter Family Member 1B3;Unassigned
Receptor, Notch4;Unassigned
AAA Proteins;Unassigned
Short Chain Dehydrogenase-Reductases;Unassigned
WW Domain-Containing Oxidoreductase;Unassigned
WW Domains;Unassigned
Remyelination;Unassigned
Opium Dependence;Unassigned
MYND Domains;Unassigned
Dual Oxidases;Unassigned
NADPH Oxidase 1;Unassigned
NADPH Oxidase 2;Unassigned
NADPH Oxidase 4;Unassigned
NADPH Oxidase 5;Unassigned
Proteostasis;Unassigned
Quasispecies;Unassigned
Sublimation, Chemical;Unassigned
Oncogene Addiction;Unassigned
Median Arcuate Ligament Syndrome;Unassigned
ADP-Ribosylation;Unassigned
Poly ADP Ribosylation;Unassigned
Deubiquitinating Enzyme CYLD;Unassigned
Dysbindin;Unassigned
Diapause;Unassigned
Forkhead Box Protein L2;Unassigned
Mucosa-Associated Lymphoid Tissue Lymphoma Translocation 1 Protein;Unassigned
High-Temperature Requirement A Serine Peptidase 2;Unassigned
Nut and Peanut Hypersensitivity;Unassigned
Kounis Syndrome;Unassigned
Bestrophins;Unassigned
S100 Calcium Binding Protein A7;Unassigned
rhoC GTP-Binding Protein;Unassigned
Pre-B-Cell Leukemia Transcription Factor 1;Unassigned
Myeloid Ecotropic Viral Integration Site 1 Protein;Unassigned
Elongin;Unassigned
Substance Abuse, Oral;Unassigned
Organic Cation Transporter 2;Unassigned
Smoldering Multiple Myeloma;Unassigned
RUNX1 Translocation Partner 1 Protein;Unassigned
Abuse-Deterrent Formulations;Unassigned
Metallocenes;Unassigned
Agent Orange;Unassigned
Essential Hypertension;Unassigned
Poly-ADP-Ribose Binding Proteins;Unassigned
Cardiac Conduction System Disease;Unassigned
Poly-ADP-Ribose Binding Motif;Unassigned
Janus Kinase Inhibitors;Unassigned
Apolipoproteins M;Unassigned
Apelin Receptors;Unassigned
Hypoadrenocorticism, Familial;Unassigned
Connexin 30;Unassigned
Heavy Metal Poisoning;Unassigned
Animal Scales;Unassigned
Leukocyte Immunoglobulin-like Receptor B1;Unassigned
Immunoglobulin Light-chain Amyloidosis;Unassigned
Deleted in Azoospermia 1 Protein;Unassigned
Chemokine CCL18;Unassigned
Anoctamins;Unassigned
Anoctamin-1;Unassigned
Receptors for Activated C Kinase;Unassigned
S100 Calcium Binding Protein A6;Unassigned
Netrins;Unassigned
Netrin Receptors;Unassigned
Netrin-1;Unassigned
DCC Receptor;Unassigned
Channelrhodopsins;Unassigned
Anti-Citrullinated Protein Antibodies;Unassigned
Serum Albumin, Human;Unassigned
Aversive Agents;Unassigned
Solitary Kidney;Unassigned
Organ Motion;Unassigned
Charles Bonnet Syndrome;Unassigned
Vasopeptidase Inhibitors;Unassigned
Injection Site Reaction;Unassigned
T-Lymphoma Invasion and Metastasis-inducing Protein 1;Unassigned
COP9 Signalosome Complex;Unassigned
NEDD8 Protein;Unassigned
Nedd4 Ubiquitin Protein Ligases;Unassigned
Zinc Transporter 8;Unassigned
Toxin-Antitoxin Systems;Unassigned
Promyelocytic Leukemia Zinc Finger Protein;Unassigned
Kruppel-Like Factor 6;Unassigned
Chemokine CXCL16;Unassigned
Receptors, CXCR6;Unassigned
rab27 GTP-Binding Proteins;Unassigned
Zinc Finger Protein Gli2;Unassigned
Baculoviral IAP Repeat-Containing 3 Protein;Unassigned
Angiopoietin-like Proteins;Unassigned
Angiopoietin-Like Protein 4;Unassigned
Zinc Finger Nucleases;Unassigned
Clinical Deterioration;Unassigned
Chemokine CCL26;Unassigned
Wildfires;Unassigned
X-linked Nuclear Protein;Unassigned
PHD Zinc Fingers;Unassigned
FERM Domains;Unassigned
KRIT1 Protein;Unassigned
Intraepithelial Lymphocytes;Unassigned
Apolipoproteins L;Unassigned
Apolipoprotein L1;Unassigned
Cell Adhesion Molecule-1;Unassigned
Nectins;Unassigned
Hyaluronan Synthases;Unassigned
Inhibitor of Growth Protein 1;Unassigned
Alcoholic Korsakoff Syndrome;Unassigned
Drug Misuse;Unassigned
Travel-Related Illness;Unassigned
Ubiquitin-Specific Peptidase 7;Unassigned
Biological Variation, Individual;Unassigned
Oligodendrocyte Transcription Factor 2;Unassigned
X-ray Repair Cross Complementing Protein 1;Unassigned
SAM Domain and HD Domain-Containing Protein 1;Unassigned
Diet, High-Protein Low-Carbohydrate;Unassigned
Disks Large Homolog 4 Protein;Unassigned
DNA (Cytosine-5-)-Methyltransferase 1;Unassigned
Fanconi Anemia Complementation Group N Protein;Unassigned
Sp7 Transcription Factor;Unassigned
Tripartite Motif-Containing Protein 28;Unassigned
c-Mer Tyrosine Kinase;Unassigned
Animal Fur;Unassigned
WNK Lysine-Deficient Protein Kinase 1;Unassigned
Ras Homolog Enriched in Brain Protein;Unassigned
Mechanistic Target of Rapamycin Complex 1;Unassigned
Regulatory-Associated Protein of mTOR;Unassigned
Mechanistic Target of Rapamycin Complex 2;Unassigned
Rapamycin-Insensitive Companion of mTOR Protein;Unassigned
MRE11 Homologue Protein;Unassigned
mTOR Associated Protein, LST8 Homolog;Unassigned
Heterogeneous Nuclear Ribonucleoprotein A1;Unassigned
CCCTC-Binding Factor;Unassigned
Centromere Protein A;Unassigned
Heat Shock Transcription Factors;Unassigned
Myristoylated Alanine-Rich C Kinase Substrate;Unassigned
Communicable Diseases, Imported;Unassigned
Citrullination;Unassigned
Protein-Arginine Deiminases;Unassigned
Diverticular Diseases;Unassigned
Genetic Profile;Unassigned
Host Microbial Interactions;Unassigned
Endurance Training;Unassigned
Synthetic Drugs;Unassigned
Receptors, Chimeric Antigen;Unassigned
Histone Methyltransferases;Unassigned
Neonatal Brachial Plexus Palsy;Unassigned
Saporins;Unassigned
CRISPR-Associated Protein 9;Unassigned
Sulfate Transporters;Unassigned
Sodium Sulfate Cotransporter;Unassigned
Tuberous Sclerosis Complex 1 Protein;Unassigned
Tuberous Sclerosis Complex 2 Protein;Unassigned
Survivin;Unassigned
Birth Setting;Unassigned
Sugammadex;Unassigned
Rocuronium;Unassigned
Docetaxel;Unassigned
Clopidogrel;Unassigned
Sulfanilamide;Unassigned
Irinotecan;Unassigned
Sevoflurane;Unassigned
Oxaliplatin;Unassigned
Olanzapine;Unassigned
Progranulins;Unassigned
Rosiglitazone;Unassigned
Granulins;Unassigned
Gefitinib;Unassigned
Sorafenib;Unassigned
Neurolymphomatosis;Unassigned
Polylactic Acid-Polyglycolic Acid Copolymer;Unassigned
Occlusion Body Matrix Proteins;Unassigned
Resveratrol;Unassigned
Interferon alpha-2;Unassigned
Wortmannin;Unassigned
Adenocarcinoma of Lung;Unassigned
Chlorophyll A;Unassigned
Squamous Cell Carcinoma of Head and Neck;Unassigned
Sodium-Glucose Transporter 2 Inhibitors;Unassigned
Temozolomide;Unassigned
Pioglitazone;Unassigned
Gabapentin;Unassigned
Chondrosarcoma, Clear Cell;Unassigned
Remifentanil;Unassigned
Decitabine;Unassigned
Sunitinib;Unassigned
Zoledronic Acid;Unassigned
Ropivacaine;Unassigned
Lamotrigine;Unassigned
Becaplermin;Unassigned
Clay;Unassigned
Carcinoma, Ovarian Epithelial;Unassigned
Calcitonin Gene-Related Peptide Receptor Antagonists;Unassigned
Limonene;Stressor
Caspian Sea;Unassigned
Vinorelbine;Unassigned
Topiramate;Unassigned
Arsenic Trioxide;Unassigned
Meloxicam;Unassigned
Calcium Aluminosilicate;Unassigned
Sleepiness;Unassigned
Carvedilol;Unassigned
Calcium-Regulating Hormones and Agents;Unassigned
Donepezil;Unassigned
Moxifloxacin;Unassigned
Fulvestrant;Unassigned
Pamidronate;Unassigned
Lenalidomide;Unassigned
Exenatide;Unassigned
Imiquimod;Unassigned
Latent Class Analysis;Unassigned
Thyroid Cancer, Papillary;Unassigned
Nasopharyngeal Carcinoma;Unassigned
Craniofacial Fibrous Dysplasia;Unassigned
Lycopene;Unassigned
Esophageal Squamous Cell Carcinoma;Unassigned
RNA, Mitochondrial;Unassigned
Protein Carbamylation;Unassigned
Abciximab;Unassigned
Rimonabant;Unassigned
Cetrimonium;Unassigned
Levetiracetam;Unassigned
Troglitazone;Unassigned
Letrozole;Unassigned
Harmala Alkaloids;Unassigned
Terbinafine;Unassigned
Receptor, Transforming Growth Factor-beta Type I;Unassigned
Receptor, Transforming Growth Factor-beta Type II;Unassigned
Urinary Bladder, Underactive;Unassigned
Niemann-Pick C1 Protein;Unassigned
Pregnane X Receptor;Unassigned
Flexural Strength;Unassigned
Healthcare-Associated Pneumonia;Unassigned
Bosentan;Unassigned
Sleep, Slow-Wave;Unassigned
Extracellular Polymeric Substance Matrix;Unassigned
Pyrolysis;Unassigned
Biomineralization;Unassigned
Deep Learning;Unassigned
Alginic Acid;Unassigned
Salt Stress;Unassigned
Crystalloid Solutions;Unassigned
Ringer's Lactate;Unassigned
Agammaglobulinaemia Tyrosine Kinase;Unassigned
Saline Solution;Unassigned
Ringer's Solution;Unassigned
Artesunate;Unassigned
Telmisartan;Unassigned
Zolpidem;Unassigned
Desflurane;Unassigned
Caspofungin;Unassigned
Vorinostat;Unassigned
Latanoprost;Unassigned
Leflunomide;Unassigned
Fluvastatin;Unassigned
Lapatinib;Unassigned
Post-Lyme Disease Syndrome;Unassigned
Verteporfin;Unassigned
Anastrozole;Unassigned
Silybin;Unassigned
Pantoprazole;Unassigned
Orlistat;Unassigned
Cidofovir;Unassigned
Irbesartan;Unassigned
Cilostazol;Unassigned
Modafinil;Unassigned
Tamsulosin;Unassigned
Aluminum Chloride;Unassigned
Enrofloxacin;Unassigned
Polidocanol;Unassigned
Fondaparinux;Unassigned
Gastric Artery;Unassigned
Lipoglycopeptides;Unassigned
GATA2 Deficiency;Unassigned
Nabumetone;Unassigned
Oxaprozin;Unassigned
Tapentadol;Unassigned
Lidocaine, Prilocaine Drug Combination;Unassigned
Acamprosate;Unassigned
Smoking Cessation Agents;Unassigned
Carbamide Peroxide;Unassigned
Simendan;Unassigned
Cabergoline;Unassigned
Tirofiban;Unassigned
Carbon Fiber;Unassigned
Valacyclovir;Unassigned
Vemurafenib;Unassigned
Meglumine Antimoniate;Unassigned
Ticagrelor;Unassigned
Pramipexole;Unassigned
Piperazine;Unassigned
Glymphatic System;Unassigned
Cefdinir;Unassigned
Tropisetron;Unassigned
Eptifibatide;Unassigned
Deferiprone;Unassigned
Panitumumab;Unassigned
Eplerenone;Unassigned
Roscovitine;Unassigned
Crizotinib;Unassigned
Anaplastic Lymphoma Kinase;Unassigned
Artemether;Unassigned
Ivabradine;Unassigned
Micafungin;Unassigned
Basiliximab;Unassigned
Edaravone;Unassigned
Levobupivacaine;Unassigned
Methylprednisolone Acetate;Unassigned
Alitretinoin;Unassigned
Ibandronic Acid;Unassigned
Sodium Citrate;Unassigned
Enfuvirtide;Unassigned
Daclizumab;Unassigned
Valganciclovir;Unassigned
Norethindrone Acetate;Unassigned
Amisulpride;Unassigned
Quinapril;Unassigned
2-Methoxyestradiol;Unassigned
Terlipressin;Unassigned
Deferasirox;Unassigned
Sulfathiazole;Unassigned
Mivacurium;Unassigned
Eucalyptol;Unassigned
Maraviroc;Unassigned
Reboxetine;Unassigned
Nivolumab;Unassigned
Famciclovir;Unassigned
Thymalfasin;Unassigned
Vildagliptin;Unassigned
Tolvaptan;Unassigned
Nandrolone Decanoate;Unassigned
Fomepizole;Unassigned
Ferric Oxide, Saccharated;Unassigned
Trabectedin;Unassigned
Icodextrin;Unassigned
Aprepitant;Unassigned
O-(Chloroacetylcarbamoyl)fumagillol;Unassigned
Bexarotene;Unassigned
Artemether, Lumefantrine Drug Combination;Unassigned
Anidulafungin;Unassigned
Etoricoxib;Unassigned
Golgi Matrix Proteins;Unassigned
Triclabendazole;Unassigned
Cauda Equina Syndrome;Unassigned
Tirapazamine;Unassigned
Sitting Position;Unassigned
Telbivudine;Unassigned
17 alpha-Hydroxyprogesterone Caproate;Unassigned
Nateglinide;Unassigned
Afatinib;Unassigned
Ceftibuten;Unassigned
Cefepime;Unassigned
Piperacillin, Tazobactam Drug Combination;Unassigned
Doripenem;Unassigned
Ertapenem;Unassigned
Cilastatin, Imipenem Drug Combination;Unassigned
Meropenem;Unassigned
Fidaxomicin;Unassigned
Immunoglobulin G4-Related Disease;Unassigned
Gatifloxacin;Unassigned
Gemifloxacin;Unassigned
Procalcitonin;Unassigned
Diterpene Alkaloids;Unassigned
Dronedarone;Unassigned
Cone Dystrophy;Unassigned
Panobinostat;Unassigned
Ciclopirox;Unassigned
Rilmenidine;Unassigned
Amifampridine;Unassigned
Methantheline;Unassigned
Myopericytoma;Unassigned
Pancreatic Intraductal Neoplasms;Unassigned
Axitinib;Unassigned
Tenecteplase;Unassigned
Torsemide;Unassigned
Homoharringtonine;Unassigned
Clofarabine;Unassigned
Tolcapone;Unassigned
Atrasentan;Unassigned
Thiamethoxam;Unassigned
Palonosetron;Unassigned
Alefacept;Unassigned
Body-Weight Trajectory;Unassigned
Gestational Weight Gain;Unassigned
Lumefantrine;Unassigned
Eucalyptus Oil;Unassigned
Tazobactam;Unassigned
Tobramycin, Dexamethasone Drug Combination;Unassigned
Oxindoles;Unassigned
Tinzaparin;Unassigned
5-Methoxypsoralen;Unassigned
Lenograstim;Unassigned
Rifaximin;Unassigned
Tigecycline;Unassigned
Zonisamide;Unassigned
Clobazam;Unassigned
Tiagabine;Unassigned
Felbamate;Unassigned
Oxcarbazepine;Unassigned
Lacosamide;Unassigned
Epidermal Cells;Unassigned
Allogeneic Cells;Unassigned
Meat Proteins;Unassigned
Poultry Proteins;Unassigned
Fish Proteins, Dietary;Unassigned
Grain Proteins;Unassigned
Fruit Proteins;Unassigned
Nut Proteins;Unassigned
Shellfish Proteins;Unassigned
Secretagogues;Unassigned
Nutrients;Unassigned
PC-3 Cells;Unassigned
Nuclear Receptor Interacting Protein 1;Unassigned
Pea Proteins;Unassigned
Substandard Drugs;Unassigned
Milnacipran;Unassigned
Standing Position;Unassigned
Vortioxetine;Unassigned
Mirtazapine;Unassigned
Neuroglobin;Unassigned
Polyacetylene Polymer;Unassigned
Insulin Secretion;Unassigned
Midkine;Unassigned
Cytoglobin;Unassigned
Levomilnacipran;Unassigned
Pregnancy in Obesity;Unassigned
Vaccine-Preventable Diseases;Unassigned
Vaccine Excipients;Unassigned
Necroptosis;Unassigned
Parthanatos;Unassigned
Ferroptosis;Unassigned
Regulated Cell Death;Unassigned
Tumor Necrosis Factor Inhibitors;Unassigned
Genetic Introgression;Unassigned
Vector Borne Diseases;Unassigned
Claustrum;Unassigned
E-Cigarette Vapor;Unassigned
Narcotic-Related Disorders;Unassigned
Immunogenic Cell Death;Unassigned
Mitochondrial Transmembrane Permeability-Driven Necrosis;Unassigned
Rumination Syndrome;Unassigned
Opioid-Induced Constipation;Unassigned
Postoperative Cognitive Complications;Unassigned
Extranodal Extension;Unassigned
Copper Transport Proteins;Unassigned
Copper Transporter 1;Unassigned
RNA, Circular;Unassigned
Brentuximab Vedotin;Unassigned
Gemtuzumab;Unassigned
Protein-Arginine Deiminase Type 4;Unassigned
Cyclams;Unassigned
Anomalous Left Coronary Artery;Unassigned
Univentricular Heart;Unassigned
Congenitally Corrected Transposition of the Great Arteries;Unassigned
Ado-Trastuzumab Emtansine;Unassigned
Inotuzumab Ozogamicin;Unassigned
Protein-Arginine Deiminase Type 1;Unassigned
Protein-Arginine Deiminase Type 3;Unassigned
Protein-Arginine Deiminase Type 2;Unassigned
Protein-Arginine Deiminase Type 6;Unassigned
Contraceptive Agents, Hormonal;Unassigned
SLC31 Proteins;Unassigned
Calicheamicins;Unassigned
Extreme Weather;Unassigned
Hamman-Rich Syndrome;Unassigned
Pancreaticobiliary Maljunction;Unassigned
Chronic Urticaria;Unassigned
Animal Proteins, Dietary;Unassigned
8-Hydroxy-2'-Deoxyguanosine;Unassigned
Pork Meat;Unassigned
DNA, Environmental;Unassigned
Synesthesia;Unassigned
Cyclodialysis Clefts;Unassigned
Uveal Effusion Syndrome;Unassigned
Choroidal Effusions;Unassigned
Meibomian Gland Dysfunction;Unassigned
Optic Nerve Hypoplasia;Unassigned
Familial Exudative Vitreoretinopathies;Unassigned
Retinal Arterial Macroaneurysm;Unassigned
Stargardt Disease;Unassigned
White Dot Syndromes;Unassigned
Multifocal Choroiditis;Unassigned
Birdshot Chorioretinopathy;Unassigned
Mental Foramen;Unassigned
Allergoids;Unassigned
Nanogels;Unassigned
Microgels;Unassigned
Locked-In Syndrome;Unassigned
Cytokine Release Syndrome;Unassigned
Diffuse Intrinsic Pontine Glioma;Unassigned
Asthma-Chronic Obstructive Pulmonary Disease Overlap Syndrome;Unassigned
Acyclic Monoterpenes;Stressor
Sand;Unassigned
Sudden Unexpected Death in Epilepsy;Unassigned
Trichothecenes, Type A;Unassigned
Sialyl Lewis X Antigen;Unassigned
Twinning, Embryonic;Unassigned
Twinning, Dizygotic;Unassigned
Microplastics;Unassigned
Autophagic Cell Death;Unassigned
Macroautophagy;Unassigned
Microautophagy;Unassigned
Chaperone-Mediated Autophagy;Unassigned
Phospholipid Hydroperoxide Glutathione Peroxidase;Unassigned
Salads;Unassigned
Edible Insects;Unassigned
Shape Memory Alloys;Unassigned
Smart Materials;Unassigned
Stimuli Responsive Polymers;Unassigned
Sea Level Rise;Unassigned
Biosolids;Unassigned
Undiagnosed Diseases;Unassigned
Brain Regeneration;Unassigned
Sugar-Sweetened Beverages;Unassigned
Lactate Dehydrogenase 5;Unassigned
Formins;Unassigned
Nucleobindins;Unassigned
Gingipain Cysteine Endopeptidases;Unassigned
Jugular Foramina;Unassigned
R-Loop Structures;Unassigned
Synucleinopathies;Unassigned
Ribosomal Protein L10;Unassigned
Shoulder Dystocia;Unassigned
Infratemporal Fossa;Unassigned
Parapharyngeal Space;Unassigned
Specific Language Disorder;Unassigned
Duocarmycins;Unassigned
Mandibular Nerve Injuries;Unassigned
Homeobox A10 Proteins;Unassigned
Cerebellar Golgi Cells;Unassigned
Broadly Neutralizing Antibodies;Unassigned
Aldehyde Dehydrogenase 1 Family;Unassigned
Post-Cardiac Arrest Syndrome;Unassigned
Bacterial Outer Membrane;Unassigned
Interosseous Membrane;Unassigned
Bone Marrow Failure Disorders;Unassigned
Congenital Bone Marrow Failure Syndromes;Unassigned
Shwachman-Diamond Syndrome;Unassigned
Cyclopentane Monoterpenes;Unassigned
Cyclohexane Monoterpenes;Stressor
Cymenes;Unassigned
Bicyclic Monoterpenes;Unassigned
Hepatic Infarction;Unassigned
Autoimmune Pancreatitis;Unassigned
Dihydrostilbenoids;Unassigned
Ototoxicity;Unassigned
Sphingosine Phosphorylcholine Receptors;Unassigned
Sphingosine-1-Phosphate Receptors;Unassigned
Polyprenols;Unassigned
Toxic Optic Neuropathy;Unassigned
Pulmonary Arterial Hypertension;Unassigned
Myotoxicity;Unassigned
Fatty Acid Elongases;Unassigned
Pancreatitis, Acute Hemorrhagic;Unassigned
Potassium Channels, Sodium-Activated;Unassigned
Heterogeneous Nuclear Ribonucleoprotein D0;Unassigned
Heme-Binding Proteins;Unassigned
Phosphoinositide-3 Kinase Inhibitors;Unassigned
Accidental Injuries;Unassigned
WAP Four-Disulfide Core Domain Protein 2;Unassigned
Epigenome;Unassigned
Drug Collateral Sensitivity;Unassigned
Codon Usage;Unassigned
Monoterpene Aldehydes and Ketones;Unassigned
Primary Immunodeficiency Diseases;Unassigned
Hereditary Complement Deficiency Diseases;Unassigned
Monocyclic Sesquiterpenes;Unassigned
Polycyclic Sesquiterpenes;Unassigned
Stilbestrols;Unassigned
Sennosides;Unassigned
Neurosteroids;Unassigned
Artificially Sweetened Beverages;Unassigned
B-Cell Lymphoma 3 Protein;Unassigned
Sphingosine 1 Phosphate Receptor Modulators;Unassigned
CSK Tyrosine-Protein Kinase;Unassigned
Allylbenzene Derivatives;Unassigned
Occlusion Bodies, Viral;Unassigned
Pyruvate Dehydrogenase Acetyl-Transferring Kinase;Unassigned
Peptidyl-Prolyl Isomerase F;Unassigned
Germinal Center Kinases;Unassigned
Myosin VIIa;Unassigned
SecA Proteins;Unassigned
Trichothecenes, Type B;Unassigned
Trichothecenes, Type C;Unassigned
Bioaccumulation;Unassigned
Squamous Intraepithelial Lesions;Unassigned
Organoiron Compounds;Unassigned
Marathon Running;Unassigned
Heteroplasmy;Unassigned
Crassulacean Acid Metabolism;Unassigned
Immune Checkpoint Inhibitors;Unassigned
Immune Checkpoint Proteins;Unassigned
Internal Hernia;Unassigned
Paraduodenal Hernia;Unassigned
Mast Cell Stabilizers;Unassigned
Clonal Hematopoiesis;Unassigned
Kimura Disease;Unassigned
Plant Defense Against Herbivory;Unassigned
Molecularly Imprinted Polymers;Unassigned
Developmental Dysplasia of the Hip;Unassigned
Preoperative Exercise;Unassigned
Cerebral Cortical Thinning;Unassigned
Microvascular Density;Unassigned
Default Mode Network;Unassigned
Sexual Selection;Unassigned
Warburg Effect, Oncologic;Unassigned
Ovarian Torsion;Unassigned
Aortic Valve Disease;Unassigned
Bicuspid Aortic Valve Disease;Unassigned
Quadricuspid Aortic Valve;Unassigned
Aortico-Ventricular Tunnel;Unassigned
Timbre Perception;Unassigned
Colitis-Associated Neoplasms;Unassigned
Popliteal Artery Entrapment Syndrome;Unassigned
Laminopathies;Unassigned
Reinjuries;Unassigned
X-Linked Emery-Dreifuss Muscular Dystrophy;Unassigned
Autosomal Emery-Dreifuss Muscular Dystrophy;Unassigned
Mitochondrial Permeability Transition Pore;Unassigned
Chronic Exertional Compartment Syndrome;Unassigned
Ischemic Stroke;Unassigned
Thrombotic Stroke;Unassigned
Embolic Stroke;Unassigned
Hemorrhagic Stroke;Unassigned
Uncinate Fasciculus;Unassigned
Persistent Left Superior Vena Cava;Unassigned
Virome;Unassigned
Vertebral Body;Unassigned
Persistent Organic Pollutants;Unassigned
Opiate Overdose;Unassigned
Bacillus thuringiensis Toxins;Unassigned
Masked Mycotoxins;Unassigned
Sexual Arousal;Unassigned
Tinea Cruris;Unassigned
Skeletal Muscle Enlargement;Unassigned
Reinfection;Unassigned
Return of Spontaneous Circulation;Unassigned
Cardiac Papillary Fibroelastoma;Unassigned
Chemotherapy-Related Cognitive Impairment;Unassigned
HaCaT Cells;Unassigned
Semicircular Canal Dehiscence;Unassigned
Vestibulocochlear Physiological Phenomena;Unassigned
Drug Elimination Routes;Unassigned
Hyperthermia;Unassigned
Phytoplasma Disease;Unassigned
Plant Necrosis and Chlorosis;Unassigned
Cell Competition;Unassigned
T Follicular Helper Cells;Unassigned
Retinyl Esters;Unassigned
Tumor-Associated Macrophages;Unassigned
Sympathoadrenal System;Unassigned
Sestrins;Unassigned
Viral Protease Inhibitors;Unassigned
Resistant Starch;Unassigned
Receptors, Coronavirus;Unassigned
Bacteriophage Receptors;Unassigned
Severe Fever with Thrombocytopenia Syndrome;Unassigned
Water Insecurity;Unassigned
Viral Proteases;Unassigned
Latent Infection;Unassigned
Hyperferritinemia;Unassigned
Coronavirus Protease Inhibitors;Unassigned
Prolyl Oligopeptidases;Unassigned
Soil Erosion;Unassigned
Angiotensin-Converting Enzyme 2;Unassigned
Rhamnogalacturonans;Unassigned
Mesothelioma, Malignant;Unassigned
3C Viral Proteases;Unassigned
Viral Papain-like Proteases;Unassigned
Viroporin Proteins;Unassigned
COVID-19;Unassigned
Coronavirus RNA-Dependent RNA Polymerase;Unassigned
Coronavirus Nucleocapsid Proteins;Unassigned
Viral Genome Packaging;Unassigned
Viral Packaging Sequence;Unassigned
Anosmia;Unassigned
COVID-19 Vaccines;Unassigned
Rhinorrhea;Unassigned
Coronavirus 3C Proteases;Unassigned
Uridylate-Specific Endoribonucleases;Unassigned
Coronavirus M Proteins;Unassigned
Coronavirus Papain-Like Proteases;Unassigned
Viral Replicase Complex Proteins;Unassigned
ADP-Ribose 1''-Phosphate Phosphatases;Unassigned
Viral Envelope;Unassigned
Viral Zoonoses;Unassigned
Bacterial Zoonoses;Unassigned
Host Adaptation;Unassigned
Coronavirus Envelope Proteins;Unassigned
Viral Replication Compartments;Unassigned
Blood-Borne Infections;Unassigned
Viral Transcription;Unassigned
Voice Recognition;Unassigned
Mania;Unassigned
Three Finger Toxins;Unassigned
Brain-Gut Axis;Unassigned
mRNA Vaccines;Unassigned
Nucleic Acid-Based Vaccines;Unassigned
Diaschisis;Unassigned
Artificial Virus-Like Particles;Unassigned
Cyanobacteria Toxins;Unassigned
Endotoxin Tolerance;Unassigned
Radiation Fibrosis Syndrome;Unassigned
Uremic Toxins;Unassigned
Anthropogenic Effects;Unassigned
Insular Cortex;Unassigned
Primary Visual Cortex;Unassigned
Dorsolateral Prefrontal Cortex;Unassigned
Fermented Beverages;Unassigned
Cytoplasmic Ribonucleoprotein Granules;Unassigned
Processing Bodies;Unassigned
Stress Granules;Unassigned
Promyelocytic Leukemia Nuclear Bodies;Unassigned
Nuclear Bodies;Unassigned
Nuclear Speckles;Unassigned
Paraspeckles;Unassigned
Germ Cell Ribonucleoprotein Granules;Unassigned
Mandibular Canal;Unassigned
Corticobasal Degeneration;Unassigned
Vascular Depression;Unassigned
Aerosolized Particles and Droplets;Unassigned
Respiratory Aerosols and Droplets;Unassigned
Opsonization;Unassigned
Trogocytosis;Unassigned
MINOCA;Unassigned
Microneme;Unassigned
Dense Core Vesicles;Unassigned
Lamellar Bodies;Unassigned
Exergaming;Unassigned
Persistent Infection;Unassigned
Antigenic Drift and Shift;Unassigned
Listening Effort;Unassigned
Nordic Walking;Unassigned
HCV NS3-4A Protease Inhibitors;Unassigned
Interleukin Inhibitors;Unassigned
Antifibrotic Agents;Unassigned
Coral Bleaching;Unassigned
Body Odor;Unassigned
Genitourinary Agents;Unassigned
Axial Spondyloarthritis;Unassigned
Non-Radiographic Axial Spondyloarthritis;Unassigned
Senescence-Associated Secretory Phenotype;Unassigned
Secretome;Unassigned
Senotherapeutics;Unassigned
Oxygen Saturation;Unassigned
Antiglaucoma Agents;Unassigned
Adjuvants, Vaccine;Unassigned
Doublecortin Domain Proteins;Unassigned
Doublecortin Protein;Unassigned
Fibroblast Growth Factor-23;Unassigned
Doublecortin-Like Kinases;Unassigned
Multidrug Resistance-Associated Protein 2;Unassigned
Chronic Limb-Threatening Ischemia;Unassigned
Shelterin Complex;Unassigned
Xenotropic and Polytropic Retrovirus Receptor;Unassigned
Antimicrobial Peptides;Unassigned
Core Stability;Unassigned
Anticoagulant Reversal Agents;Unassigned
Erythema Ab Igne;Unassigned
ADP-Ribosylation Factor 6;Unassigned
Escitalopram;Unassigned
Stromal Vascular Fraction;Unassigned
Ambulatory Care Sensitive Conditions;Unassigned
Molybdenum Cofactors;Unassigned
CLC-2 Chloride Channels;Unassigned
Metallothionein 3;Unassigned
Sentiment Analysis;Unassigned
Abdominal Core;Unassigned
Kruppel-Like Factor 4;Unassigned
Proto-Oncogene Mas;Unassigned
Antiviral Restriction Factors;Unassigned
Livedoid Vasculopathy;Unassigned
Viperin Protein;Unassigned
Intestinal Failure;Unassigned
Zn-Alpha-2-Glycoprotein;Unassigned
Mesothelin;Unassigned
DNA Methyltransferase 3A;Unassigned
Nucleophosmin;Unassigned
Leucine-Rich Repeat Proteins;Unassigned
UDP-Glucuronosyltransferase 1A9;Unassigned
Klotho Proteins;Unassigned
Chromobox Protein Homolog 5;Unassigned
Mast Cell Activation Syndrome;Unassigned
Focal Facial Dermal Dysplasias;Unassigned
Homeobox Protein Nkx-2.2;Unassigned
Mannose Receptor;Unassigned
Tumor Protein, Translationally-Controlled 1;Unassigned
Plant Cone;Unassigned
Mast Cell Activation Disorders;Unassigned
Dissolved Organic Matter;Unassigned
Iron Deficiencies;Unassigned
Phase Variation;Unassigned
Homozygous Familial Hypercholesterolemia;Unassigned
Luciferins;Unassigned
Collagen Type I, alpha 1 Chain;Unassigned
Mitochondrial Precursor Protein Import Complex Proteins;Unassigned
Anaerobic Ammonia Oxidation;Unassigned
Neuro-Oncological Ventral Antigen;Unassigned
Hippo Signaling Pathway;Unassigned
Constitutive Androstane Receptor;Unassigned
Dihydroorotate Dehydrogenase;Unassigned
Serine-Threonine Kinase 3;Unassigned
Cytochrome P-450 CYP2J2;Unassigned
Nanoparticle Drug Delivery System;Unassigned
rab7 GTP-Binding Proteins;Unassigned
mu-Crystallins;Unassigned
Ribosomal Protein L3;Unassigned
Neuroinflammatory Diseases;Unassigned
Thromboinflammation;Unassigned
Designed Ankyrin Repeat Proteins;Unassigned
Delta-5 Fatty Acid Desaturase;Unassigned
BNT162 Vaccine;Unassigned
2019-nCoV Vaccine mRNA-1273;Unassigned
Ad26COVS1;Unassigned
ChAdOx1 nCoV-19;Unassigned
Reelin Protein;Unassigned
Gamma Secretase Inhibitors and Modulators;Unassigned
Angiomotins;Unassigned
Decellularized Extracellular Matrix;Unassigned
YAP-Signaling Proteins;Unassigned
AMP-Activated Protein Kinase Kinases;Unassigned
MTOR Inhibitors;Unassigned
Ribosomal Protein S9;Unassigned
Immunological Memory Cells;Unassigned
Memory B Cells;Unassigned
Memory T Cells;Unassigned
TEA Domain Transcription Factors;Unassigned
Vestibular System;Unassigned
Protein Kinase D2;Unassigned
Nitrate Transporters;Unassigned
Angiopoietin-Like Protein 2;Unassigned
Angiopoietin-Like Protein 3;Unassigned
Angiopoietin-Like Protein 1;Unassigned
Angiopoietin-Like Protein 8;Unassigned
Angiopoietin-Like Protein 7;Unassigned
Angiopoietin-Like Protein 6;Unassigned
Psychogenic Nonepileptic Seizures;Unassigned
Endoplasmic Reticulum Chaperone BiP;Unassigned
Organocopper Compounds;Unassigned
Filaggrin Proteins;Unassigned
Protein Glutamine gamma Glutamyltransferase 2;Unassigned
Tripeptidyl-Peptidase 1;Unassigned
PCSK9 Inhibitors;Unassigned
Protocadherins;Unassigned
Transcriptional Coactivator with PDZ-Binding Motif Proteins;Unassigned
Immunomodulating Agents;Unassigned
Plant Senescence;Unassigned
Prohibitins;Unassigned
Cell Death Reversal;Unassigned
Deep Eutectic Solvents;Unassigned
Biomolecular Condensates;Unassigned
Weight Cycling;Unassigned
Urogenital Diseases;Unassigned
Genital Diseases;Unassigned
Drought Resistance;Unassigned
Tyrosine Kinase Inhibitors;Unassigned
Insulin Secretagogues;Unassigned
Bronchiolitis Obliterans Syndrome;Unassigned
Organizing Pneumonia;Unassigned
PPAR-gamma Agonists;Unassigned
Platypnea Orthodeoxia Syndrome;Unassigned
Urticaria, Solar;Unassigned
Pancreas Divisum;Unassigned
Crystalluria;Unassigned
Tympanosclerosis;Unassigned
Lagophthalmos;Unassigned
Calcinosis Cutis;Unassigned
Apical Hypertrophic Cardiomyopathy;Unassigned
Exercise-Induced Allergies;Unassigned
Focal Cortical Dysplasia;Unassigned
Hippocampal Sclerosis;Unassigned
Tuberculosis, Extrapulmonary;Unassigned
Ventricular Outflow Obstruction, Left;Unassigned
Ventricular Outflow Obstruction, Right;Unassigned
Isolated Systolic Hypertension;Unassigned
Multiple Amputations, Traumatic;Unassigned
MDA-MB-231 Cells;Unassigned
M Cells;Unassigned
Polypoidal Choroidal Vasculopathy;Unassigned
Venom Hypersensitivity;Unassigned
Limbal Stem Cell Deficiency;Unassigned
Knee Fractures;Unassigned
Patella Fracture;Unassigned
Tibial Plateau Fractures;Unassigned
Elbow Injuries;Unassigned
Radial Head and Neck Fractures;Unassigned
Bromodomain Containing Proteins;Unassigned
Olecranon Fracture;Unassigned
Elbow Fractures;Unassigned
Humeral Fractures, Distal;Unassigned
Renin Inhibitors;Unassigned
Wrist Fractures;Unassigned
Fibula Fractures;Unassigned
Femoral Fractures, Distal;Unassigned
Hoffa Fracture;Unassigned
Proximal Femoral Fractures;Unassigned
Dust Mite Allergy;Unassigned
Allergic Fungal Sinusitis;Unassigned
Drug Fever;Unassigned
FODMAP Diet;Unassigned
Schlemm's Canal;Unassigned
Meibomitis;Unassigned
Chronic Kidney Diseases of Uncertain Etiology;Unassigned
Elimination Diets;Unassigned
Food, Processed;Unassigned
Partial Weight-Bearing;Unassigned
Interleukin-6 Inhibitors;Unassigned
Limbal Stem Cells;Unassigned
Non-Muscle Invasive Bladder Neoplasms;Unassigned
Lymphocyte Activation Gene 3 Protein;Unassigned
Prorenin Receptor;Unassigned
Dietary Advanced Glycation End Products;Unassigned
Glycated Serum Proteins;Unassigned
Glycated Serum Albumin;Unassigned
Gemcitabine;Unassigned
Uterine Didelphys;Unassigned
Uterine Duplication Anomalies;Unassigned
Bicornuate Uterus;Unassigned
Septate Uterus;Unassigned
Immunonutrition Diet;Unassigned
Breakthrough Infections;Unassigned
Random Forest;Unassigned
Antiglycation Agents;Unassigned
Intermittent Fasting;Unassigned
Matrines;Unassigned
Quinolizidine Alkaloids;Unassigned
Glycated Proteins;Unassigned
Mixed Dementias;Unassigned
Congenital Cranial Dysinnervation Disorders;Unassigned
Post-Acute COVID-19 Syndrome;Unassigned
Post-Infectious Disorders;Unassigned
Lupanes;Unassigned
Betulinic Acid;Unassigned
Polyhydroxybutyrates;Unassigned
Low Anterior Resection Syndrome;Unassigned
Plant Systemic Acquired Resistance;Unassigned
Phytoalexins;Unassigned
Microphysiological Systems;Unassigned
Dropped Head Syndrome;Unassigned
Medium Spiny Neurons;Unassigned
Proteolysis Targeting Chimera;Unassigned
Schaffer Collaterals;Unassigned
Piwi-Interacting RNA;Unassigned
Sperm Proteins;Unassigned
Carbohydrate Binding Modules;Unassigned
Anabolic Androgenic Steroids;Unassigned
Sleep Duration;Unassigned
Epigenetic Memory;Unassigned
Myotendinous Junction;Unassigned
Hypothalamic-Pituitary-Gonadal Axis;Unassigned
T-Cell Exhaustion;Unassigned
Trained Immunity;Unassigned
Symbiont Induced Cytoplasmic Incompatibility;Unassigned
Proteotoxic Stress;Unassigned
Ocean Acidification;Unassigned
RNA Replication;Unassigned
Innate Immunity Recognition;Unassigned
Chronotype;Unassigned
Ribosome Shunting;Unassigned
Chronic Inducible Urticaria;Unassigned
Combined Antibody Therapeutics;Unassigned
Gasdermins;Unassigned
Global Longitudinal Strain;Unassigned
Developmental Defects of Enamel;Unassigned
Dental Enamel Hypomineralization;Unassigned
Molar Hypomineralization;Unassigned
Popliteal Artery Aneurysm;Unassigned
Ehlers-Danlos Syndrome, Type IV;Unassigned
Aortic Aneurysm, Thoracoabdominal;Unassigned
Aneurysm, Ascending Aorta;Unassigned
Aneurysm, Aortic Arch;Unassigned
Descending Thoracic Aortic Aneurysm;Unassigned
Aortic Root Aneurysm;Unassigned
Dissection, Thoracic Aorta;Unassigned
Dissection, Ascending Aorta;Unassigned
Dissection, Abdominal Aorta;Unassigned
Thymic Stromal Lymphopoietin;Unassigned
beta-Galactoside alpha-2,3-Sialyltransferase;Unassigned
Seminal Proteins;Unassigned
Dissection, Blood Vessel;Unassigned
Aortic Intramural Hematoma;Unassigned
Penetrating Atherosclerotic Ulcer;Unassigned
Acute Aortic Syndrome;Unassigned
RNA, Guide, CRISPR-Cas Systems;Unassigned
Sinistral Portal Hypertension;Unassigned
Idiopathic Noncirrhotic Portal Hypertension;Unassigned
Secreted Frizzled-Related Proteins;Unassigned
Subgenomic RNA;Unassigned
Phytosomes;Unassigned
Glutathione Peroxidase GPX1;Unassigned
DNA Polymerase iota;Unassigned
beta-D-Galactoside alpha 2-6-Sialyltransferase;Unassigned
Nociceptin Receptor;Unassigned
Axl Receptor Tyrosine Kinase;Unassigned
Synthetic Cathinone;Unassigned
Delta Catenin;Unassigned
Interferon Lambda;Unassigned
Overtraining Syndrome;Unassigned
Cyclin-Dependent Kinase-Activating Kinase;Unassigned
Anthrones;Unassigned
Dietary Patterns;Unassigned
Trace Amine-Associated Receptors;Unassigned
Pathologic Complete Response;Unassigned
RNA, Competitive Endogenous;Unassigned
Super Enhancers;Unassigned
Bulk Drugs;Unassigned
Tuft Cells;Unassigned
Phase Separation;Unassigned
Enhancer RNAs;Unassigned
Diet, Plant-Based;Unassigned
Cytopenia;Unassigned
Epicardial Adipose Tissue;Unassigned
Propionyl-Coenzyme A Carboxylase;Unassigned
Angucyclines and Angucyclinones;Unassigned
Benzoisochromanequinones;Unassigned
Pradimicins and Benanomicins;Unassigned
Intestinal Barrier Function;Unassigned
Polyether Polyketides;Unassigned
Polyether Toxins;Unassigned
Amphidinols;Unassigned
Red Light;Unassigned
Blue Light;Unassigned
Inferior Olivary Complex;Unassigned
Olivary Degeneration;Unassigned
ProTides;Unassigned
Immune System Exhaustion;Unassigned
T-Cell Senescence;Unassigned
Meat Substitutes;Unassigned
Melanogenesis;Unassigned
Bacterial Lysates;Unassigned
Hypertensive Crisis;Unassigned
Post-Exercise Recovery;Unassigned
Sterilizing Immunity;Unassigned
BNT162b5;Unassigned
Mitochondrial Processing Peptidase;Unassigned
Melanoma, Cutaneous Malignant;Unassigned
Protein Subunit Vaccines;Unassigned
Mitochondria Associated Membranes;Unassigned
Endothelial-Mesenchymal Transition;Unassigned
Vernalization;Unassigned
Genetic Risk Score;Unassigned
Angiogenesis;Unassigned
Host Tropism;Unassigned
Periostin;Unassigned
Spirooxindoles;Unassigned
Green Light;Unassigned
Receptor, Serotonin, 5-HT1F;Unassigned
Ramucirumab;Unassigned
Non-Erosive Reflux Disease;Unassigned
Aflatoxin Poisoning;Unassigned
Cold Urticaria;Unassigned
Cannabinoid Hyperemesis Syndrome;Unassigned
Cystitis, Hemorrhagic;Unassigned
CEACAM1 Protein;Unassigned
Mosquito-Borne Diseases;Unassigned
Interferon gamma Receptor;Unassigned
Ross River Virus Infection;Unassigned
Insulin-Like Peptides;Unassigned
Neurexins;Unassigned
Neuroligins;Unassigned
Imprinting Disorders;Unassigned
Chronic Cough;Unassigned
Cough-Variant Asthma;Unassigned
Rhinosinusitis;Unassigned
Cavernous Sinus Syndromes;Unassigned
Micropeptides;Unassigned
In Vitro Meat;Unassigned
K Cl- Cotransporters;Unassigned
Frataxin;Unassigned
Solute Carrier Family 12;Unassigned
Benzenesulfonamides;Unassigned
AIRE Protein;Unassigned
Translesion DNA Synthesis;Unassigned
Nudix Hydrolases;Unassigned
Urea Transporters;Unassigned
Ginkgo Extract;Unassigned
Calponins;Unassigned
Gap Junction beta-1 Protein;Unassigned
Gap Junction alpha-5 Protein;Unassigned
Gap Junction delta-2 Protein;Unassigned
Gap Junction alpha-4 Protein;Unassigned
Nanovaccines;Unassigned
Acylphosphatase;Unassigned
Interleukin-22;Unassigned
Kir5.1 Channel;Unassigned
Bioenhancers;Unassigned
DNA Damage Tolerance;Unassigned
Rosmarinic Acid;Unassigned
Bothrops jararaca Venom;Unassigned
Excision Repair;Unassigned
ATP-Binding Cassette Sub-Family B Member 4;Unassigned
Efferocytosis;Unassigned
Ursolic Acid;Unassigned
Peptidyl-Prolyl Isomerase D;Unassigned
CD68 Molecule;Unassigned
Centrosomal Associated Proteins;Unassigned
Peroxidasin;Unassigned
Amphidinolides;Unassigned
DNA Polymerase theta;Unassigned
Bioactive Peptides, Dietary;Unassigned
delta-1-Pyrroline-5-Carboxylate Reductase;Unassigned
Neuroserpin;Unassigned
Hemosiderosis, Pulmonary;Unassigned
Tibiofemoral Joint;Unassigned
Iodothyronine Deiodinase Type II;Unassigned
Cyclophanes;Unassigned
Pleuromutilins;Unassigned
Matrix Gla Protein;Unassigned
Cefpirome;Unassigned
Red Fluorescent Protein;Unassigned
Eukaryotic Translation Initiation Factor 5A;Unassigned
Homeobox Protein PITX2;Unassigned
Ceftaroline;Unassigned
DNA Methyltransferase 3B;Unassigned
SS-B Antigen;Unassigned
Cefozopran;Unassigned
Sterol O-Acyltransferase 2;Unassigned
Cefiderocol;Unassigned
Dyrk Kinases;Unassigned
Ficolins;Unassigned
Sigma-1 Receptor;Unassigned
Exportin 1 Protein;Unassigned
Homeobox Protein SIX3;Unassigned
UDP Xylose-Protein Xylosyltransferase;Unassigned
Cefpodoxime;Unassigned
Rabphilin-3A;Unassigned
HLA-E Antigens;Unassigned
Cefpodoxime Proxetil;Unassigned
Chemokine Receptor D6;Unassigned
Nociceptin;Unassigned
Inosine Triphosphatase;Unassigned
Galactoside 2-alpha-L-fucosyltransferase;Unassigned
GADD45 Proteins;Unassigned
Dexpramipexole;Unassigned
Polyamine Oxidase;Unassigned
Pseudomonas aeruginosa Exotoxin A;Unassigned
Dammaranes;Unassigned
Cefprozil;Unassigned
Lamin B Receptor;Unassigned
Cohesins;Unassigned
Myokines;Unassigned
Patient-Ventilator Asynchrony;Unassigned
Polypeptide N-acetylgalactosaminyltransferase;Unassigned
ETS Translocation Variant 6 Protein;Unassigned
RAC2 GTP-Binding Protein;Unassigned
Mitogen-Activated Protein Kinase Kinase Kinase 11;Unassigned
Retinoic Acid Receptor gamma;Unassigned
Puberty Inhibitors;Unassigned
NF-kappaB-Inducing Kinase;Unassigned
Metabolic Reprogramming;Unassigned
Glucagon-Like Peptide-1 Receptor Agonists;Unassigned
Secreted Aspartic Proteases;Unassigned
Degrons;Unassigned
Tissue Inhibitor of Metalloproteinase-4;Unassigned
Legumins;Unassigned
Kalinin;Unassigned
ATPase Inhibitory Protein;Unassigned
Nucleolin;Unassigned
Glyphosate;Unassigned
Food Loss and Waste;Unassigned
CD83 Antigen;Unassigned
Ganglionic Eminence;Unassigned
Collagen Type XVII;Unassigned
GluK2 Kainate Receptor;Unassigned
GluK3 Kainate Receptor;Unassigned
Transcription Factor MTF-1;Unassigned
Thyroid Hormone-Binding Proteins;Unassigned
Carbohydrate Sulfotransferases;Unassigned
Emotional Exhaustion;Unassigned
Elastin-Like Polypeptides;Unassigned
Stemona Alkaloids;Unassigned
Protein Phosphatase Inhibitory Proteins;Unassigned
Indolosesquiterpenes;Unassigned
Extravillous Trophoblasts;Unassigned
Ectodermal Placodes;Unassigned
Polo-like Kinases;Unassigned
Polo-Like Kinase 1;Unassigned
Solute Carrier Family 44, Member 2 Protein;Unassigned
beta Lactam Antibiotics;Unassigned
Two-Pore Channels;Unassigned
First Generation Cephalosporins;Unassigned
Roundabout Proteins;Unassigned
RNA Methylation;Unassigned
Retrograde Ejaculation;Unassigned
Second Generation Cephalosporins;Unassigned
Ejaculatory Dysfunction;Unassigned
Third Generation Cephalosporins;Unassigned
Toll-Like Receptor Agonists;Unassigned
Paraptosis;Unassigned
Hearing Loss, Hidden;Unassigned
ERRalpha Estrogen-Related Receptor;Unassigned
Large Language Models;Unassigned
Street Food;Unassigned
Intelligent Systems;Unassigned
Boosting Machine Learning Algorithms;Unassigned
Dimensionality Reduction;Unassigned
Ensemble Learning;Unassigned
Federated Learning;Unassigned
Reinforcement Machine Learning;Unassigned
Representation Machine Learning;Unassigned
Transfer Machine Learning;Unassigned
Prediction Methods, Machine;Unassigned
Predictive Learning Models;Unassigned
Particle Swarm Optimization;Unassigned
Pattern Analysis, Machine;Unassigned
Convolutional Neural Networks;Unassigned
Long Short Term Memory;Unassigned
Cellular Neural Networks, Computer;Unassigned
Feedforward Neural Networks;Unassigned
Extreme Learning Machines;Unassigned
Multilayer Perceptrons;Unassigned
Graph Neural Networks;Unassigned
Radial Basis Function Networks;Unassigned
Recurrent Neural Networks;Unassigned
Hopfield Neural Networks;Unassigned
Adaptive Algorithms;Unassigned
Generative Adversarial Networks;Unassigned
Backtracking Algorithms;Unassigned
Classification Algorithms;Unassigned
Clustering Algorithms;Unassigned
Compression Algorithms;Unassigned
Detection Algorithms;Unassigned
Dynamic Programming;Unassigned
Genetic Algorithms;Unassigned
Machine Learning Algorithms;Unassigned
Parallel Algorithms;Unassigned
Prediction Algorithms;Unassigned
Autoencoder;Unassigned
Hidden Markov Models;Unassigned
Multiple-Instance Learning Algorithms;Unassigned
Coccidioidal Meningitis;Unassigned
Congenital Portosystemic Shunt;Unassigned
Myelin Oligodendrocyte Glycoprotein Antibody-Associated Disease;Unassigned
Interleukin-21;Unassigned
Structural Maintenance of Chromosome Protein 1;Unassigned
Prospero-Related Homeobox 1 Protein;Unassigned
Slit Homolog 2 Protein;Unassigned
Nicotinate-Nucleotide Diphosphorylase (Carboxylating);Unassigned
mRNA Guanylyltransferases;Unassigned
Periodization;Unassigned
Mesolimbic System;Unassigned
Disulfidptosis;Unassigned
Seven in Absentia Proteins;Unassigned
Gene Therapy Agents;Unassigned
Vaso-Occlusive Crises;Unassigned
Guttate Psoriasis;Unassigned
Nociplastic Pain;Unassigned
Vasodilator-Stimulated Phosphoprotein;Unassigned
Steroidogenic Acute Regulatory Protein;Unassigned
Bisphenols;Unassigned
Taste Receptors, Type 2;Unassigned
Ferroportin;Unassigned
Diphenyl Sulfone Compounds;Unassigned
T-bet Transcription Factor;Unassigned
Oxysterol Binding Proteins;Unassigned
Bisphenol A Compounds;Stressor
Polycarbonates;Unassigned
Paternal Death;Unassigned
AICDA (Activation-Induced Cytidine Deaminase);Unassigned
Bisphenol S Compounds;Unassigned
Transcription Factor TFIIIC;Unassigned
Bisphenol F Compounds;Unassigned
Ubiquitin-Conjugating Enzyme UBC9;Unassigned
Developmental Origins of Health and Disease;Unassigned
Polymorphic Catecholaminergic Ventricular Tachycardia;Unassigned
Carboranes;Unassigned
Polyether Compounds;Unassigned
Podoplanin;Unassigned
Kcnj10 Channel;Unassigned
Collapsin Response Mediator Protein 1;Unassigned
Cronkhite-Canada Syndrome;Unassigned
Long-Chain-Fatty-Acid-CoA Ligase;Unassigned
Tirzepatide;Unassigned
T Lineage-Specific Activation Antigen 1;Unassigned
Cocaine- and Amphetamine-Regulated Transcript Protein;Unassigned
CD163 Antigen;Unassigned
Skin Microbiome;Unassigned
Seashore;Unassigned
R-Spondins;Unassigned
Brachyury Protein;Unassigned
Bisphenol B Compounds;Unassigned
Uveal Melanoma;Unassigned
Cerebellar Cognitive Affective Syndrome;Unassigned
Community-Acquired Pneumonia;Unassigned
Fluorescent Chemosensor Compounds;Unassigned
Emphysematous Pyelonephritis;Unassigned
Fetus-in-Fetu;Unassigned
Cloacal Exstrophy;Unassigned
RNA Damage;Unassigned
Climate Anxiety;Unassigned
CRF Receptor, Type 1;Unassigned
Histidine-Rich Glycoprotein;Unassigned
Exostosin Glycosyltransferase Family;Unassigned
Exostosin 1;Unassigned
OEIS Complex;Unassigned
Exostosin 2;Unassigned
Atrophic Maxilla;Unassigned
Blastic Plasmacytoid Dendritic Cell Neoplasm;Unassigned
Foveomacular Retinitis;Unassigned
Oral Allergy Syndrome;Unassigned
Diabesity;Unassigned
Biosurfactants;Unassigned
RNA, Z-Form;Unassigned
Specialized Pro-Resolving Mediators;Unassigned
Advanced Maternal Age;Unassigned
Peripartum Cardiomyopathy;Unassigned
